variable,x_value,probability
bio_12,550.0,0.20320215821266174
bio_12,558.0301003344482,0.20320215821266174
bio_12,566.0602006688963,0.4829908311367035
bio_12,574.0903010033445,0.2693989872932434
bio_12,582.1204013377926,0.2693989872932434
bio_12,590.1505016722408,0.2693989872932434
bio_12,598.180602006689,0.2693989872932434
bio_12,606.2107023411371,0.2693989872932434
bio_12,614.2408026755853,0.2693989872932434
bio_12,622.2709030100334,0.2693989872932434
bio_12,630.3010033444816,0.2693989872932434
bio_12,638.3311036789298,0.2693989872932434
bio_12,646.3612040133779,0.2693989872932434
bio_12,654.3913043478261,0.2693989872932434
bio_12,662.4214046822742,0.2693989872932434
bio_12,670.4515050167224,0.2693989872932434
bio_12,678.4816053511706,0.2693989872932434
bio_12,686.5117056856187,0.2693989872932434
bio_12,694.5418060200669,0.2693989872932434
bio_12,702.571906354515,0.2693989872932434
bio_12,710.6020066889632,0.2693989872932434
bio_12,718.6321070234114,0.2693989872932434
bio_12,726.6622073578595,0.2693989872932434
bio_12,734.6923076923077,0.2693989872932434
bio_12,742.7224080267558,0.2693989872932434
bio_12,750.752508361204,0.2693989872932434
bio_12,758.7826086956522,0.2693989872932434
bio_12,766.8127090301003,0.2693989872932434
bio_12,774.8428093645484,0.2693989872932434
bio_12,782.8729096989966,0.2693989872932434
bio_12,790.9030100334448,0.2693989872932434
bio_12,798.933110367893,0.2693989872932434
bio_12,806.9632107023411,0.2693989872932434
bio_12,814.9933110367892,0.2693989872932434
bio_12,823.0234113712374,0.2693989872932434
bio_12,831.0535117056857,0.2693989872932434
bio_12,839.0836120401339,0.2693989872932434
bio_12,847.113712374582,0.2693989872932434
bio_12,855.14381270903,0.2693989872932434
bio_12,863.1739130434783,0.2693989872932434
bio_12,871.2040133779265,0.2693989872932434
bio_12,879.2341137123747,0.2693989872932434
bio_12,887.2642140468228,0.2693989872932434
bio_12,895.2943143812709,0.2693989872932434
bio_12,903.3244147157191,0.2693989872932434
bio_12,911.3545150501673,0.2693989872932434
bio_12,919.3846153846155,0.2693989872932434
bio_12,927.4147157190636,0.2693989872932434
bio_12,935.4448160535117,0.2693989872932434
bio_12,943.4749163879599,0.2693989872932434
bio_12,951.5050167224081,0.2693989872932434
bio_12,959.5351170568563,0.2693989872932434
bio_12,967.5652173913044,0.2693989872932434
bio_12,975.5953177257525,0.2693989872932434
bio_12,983.6254180602007,0.2693989872932434
bio_12,991.6555183946489,0.2693989872932434
bio_12,999.685618729097,0.2693989872932434
bio_12,1007.7157190635452,0.2693989872932434
bio_12,1015.7458193979933,0.2693989872932434
bio_12,1023.7759197324415,0.2693989872932434
bio_12,1031.8060200668897,0.2693989872932434
bio_12,1039.8361204013377,0.2693989872932434
bio_12,1047.866220735786,0.2693989872932434
bio_12,1055.896321070234,0.2693989872932434
bio_12,1063.9264214046823,0.2693989872932434
bio_12,1071.9565217391305,0.2693989872932434
bio_12,1079.9866220735785,0.2693989872932434
bio_12,1088.016722408027,0.2693989872932434
bio_12,1096.046822742475,0.2693989872932434
bio_12,1104.076923076923,0.2693989872932434
bio_12,1112.1070234113713,0.2693989872932434
bio_12,1120.1371237458193,0.2693989872932434
bio_12,1128.1672240802677,0.2693989872932434
bio_12,1136.1973244147157,0.2693989872932434
bio_12,1144.227424749164,0.2693989872932434
bio_12,1152.257525083612,0.2693989872932434
bio_12,1160.28762541806,0.2693989872932434
bio_12,1168.3177257525085,0.2693989872932434
bio_12,1176.3478260869565,0.2693989872932434
bio_12,1184.3779264214047,0.2693989872932434
bio_12,1192.408026755853,0.2693989872932434
bio_12,1200.438127090301,0.2693989872932434
bio_12,1208.4682274247493,0.2693989872932434
bio_12,1216.4983277591973,0.2693989872932434
bio_12,1224.5284280936455,0.2693989872932434
bio_12,1232.5585284280937,0.2693989872932434
bio_12,1240.5886287625417,0.2693989872932434
bio_12,1248.6187290969901,0.2693989872932434
bio_12,1256.6488294314381,0.2693989872932434
bio_12,1264.6789297658863,0.2693989872932434
bio_12,1272.7090301003345,0.2693989872932434
bio_12,1280.7391304347825,0.2693989872932434
bio_12,1288.769230769231,0.2693989872932434
bio_12,1296.799331103679,0.2693989872932434
bio_12,1304.8294314381271,0.2693989872932434
bio_12,1312.8595317725753,0.2693989872932434
bio_12,1320.8896321070233,0.2693989872932434
bio_12,1328.9197324414718,0.2693989872932434
bio_12,1336.9498327759197,0.36052700877189636
bio_12,1344.979933110368,0.36052700877189636
bio_12,1353.0100334448161,0.36052700877189636
bio_12,1361.0401337792641,0.36052700877189636
bio_12,1369.0702341137126,0.36052700877189636
bio_12,1377.1003344481605,0.36052700877189636
bio_12,1385.1304347826087,0.36052700877189636
bio_12,1393.160535117057,0.36052700877189636
bio_12,1401.190635451505,0.36052700877189636
bio_12,1409.2207357859534,0.36052700877189636
bio_12,1417.2508361204013,0.36052700877189636
bio_12,1425.2809364548496,0.36052700877189636
bio_12,1433.3110367892978,0.36052700877189636
bio_12,1441.3411371237457,0.36052700877189636
bio_12,1449.371237458194,0.36052700877189636
bio_12,1457.4013377926422,0.36052700877189636
bio_12,1465.4314381270904,0.36052700877189636
bio_12,1473.4615384615386,0.36052700877189636
bio_12,1481.4916387959865,0.36052700877189636
bio_12,1489.5217391304348,0.36052700877189636
bio_12,1497.551839464883,0.36052700877189636
bio_12,1505.5819397993312,0.36052700877189636
bio_12,1513.6120401337794,0.36052700877189636
bio_12,1521.6421404682274,0.36052700877189636
bio_12,1529.6722408026756,0.36052700877189636
bio_12,1537.7023411371238,0.36052700877189636
bio_12,1545.732441471572,0.36052700877189636
bio_12,1553.7625418060202,0.36052700877189636
bio_12,1561.7926421404682,0.36052700877189636
bio_12,1569.8227424749164,0.2204550951719284
bio_12,1577.8528428093646,0.2204550951719284
bio_12,1585.8829431438128,0.2204550951719284
bio_12,1593.913043478261,0.2204550951719284
bio_12,1601.943143812709,0.2204550951719284
bio_12,1609.9732441471572,0.2204550951719284
bio_12,1618.0033444816054,0.2204550951719284
bio_12,1626.0334448160536,0.2204550951719284
bio_12,1634.0635451505018,0.2204550951719284
bio_12,1642.0936454849498,0.2204550951719284
bio_12,1650.123745819398,0.2204550951719284
bio_12,1658.1538461538462,0.2204550951719284
bio_12,1666.1839464882944,0.2204550951719284
bio_12,1674.2140468227426,0.2204550951719284
bio_12,1682.2441471571906,0.2204550951719284
bio_12,1690.2742474916388,0.2204550951719284
bio_12,1698.304347826087,0.2204550951719284
bio_12,1706.3344481605352,0.2204550951719284
bio_12,1714.3645484949834,0.2204550951719284
bio_12,1722.3946488294314,0.2204550951719284
bio_12,1730.4247491638796,0.2204550951719284
bio_12,1738.4548494983278,0.2204550951719284
bio_12,1746.484949832776,0.2204550951719284
bio_12,1754.5150501672242,0.2204550951719284
bio_12,1762.5451505016722,0.2204550951719284
bio_12,1770.5752508361204,0.2204550951719284
bio_12,1778.6053511705686,0.2204550951719284
bio_12,1786.6354515050168,0.2204550951719284
bio_12,1794.665551839465,0.2204550951719284
bio_12,1802.695652173913,0.2204550951719284
bio_12,1810.7257525083612,0.2204550951719284
bio_12,1818.7558528428094,0.2204550951719284
bio_12,1826.7859531772576,0.2204550951719284
bio_12,1834.8160535117058,0.2204550951719284
bio_12,1842.8461538461538,0.2204550951719284
bio_12,1850.876254180602,0.2204550951719284
bio_12,1858.9063545150502,0.2204550951719284
bio_12,1866.9364548494984,0.2204550951719284
bio_12,1874.9665551839464,0.2204550951719284
bio_12,1882.9966555183946,0.2204550951719284
bio_12,1891.0267558528428,0.2204550951719284
bio_12,1899.056856187291,0.2204550951719284
bio_12,1907.0869565217392,0.2204550951719284
bio_12,1915.1170568561872,0.2204550951719284
bio_12,1923.1471571906354,0.2204550951719284
bio_12,1931.1772575250836,0.2204550951719284
bio_12,1939.2073578595318,0.2204550951719284
bio_12,1947.23745819398,0.2204550951719284
bio_12,1955.267558528428,0.2204550951719284
bio_12,1963.2976588628762,0.2204550951719284
bio_12,1971.3277591973244,0.2204550951719284
bio_12,1979.3578595317726,0.2204550951719284
bio_12,1987.3879598662209,0.2204550951719284
bio_12,1995.4180602006688,0.2204550951719284
bio_12,2003.448160535117,0.2204550951719284
bio_12,2011.4782608695652,0.2204550951719284
bio_12,2019.5083612040135,0.2204550951719284
bio_12,2027.5384615384617,0.2204550951719284
bio_12,2035.5685618729096,0.2204550951719284
bio_12,2043.5986622073578,0.2204550951719284
bio_12,2051.6287625418063,0.2204550951719284
bio_12,2059.6588628762543,0.2204550951719284
bio_12,2067.6889632107022,0.2204550951719284
bio_12,2075.7190635451507,0.2204550951719284
bio_12,2083.7491638795987,0.2204550951719284
bio_12,2091.7792642140466,0.0
bio_12,2099.809364548495,0.0
bio_12,2107.8394648829435,0.0
bio_12,2115.869565217391,0.0
bio_12,2123.8996655518395,0.0
bio_12,2131.929765886288,0.0
bio_12,2139.959866220736,0.0
bio_12,2147.989966555184,0.0
bio_12,2156.0200668896323,0.0
bio_12,2164.0501672240803,0.0
bio_12,2172.0802675585282,0.0
bio_12,2180.1103678929767,0.0
bio_12,2188.140468227425,0.0
bio_12,2196.1705685618726,0.0
bio_12,2204.200668896321,0.0
bio_12,2212.2307692307695,0.0
bio_12,2220.2608695652175,0.0
bio_12,2228.2909698996655,0.0
bio_12,2236.321070234114,0.0
bio_12,2244.351170568562,0.0
bio_12,2252.38127090301,0.0
bio_12,2260.4113712374583,0.0
bio_12,2268.4414715719067,0.0
bio_12,2276.4715719063543,0.0
bio_12,2284.5016722408027,0.0
bio_12,2292.531772575251,0.0
bio_12,2300.561872909699,0.0
bio_12,2308.591973244147,0.0
bio_12,2316.6220735785955,0.0
bio_12,2324.6521739130435,0.0
bio_12,2332.6822742474915,0.0
bio_12,2340.71237458194,0.0
bio_12,2348.742474916388,0.0
bio_12,2356.772575250836,0.0
bio_12,2364.8026755852843,0.0
bio_12,2372.8327759197327,0.0
bio_12,2380.8628762541807,0.0
bio_12,2388.8929765886287,0.0
bio_12,2396.923076923077,0.0
bio_12,2404.953177257525,0.0
bio_12,2412.983277591973,0.0
bio_12,2421.0133779264215,0.0
bio_12,2429.0434782608695,0.0
bio_12,2437.0735785953175,0.0
bio_12,2445.103678929766,0.0
bio_12,2453.1337792642144,0.0
bio_12,2461.1638795986623,0.0
bio_12,2469.1939799331103,0.0
bio_12,2477.2240802675587,0.0
bio_12,2485.2541806020067,0.0
bio_12,2493.2842809364547,0.0
bio_12,2501.314381270903,0.0
bio_12,2509.344481605351,0.0
bio_12,2517.374581939799,0.0
bio_12,2525.4046822742475,0.0
bio_12,2533.434782608696,0.0
bio_12,2541.464882943144,0.0
bio_12,2549.494983277592,0.0
bio_12,2557.5250836120404,0.0
bio_12,2565.5551839464883,0.0
bio_12,2573.5852842809363,0.0
bio_12,2581.6153846153848,0.0
bio_12,2589.6454849498327,0.0
bio_12,2597.6755852842807,0.0
bio_12,2605.705685618729,0.0
bio_12,2613.735785953177,0.0
bio_12,2621.7658862876256,0.0
bio_12,2629.7959866220735,0.0
bio_12,2637.826086956522,0.0
bio_12,2645.85618729097,0.0
bio_12,2653.886287625418,0.0
bio_12,2661.9163879598664,0.0
bio_12,2669.9464882943143,0.0
bio_12,2677.976588628763,0.0
bio_12,2686.0066889632108,0.0
bio_12,2694.0367892976587,0.0
bio_12,2702.066889632107,0.0
bio_12,2710.096989966555,0.0
bio_12,2718.1270903010036,0.0
bio_12,2726.1571906354516,0.0
bio_12,2734.1872909698995,0.0
bio_12,2742.217391304348,0.0
bio_12,2750.247491638796,0.0
bio_12,2758.2775919732444,0.0
bio_12,2766.3076923076924,0.0
bio_12,2774.3377926421404,0.0
bio_12,2782.367892976589,0.0
bio_12,2790.3979933110368,0.0
bio_12,2798.428093645485,0.0
bio_12,2806.458193979933,0.0
bio_12,2814.488294314381,0.0
bio_12,2822.5183946488296,0.0
bio_12,2830.5484949832776,0.0
bio_12,2838.578595317726,0.0
bio_12,2846.608695652174,0.0
bio_12,2854.638795986622,0.0
bio_12,2862.6688963210704,0.0
bio_12,2870.6989966555184,0.0
bio_12,2878.729096989967,0.0
bio_12,2886.759197324415,0.0
bio_12,2894.789297658863,0.0
bio_12,2902.819397993311,0.0
bio_12,2910.849498327759,0.0
bio_12,2918.8795986622076,0.0
bio_12,2926.9096989966556,0.0
bio_12,2934.9397993311036,0.0
bio_12,2942.969899665552,0.0
bio_12,2951.0,0.0
bio_15,311.0,0.08972328901290894
bio_15,313.7424106521737,0.08972328901290894
bio_15,316.48482130434735,0.08972328901290894
bio_15,319.22723195652105,0.08972328901290894
bio_15,321.9696426086947,0.08972328901290894
bio_15,324.7120532608684,0.08972328901290894
bio_15,327.4544639130421,0.08972328901290894
bio_15,330.19687456521575,0.08972328901290894
bio_15,332.93928521738945,0.08972328901290894
bio_15,335.6816958695631,0.08972328901290894
bio_15,338.4241065217368,0.08972328901290894
bio_15,341.1665171739105,0.08972328901290894
bio_15,343.90892782608415,0.08972328901290894
bio_15,346.65133847825786,0.08972328901290894
bio_15,349.3937491304315,0.6111401915550232
bio_15,352.1361597826052,0.6111401915550232
bio_15,354.8785704347789,0.6111401915550232
bio_15,357.62098108695255,0.6111401915550232
bio_15,360.36339173912626,0.6111401915550232
bio_15,363.10580239129996,0.6111401915550232
bio_15,365.8482130434736,0.5668425559997559
bio_15,368.5906236956473,0.5128950476646423
bio_15,371.33303434782096,0.5128950476646423
bio_15,374.07544499999466,0.3882327377796173
bio_15,376.8178556521683,0.3882327377796173
bio_15,379.560266304342,0.3882327377796173
bio_15,382.3026769565157,0.3882327377796173
bio_15,385.0450876086894,0.3882327377796173
bio_15,387.78749826086306,0.3882327377796173
bio_15,390.52990891303676,0.3882327377796173
bio_15,393.2723195652104,0.3882327377796173
bio_15,396.0147302173841,0.3882327377796173
bio_15,398.7571408695578,0.3882327377796173
bio_15,401.49955152173146,0.3882327377796173
bio_15,404.24196217390516,0.3882327377796173
bio_15,406.9843728260788,0.3882327377796173
bio_15,409.7267834782525,0.3882327377796173
bio_15,412.4691941304262,0.3882327377796173
bio_15,415.21160478259986,0.3882327377796173
bio_15,417.95401543477357,0.3882327377796173
bio_15,420.6964260869472,0.3882327377796173
bio_15,423.4388367391209,0.3882327377796173
bio_15,426.1812473912946,0.3882327377796173
bio_15,428.92365804346827,0.3882327377796173
bio_15,431.66606869564197,0.3882327377796173
bio_15,434.4084793478156,0.3882327377796173
bio_15,437.1508899999893,0.3882327377796173
bio_15,439.893300652163,0.2693989872932434
bio_15,442.63571130433667,0.2693989872932434
bio_15,445.37812195651037,0.2693989872932434
bio_15,448.120532608684,0.2693989872932434
bio_15,450.8629432608577,0.2693989872932434
bio_15,453.6053539130314,0.2693989872932434
bio_15,456.3477645652051,0.2693989872932434
bio_15,459.09017521737877,0.2693989872932434
bio_15,461.8325858695524,0.2693989872932434
bio_15,464.5749965217261,0.2693989872932434
bio_15,467.3174071738998,0.2693989872932434
bio_15,470.0598178260735,0.2693989872932434
bio_15,472.8022284782472,0.2693989872932434
bio_15,475.5446391304208,0.2693989872932434
bio_15,478.2870497825945,0.2693989872932434
bio_15,481.0294604347682,0.2693989872932434
bio_15,483.7718710869419,0.2693989872932434
bio_15,486.5142817391156,0.2693989872932434
bio_15,489.2566923912892,0.2693989872932434
bio_15,491.9991030434629,0.2693989872932434
bio_15,494.7415136956366,0.2693989872932434
bio_15,497.48392434781033,0.2693989872932434
bio_15,500.226334999984,0.2693989872932434
bio_15,502.9687456521576,0.2693989872932434
bio_15,505.7111563043313,0.2693989872932434
bio_15,508.45356695650503,0.2693989872932434
bio_15,511.19597760867873,0.2693989872932434
bio_15,513.9383882608524,0.2693989872932434
bio_15,516.680798913026,0.2693989872932434
bio_15,519.4232095651997,0.2693989872932434
bio_15,522.1656202173734,0.2693989872932434
bio_15,524.9080308695471,0.2693989872932434
bio_15,527.6504415217207,0.2693989872932434
bio_15,530.3928521738944,0.2693989872932434
bio_15,533.1352628260681,0.2693989872932434
bio_15,535.8776734782418,0.2693989872932434
bio_15,538.6200841304155,0.3599417805671692
bio_15,541.3624947825892,0.3599417805671692
bio_15,544.1049054347629,0.3599417805671692
bio_15,546.8473160869365,0.3599417805671692
bio_15,549.5897267391102,0.3599417805671692
bio_15,552.3321373912839,0.3599417805671692
bio_15,555.0745480434575,0.3599417805671692
bio_15,557.8169586956312,0.3599417805671692
bio_15,560.5593693478049,0.3599417805671692
bio_15,563.3017799999786,0.3599417805671692
bio_15,566.0441906521523,0.3599417805671692
bio_15,568.786601304326,0.3599417805671692
bio_15,571.5290119564997,0.3599417805671692
bio_15,574.2714226086733,0.3599417805671692
bio_15,577.013833260847,0.3599417805671692
bio_15,579.7562439130207,0.3599417805671692
bio_15,582.4986545651943,0.3599417805671692
bio_15,585.241065217368,0.3599417805671692
bio_15,587.9834758695417,0.3599417805671692
bio_15,590.7258865217154,0.3599417805671692
bio_15,593.4682971738891,0.3599417805671692
bio_15,596.2107078260628,0.3599417805671692
bio_15,598.9531184782365,0.3599417805671692
bio_15,601.6955291304103,0.3599417805671692
bio_15,604.4379397825838,0.3599417805671692
bio_15,607.1803504347575,0.3599417805671692
bio_15,609.9227610869311,0.3599417805671692
bio_15,612.6651717391048,0.3599417805671692
bio_15,615.4075823912785,0.3599417805671692
bio_15,618.1499930434522,0.3599417805671692
bio_15,620.892403695626,0.3599417805671692
bio_15,623.6348143477996,0.3599417805671692
bio_15,626.3772249999734,0.3599417805671692
bio_15,629.119635652147,0.3599417805671692
bio_15,631.8620463043206,0.3599417805671692
bio_15,634.6044569564943,0.3599417805671692
bio_15,637.346867608668,0.3599417805671692
bio_15,640.0892782608416,0.3599417805671692
bio_15,642.8316889130153,0.3599417805671692
bio_15,645.574099565189,0.45948490500450134
bio_15,648.3165102173627,0.45948490500450134
bio_15,651.0589208695365,0.45948490500450134
bio_15,653.8013315217102,0.45948490500450134
bio_15,656.5437421738839,0.45948490500450134
bio_15,659.2861528260574,0.45948490500450134
bio_15,662.0285634782311,0.45948490500450134
bio_15,664.7709741304049,0.45948490500450134
bio_15,667.5133847825784,0.45948490500450134
bio_15,670.2557954347521,0.45948490500450134
bio_15,672.9982060869258,0.45948490500450134
bio_15,675.7406167390996,0.45948490500450134
bio_15,678.4830273912733,0.45948490500450134
bio_15,681.225438043447,0.45948490500450134
bio_15,683.9678486956207,0.45948490500450134
bio_15,686.7102593477942,0.45948490500450134
bio_15,689.452669999968,0.45948490500450134
bio_15,692.1950806521417,0.45948490500450134
bio_15,694.9374913043152,0.45948490500450134
bio_15,697.679901956489,0.45948490500450134
bio_15,700.4223126086627,0.45948490500450134
bio_15,703.1647232608364,0.45948490500450134
bio_15,705.9071339130101,0.45948490500450134
bio_15,708.6495445651838,0.45948490500450134
bio_15,711.3919552173575,0.45948490500450134
bio_15,714.1343658695312,0.45948490500450134
bio_15,716.8767765217048,0.45948490500450134
bio_15,719.6191871738785,0.45948490500450134
bio_15,722.361597826052,0.45948490500450134
bio_15,725.1040084782258,0.45948490500450134
bio_15,727.8464191303995,0.45948490500450134
bio_15,730.5888297825732,0.45948490500450134
bio_15,733.3312404347469,0.45948490500450134
bio_15,736.0736510869206,0.45948490500450134
bio_15,738.8160617390943,0.45948490500450134
bio_15,741.558472391268,0.45948490500450134
bio_15,744.3008830434416,0.45948490500450134
bio_15,747.0432936956153,0.45948490500450134
bio_15,749.785704347789,0.45948490500450134
bio_15,752.5281149999626,0.45948490500450134
bio_15,755.2705256521363,0.45948490500450134
bio_15,758.01293630431,0.45948490500450134
bio_15,760.7553469564837,0.45948490500450134
bio_15,763.4977576086574,0.45948490500450134
bio_15,766.2401682608311,0.45948490500450134
bio_15,768.9825789130048,0.45948490500450134
bio_15,771.7249895651784,0.45948490500450134
bio_15,774.4674002173521,0.5096697807312012
bio_15,777.2098108695258,0.5096697807312012
bio_15,779.9522215216994,0.5575804114341736
bio_15,782.6946321738731,0.5575804114341736
bio_15,785.4370428260468,0.5575804114341736
bio_15,788.1794534782205,0.5575804114341736
bio_15,790.9218641303942,0.5575804114341736
bio_15,793.6642747825679,0.5575804114341736
bio_15,796.4066854347416,0.5575804114341736
bio_15,799.1490960869152,0.5575804114341736
bio_15,801.8915067390889,0.5575804114341736
bio_15,804.6339173912626,0.5575804114341736
bio_15,807.3763280434362,0.5575804114341736
bio_15,810.1187386956099,0.5575804114341736
bio_15,812.8611493477836,0.5575804114341736
bio_15,815.6035599999573,0.5575804114341736
bio_15,818.345970652131,0.5575804114341736
bio_15,821.0883813043047,0.5575804114341736
bio_15,823.8307919564783,0.5575804114341736
bio_15,826.573202608652,0.5575804114341736
bio_15,829.3156132608257,0.5575804114341736
bio_15,832.0580239129994,0.5575804114341736
bio_15,834.8004345651731,0.5575804114341736
bio_15,837.5428452173467,0.5575804114341736
bio_15,840.2852558695204,0.5575804114341736
bio_15,843.0276665216941,0.5575804114341736
bio_15,845.7700771738678,0.5575804114341736
bio_15,848.5124878260415,0.5575804114341736
bio_15,851.2548984782152,0.5575804114341736
bio_15,853.9973091303888,0.5575804114341736
bio_15,856.7397197825625,0.5575804114341736
bio_15,859.4821304347362,0.5575804114341736
bio_15,862.2245410869099,0.5575804114341736
bio_15,864.9669517390836,0.5575804114341736
bio_15,867.7093623912572,0.5575804114341736
bio_15,870.4517730434309,0.5575804114341736
bio_15,873.1941836956046,0.5575804114341736
bio_15,875.9365943477783,0.5575804114341736
bio_15,878.679004999952,0.5575804114341736
bio_15,881.4214156521256,0.5575804114341736
bio_15,884.1638263042993,0.5575804114341736
bio_15,886.906236956473,0.5575804114341736
bio_15,889.6486476086467,0.5575804114341736
bio_15,892.3910582608204,0.5575804114341736
bio_15,895.133468912994,0.5575804114341736
bio_15,897.8758795651677,0.5575804114341736
bio_15,900.6182902173414,0.5575804114341736
bio_15,903.3607008695151,0.5575804114341736
bio_15,906.1031115216888,0.5575804114341736
bio_15,908.8455221738624,0.5575804114341736
bio_15,911.5879328260361,0.5575804114341736
bio_15,914.3303434782098,0.5575804114341736
bio_15,917.0727541303835,0.5575804114341736
bio_15,919.8151647825572,0.5575804114341736
bio_15,922.5575754347308,0.5575804114341736
bio_15,925.2999860869045,0.5575804114341736
bio_15,928.0423967390782,0.5575804114341736
bio_15,930.7848073912519,0.5575804114341736
bio_15,933.5272180434256,0.5575804114341736
bio_15,936.2696286955992,0.5575804114341736
bio_15,939.0120393477729,0.5575804114341736
bio_15,941.7544499999466,0.5575804114341736
bio_15,944.4968606521203,0.5575804114341736
bio_15,947.239271304294,0.5575804114341736
bio_15,949.9816819564676,0.5575804114341736
bio_15,952.7240926086413,0.5575804114341736
bio_15,955.466503260815,0.5575804114341736
bio_15,958.2089139129887,0.5575804114341736
bio_15,960.9513245651624,0.5575804114341736
bio_15,963.6937352173361,0.5575804114341736
bio_15,966.4361458695097,0.5575804114341736
bio_15,969.1785565216834,0.6973183155059814
bio_15,971.9209671738571,0.6973183155059814
bio_15,974.6633778260308,0.6973183155059814
bio_15,977.4057884782045,0.6973183155059814
bio_15,980.1481991303781,0.6973183155059814
bio_15,982.8906097825518,0.6973183155059814
bio_15,985.6330204347255,0.6973183155059814
bio_15,988.3754310868992,0.6973183155059814
bio_15,991.1178417390729,0.6973183155059814
bio_15,993.8602523912465,0.6973183155059814
bio_15,996.6026630434202,0.6973183155059814
bio_15,999.3450736955939,0.9877875447273254
bio_15,1002.0874843477676,0.9987982511520386
bio_15,1004.8298949999413,0.7182183861732483
bio_15,1007.5723056521149,0.7182183861732483
bio_15,1010.3147163042886,0.7182183861732483
bio_15,1013.0571269564623,0.7182183861732483
bio_15,1015.799537608636,0.7182183861732483
bio_15,1018.5419482608097,0.7182183861732483
bio_15,1021.2843589129833,0.7182183861732483
bio_15,1024.0267695651569,0.7182183861732483
bio_15,1026.7691802173308,0.7182183861732483
bio_15,1029.5115908695043,0.7182183861732483
bio_15,1032.2540015216782,0.7182183861732483
bio_15,1034.9964121738517,0.7182183861732483
bio_15,1037.7388228260254,0.7182183861732483
bio_15,1040.481233478199,0.7182183861732483
bio_15,1043.2236441303728,0.7182183861732483
bio_15,1045.9660547825465,0.7182183861732483
bio_15,1048.70846543472,0.7182183861732483
bio_15,1051.450876086894,0.7182183861732483
bio_15,1054.1932867390674,0.3367250859737396
bio_15,1056.9356973912413,0.3367250859737396
bio_15,1059.6781080434148,0.3367250859737396
bio_15,1062.4205186955885,0.3367250859737396
bio_15,1065.1629293477622,0.3367250859737396
bio_15,1067.905339999936,0.3367250859737396
bio_15,1070.6477506521096,0.3367250859737396
bio_15,1073.3901613042833,0.3367250859737396
bio_15,1076.132571956457,0.3367250859737396
bio_15,1078.8749826086305,0.3367250859737396
bio_15,1081.6173932608044,0.3367250859737396
bio_15,1084.359803912978,0.3367250859737396
bio_15,1087.1022145651518,0.3367250859737396
bio_15,1089.8446252173253,0.3367250859737396
bio_15,1092.587035869499,0.3367250859737396
bio_15,1095.3294465216727,0.3367250859737396
bio_15,1098.0718571738464,0.3367250859737396
bio_15,1100.8142678260201,0.3367250859737396
bio_15,1103.5566784781938,0.3367250859737396
bio_15,1106.2990891303675,0.3367250859737396
bio_15,1109.041499782541,0.3367250859737396
bio_15,1111.783910434715,0.3367250859737396
bio_15,1114.5263210868884,0.3367250859737396
bio_15,1117.2687317390623,0.3367250859737396
bio_15,1120.0111423912358,0.3367250859737396
bio_15,1122.7535530434095,0.3367250859737396
bio_15,1125.4959636955832,0.3367250859737396
bio_15,1128.238374347757,0.3367250859737396
bio_15,1130.9807849999306,0.3367250859737396
bio_16,3338.3642166074856,0.3139110505580902
bio_16,3384.978383107126,0.3139110505580902
bio_16,3431.5925496067666,0.3139110505580902
bio_16,3478.206716106407,0.3139110505580902
bio_16,3524.8208826060477,0.3139110505580902
bio_16,3618.0492156053288,0.3122651278972626
bio_16,3664.663382104969,0.3122651278972626
bio_16,3711.27754860461,0.3122651278972626
bio_16,3757.89171510425,0.3122651278972626
bio_16,3804.505881603891,0.3122651278972626
bio_16,3851.120048103531,0.3122651278972626
bio_16,3897.7342146031715,0.3122651278972626
bio_16,3944.3483811028123,0.3122651278972626
bio_16,3990.962547602453,0.3122651278972626
bio_16,4037.5767141020933,0.3122651278972626
bio_16,4084.1908806017336,0.3122651278972626
bio_16,4130.805047101374,0.3122651278972626
bio_16,4177.419213601015,0.3122651278972626
bio_16,4224.033380100655,0.3122651278972626
bio_16,4270.647546600296,0.3122651278972626
bio_16,4317.261713099936,0.3122651278972626
bio_16,4363.875879599577,0.3122651278972626
bio_16,4410.490046099218,0.3122651278972626
bio_16,4457.104212598858,0.3122651278972626
bio_16,4503.718379098498,0.3122651278972626
bio_16,4550.332545598139,0.3122651278972626
bio_16,4596.94671209778,0.3122651278972626
bio_16,4643.56087859742,0.3122651278972626
bio_16,4690.17504509706,0.27340957522392273
bio_16,4736.789211596701,0.27340957522392273
bio_16,4783.403378096342,0.27340957522392273
bio_16,4830.017544595982,0.27340957522392273
bio_16,4876.631711095622,0.27340957522392273
bio_16,4923.245877595264,0.27340957522392273
bio_16,4969.860044094904,0.30086836218833923
bio_16,5016.474210594544,0.30086836218833923
bio_16,5063.088377094185,0.30086836218833923
bio_16,5109.702543593825,0.30086836218833923
bio_16,5156.316710093466,0.30086836218833923
bio_16,5202.930876593106,0.30086836218833923
bio_16,5249.545043092747,0.30086836218833923
bio_16,5296.159209592387,0.30086836218833923
bio_16,5342.773376092027,0.30086836218833923
bio_16,5389.3875425916685,0.30086836218833923
bio_16,5436.001709091309,0.2693989872932434
bio_16,5482.615875590949,0.2693989872932434
bio_16,5529.23004209059,0.22074797749519348
bio_16,5575.84420859023,0.22074797749519348
bio_16,5622.458375089871,0.22074797749519348
bio_16,5669.072541589511,0.22074797749519348
bio_16,5715.686708089152,0.22074797749519348
bio_16,5762.300874588793,0.22074797749519348
bio_16,5808.915041088433,0.22074797749519348
bio_16,5855.529207588073,0.22074797749519348
bio_16,5902.143374087715,0.22074797749519348
bio_16,5948.757540587354,0.22074797749519348
bio_16,5995.371707086995,0.22074797749519348
bio_16,6041.9858735866355,0.22074797749519348
bio_16,6088.600040086276,0.22074797749519348
bio_16,6135.214206585917,0.22074797749519348
bio_16,6181.828373085557,0.22074797749519348
bio_16,6228.442539585198,0.22074797749519348
bio_16,6275.056706084839,0.22074797749519348
bio_16,6321.670872584478,0.22074797749519348
bio_16,6368.2850390841195,0.22074797749519348
bio_16,6414.89920558376,0.22074797749519348
bio_16,6461.5133720834,0.22074797749519348
bio_16,6508.127538583041,0.22074797749519348
bio_16,6554.741705082681,0.22074797749519348
bio_16,6601.355871582322,0.22074797749519348
bio_16,6647.970038081962,0.22074797749519348
bio_16,6694.5842045816025,0.22074797749519348
bio_16,6741.198371081244,0.22074797749519348
bio_16,6787.812537580884,0.22074797749519348
bio_16,6834.426704080524,0.22074797749519348
bio_16,6881.040870580166,0.22074797749519348
bio_16,6927.655037079805,0.22074797749519348
bio_16,6974.269203579446,0.22074797749519348
bio_16,7020.8833700790865,0.22074797749519348
bio_16,7067.497536578727,0.22074797749519348
bio_16,7114.111703078368,0.22074797749519348
bio_16,7160.725869578007,0.22074797749519348
bio_16,7207.340036077649,0.22074797749519348
bio_16,7253.954202577289,0.22074797749519348
bio_16,7300.568369076929,0.22074797749519348
bio_16,7347.18253557657,0.22074797749519348
bio_16,7393.796702076211,0.22074797749519348
bio_16,7440.410868575851,0.22074797749519348
bio_16,7487.025035075492,0.22074797749519348
bio_16,7533.639201575132,0.22074797749519348
bio_16,7580.253368074773,0.22074797749519348
bio_16,7626.867534574414,0.22074797749519348
bio_16,7673.4817010740535,0.22074797749519348
bio_16,7720.095867573695,0.22074797749519348
bio_16,7766.710034073334,0.22074797749519348
bio_16,7813.324200572975,0.22074797749519348
bio_16,7859.9383670726165,0.22074797749519348
bio_16,7906.552533572256,0.22074797749519348
bio_16,7953.166700071897,0.22074797749519348
bio_16,7999.7808665715365,0.22074797749519348
bio_16,8046.395033071178,0.22074797749519348
bio_16,8093.009199570819,0.22074797749519348
bio_16,8139.623366070458,0.22074797749519348
bio_16,8186.2375325701,0.22074797749519348
bio_16,8232.85169906974,0.22074797749519348
bio_16,8279.46586556938,0.22074797749519348
bio_16,8326.080032069021,0.22074797749519348
bio_16,8372.69419856866,0.22074797749519348
bio_16,8419.308365068302,0.22074797749519348
bio_16,8465.922531567943,0.22074797749519348
bio_16,8512.536698067583,0.22074797749519348
bio_16,8559.150864567224,0.22074797749519348
bio_16,8605.765031066863,0.22074797749519348
bio_16,8652.379197566504,0.22074797749519348
bio_16,8698.993364066146,0.22074797749519348
bio_16,8745.607530565785,0.22074797749519348
bio_16,8792.221697065426,0.22074797749519348
bio_16,8838.835863565067,0.22074797749519348
bio_16,8885.450030064707,0.22074797749519348
bio_16,8932.064196564348,0.22074797749519348
bio_16,8978.678363063987,0.22074797749519348
bio_16,9025.292529563629,0.22074797749519348
bio_16,9071.90669606327,0.22074797749519348
bio_16,9118.52086256291,0.22074797749519348
bio_16,9165.13502906255,0.22074797749519348
bio_16,9211.749195562192,0.22074797749519348
bio_16,9258.363362061831,0.22074797749519348
bio_16,9304.977528561472,0.22074797749519348
bio_16,9351.591695061112,0.22074797749519348
bio_16,9398.205861560753,0.22074797749519348
bio_16,9444.820028060394,0.22074797749519348
bio_16,9491.434194560034,0.22074797749519348
bio_16,9538.048361059675,0.22074797749519348
bio_16,9584.662527559314,0.22074797749519348
bio_16,9631.276694058955,0.22074797749519348
bio_16,9677.890860558597,0.22074797749519348
bio_16,9724.505027058236,0.22074797749519348
bio_16,9771.119193557877,0.22074797749519348
bio_16,9817.733360057518,0.22074797749519348
bio_16,9864.347526557158,0.22074797749519348
bio_16,9910.961693056799,0.22074797749519348
bio_16,9957.575859556438,0.22074797749519348
bio_16,10004.19002605608,0.22074797749519348
bio_16,10050.80419255572,0.22074797749519348
bio_16,10097.41835905536,0.22074797749519348
bio_16,10144.032525555001,0.22074797749519348
bio_16,10190.64669205464,0.22074797749519348
bio_16,10237.260858554282,0.22074797749519348
bio_16,10283.875025053923,0.22074797749519348
bio_16,10330.489191553563,0.22074797749519348
bio_16,10377.103358053204,0.22074797749519348
bio_16,10423.717524552845,0.22074797749519348
bio_16,10470.331691052485,0.22074797749519348
bio_16,10516.945857552126,0.22074797749519348
bio_16,10563.560024051765,0.22074797749519348
bio_16,10610.174190551406,0.22074797749519348
bio_16,10656.788357051048,0.22074797749519348
bio_16,10703.402523550687,0.22074797749519348
bio_16,10750.016690050328,0.22074797749519348
bio_16,10796.63085654997,0.22074797749519348
bio_16,10843.245023049609,0.22074797749519348
bio_16,10889.85918954925,0.22074797749519348
bio_16,10936.47335604889,0.22074797749519348
bio_16,10983.08752254853,0.22074797749519348
bio_16,11029.701689048172,0.22074797749519348
bio_16,11076.315855547811,0.22074797749519348
bio_16,11122.930022047452,0.22074797749519348
bio_16,11169.544188547092,0.22074797749519348
bio_16,11216.158355046733,0.22074797749519348
bio_16,11262.772521546374,0.22074797749519348
bio_16,11309.386688046014,0.22074797749519348
bio_16,11356.000854545655,0.22074797749519348
bio_16,11402.615021045296,0.22074797749519348
bio_16,11449.229187544935,0.22074797749519348
bio_16,11495.843354044577,0.22074797749519348
bio_16,11542.457520544218,0.22074797749519348
bio_16,11589.071687043857,0.22074797749519348
bio_16,11635.685853543499,0.22074797749519348
bio_16,11682.300020043138,0.22074797749519348
bio_16,11728.91418654278,0.22074797749519348
bio_16,11775.52835304242,0.22074797749519348
bio_16,11822.14251954206,0.22074797749519348
bio_16,11868.756686041701,0.22074797749519348
bio_16,11915.370852541342,0.22074797749519348
bio_16,11961.985019040982,0.22074797749519348
bio_16,12008.599185540623,0.22074797749519348
bio_16,12055.213352040262,0.22074797749519348
bio_16,12101.827518539903,0.22074797749519348
bio_16,12148.441685039545,0.22074797749519348
bio_16,12195.055851539184,0.22074797749519348
bio_16,12241.670018038825,0.9987982511520386
bio_16,12288.284184538465,0.9987982511520386
bio_16,12334.898351038106,0.9987982511520386
bio_16,12381.512517537747,0.9987982511520386
bio_16,12428.126684037386,0.9987982511520386
bio_16,12474.740850537028,0.9987982511520386
bio_16,12521.355017036669,0.9987982511520386
bio_16,12567.969183536308,0.9987982511520386
bio_16,12614.58335003595,0.9987982511520386
bio_16,12661.197516535589,0.9987982511520386
bio_16,12707.81168303523,0.9987982511520386
bio_16,12754.425849534871,0.9987982511520386
bio_16,12801.04001603451,0.9987982511520386
bio_16,12847.654182534152,0.9987982511520386
bio_16,12894.268349033793,0.9987982511520386
bio_16,12940.882515533433,0.9987982511520386
bio_16,12987.496682033074,0.9987982511520386
bio_16,13034.110848532713,0.9987982511520386
bio_16,13080.725015032354,0.9987982511520386
bio_16,13127.339181531996,0.9987982511520386
bio_16,13173.953348031635,0.9987982511520386
bio_16,13220.567514531276,0.9987982511520386
bio_16,13267.181681030916,0.9987982511520386
bio_16,13313.795847530557,0.9987982511520386
bio_16,13360.410014030198,0.9987982511520386
bio_16,13407.024180529837,0.9987982511520386
bio_16,13453.638347029479,0.9987982511520386
bio_16,13500.25251352912,0.9987982511520386
bio_16,13546.86668002876,0.9987982511520386
bio_16,13593.4808465284,0.9987982511520386
bio_16,13640.09501302804,0.9987982511520386
bio_16,13686.709179527681,0.9987982511520386
bio_16,13733.323346027322,0.9987982511520386
bio_16,13779.937512526962,0.9987982511520386
bio_16,13826.551679026603,0.9987982511520386
bio_16,13873.165845526242,0.9987982511520386
bio_16,13919.780012025883,0.9987982511520386
bio_16,13966.394178525525,0.9987982511520386
bio_16,14013.008345025164,0.9987982511520386
bio_16,14059.622511524805,0.9987982511520386
bio_16,14106.236678024447,0.9987982511520386
bio_16,14152.850844524086,0.9987982511520386
bio_16,14199.465011023727,0.9987982511520386
bio_16,14246.079177523367,0.9987982511520386
bio_16,14292.693344023008,0.9987982511520386
bio_16,14339.307510522649,0.9987982511520386
bio_16,14385.921677022288,0.9987982511520386
bio_16,14432.53584352193,0.9987982511520386
bio_16,14479.15001002157,0.9987982511520386
bio_16,14525.76417652121,0.9987982511520386
bio_16,14572.378343020851,0.9987982511520386
bio_16,14618.99250952049,0.9987982511520386
bio_16,14665.606676020132,0.9987982511520386
bio_16,14712.220842519773,0.9987982511520386
bio_16,14758.835009019413,0.9987982511520386
bio_16,14805.449175519054,0.9987982511520386
bio_16,14852.063342018693,0.9987982511520386
bio_16,14898.677508518334,0.9987982511520386
bio_16,14945.291675017976,0.9987982511520386
bio_16,14991.905841517615,0.9987982511520386
bio_16,15038.520008017256,0.9987982511520386
bio_16,15085.134174516897,0.9987982511520386
bio_16,15131.748341016537,0.9987982511520386
bio_16,15178.362507516178,0.9987982511520386
bio_16,15224.976674015817,0.9987982511520386
bio_16,15271.590840515459,0.9987982511520386
bio_16,15318.2050070151,0.9987982511520386
bio_16,15364.81917351474,0.9987982511520386
bio_16,15411.43334001438,0.9987982511520386
bio_16,15458.04750651402,0.9987982511520386
bio_16,15504.661673013661,0.9987982511520386
bio_16,15551.275839513302,0.9987982511520386
bio_16,15597.890006012942,0.9987982511520386
bio_16,15644.504172512583,0.9987982511520386
bio_16,15691.118339012224,0.9987982511520386
bio_16,15737.732505511864,0.9987982511520386
bio_16,15784.346672011505,0.9987982511520386
bio_16,15830.960838511144,0.9987982511520386
bio_16,15877.575005010785,0.9987982511520386
bio_16,15924.189171510427,0.9987982511520386
bio_16,15970.803338010066,0.9987982511520386
bio_16,16017.417504509707,0.9987982511520386
bio_16,16064.031671009347,0.9987982511520386
bio_16,16110.645837508988,0.9987982511520386
bio_16,16157.260004008629,0.9987982511520386
bio_16,16203.874170508268,0.9987982511520386
bio_16,16250.48833700791,0.9987982511520386
bio_16,16297.10250350755,0.9987982511520386
bio_16,16343.71667000719,0.9987982511520386
bio_16,16390.33083650683,0.9987982511520386
bio_16,16436.94500300647,0.9987982511520386
bio_16,16483.559169506112,0.9987982511520386
bio_16,16530.17333600575,0.9987982511520386
bio_16,16576.78750250539,0.9987982511520386
bio_16,16623.401669005034,0.9987982511520386
bio_16,16670.015835504673,0.9987982511520386
bio_16,16716.630002004313,0.9987982511520386
bio_16,16763.244168503956,0.9987982511520386
bio_16,16809.858335003595,0.9987982511520386
bio_16,16856.472501503235,0.9987982511520386
bio_16,16903.086668002878,0.9987982511520386
bio_16,16949.700834502517,0.9987982511520386
bio_16,16996.315001002156,0.9987982511520386
bio_16,17042.929167501796,0.9987982511520386
bio_16,17089.54333400144,0.9987982511520386
bio_16,17136.157500501078,0.9987982511520386
bio_16,17182.771667000718,0.9987982511520386
bio_16,17229.38583350036,0.9987982511520386
bio_16,17276.0,0.9987982511520386
bio_5,2997.0,0.9387604594230652
bio_5,2997.230769230769,0.9387604594230652
bio_5,2997.4615384615386,0.9387604594230652
bio_5,2997.6923076923076,0.9387604594230652
bio_5,2997.923076923077,0.9387604594230652
bio_5,2998.153846153846,0.9387604594230652
bio_5,2998.3846153846152,0.9387604594230652
bio_5,2998.6153846153848,0.9387604594230652
bio_5,2998.846153846154,0.9387604594230652
bio_5,2999.076923076923,0.9387604594230652
bio_5,2999.3076923076924,0.9387604594230652
bio_5,2999.5384615384614,0.9387604594230652
bio_5,2999.769230769231,0.9387604594230652
bio_5,3000.0,0.9387604594230652
bio_5,3000.230769230769,0.88056480884552
bio_5,3000.4615384615386,0.7800249457359314
bio_5,3000.6923076923076,0.7583085298538208
bio_5,3000.923076923077,0.7583085298538208
bio_5,3001.153846153846,0.7583085298538208
bio_5,3001.3846153846152,0.7583085298538208
bio_5,3001.6153846153848,0.5920382142066956
bio_5,3001.846153846154,0.5920382142066956
bio_5,3002.076923076923,0.5920382142066956
bio_5,3002.3076923076924,0.5920382142066956
bio_5,3002.5384615384614,0.5920382142066956
bio_5,3002.769230769231,0.5920382142066956
bio_5,3003.0,0.5920382142066956
bio_5,3003.230769230769,0.5920382142066956
bio_5,3003.4615384615386,0.5920382142066956
bio_5,3003.6923076923076,0.44866323471069336
bio_5,3003.923076923077,0.44866323471069336
bio_5,3004.153846153846,0.44866323471069336
bio_5,3004.3846153846152,0.44866323471069336
bio_5,3004.6153846153848,0.44866323471069336
bio_5,3004.846153846154,0.44866323471069336
bio_5,3005.076923076923,0.44866323471069336
bio_5,3005.3076923076924,0.44866323471069336
bio_5,3005.5384615384614,0.2693989872932434
bio_5,3005.769230769231,0.2693989872932434
bio_5,3006.0,0.2693989872932434
bio_5,3006.230769230769,0.2693989872932434
bio_5,3006.4615384615386,0.2693989872932434
bio_5,3006.6923076923076,0.2693989872932434
bio_5,3006.923076923077,0.2693989872932434
bio_5,3007.153846153846,0.2693989872932434
bio_5,3007.3846153846152,0.2693989872932434
bio_5,3007.6153846153848,0.2693989872932434
bio_5,3007.846153846154,0.2693989872932434
bio_5,3008.076923076923,0.2693989872932434
bio_5,3008.3076923076924,0.2693989872932434
bio_5,3008.5384615384614,0.2693989872932434
bio_5,3008.769230769231,0.2693989872932434
bio_5,3009.0,0.2693989872932434
bio_5,3009.230769230769,0.2693989872932434
bio_5,3009.4615384615386,0.2693989872932434
bio_5,3009.6923076923076,0.2693989872932434
bio_5,3009.923076923077,0.2693989872932434
bio_5,3010.153846153846,0.2693989872932434
bio_5,3010.3846153846152,0.2693989872932434
bio_5,3010.6153846153848,0.2693989872932434
bio_5,3010.846153846154,0.2693989872932434
bio_5,3011.076923076923,0.2693989872932434
bio_5,3011.3076923076924,0.2693989872932434
bio_5,3011.5384615384614,0.2693989872932434
bio_5,3011.769230769231,0.2693989872932434
bio_5,3012.0,0.2693989872932434
bio_5,3012.230769230769,0.2693989872932434
bio_5,3012.4615384615386,0.2693989872932434
bio_5,3012.6923076923076,0.2693989872932434
bio_5,3012.923076923077,0.2693989872932434
bio_5,3013.153846153846,0.2693989872932434
bio_5,3013.3846153846152,0.2693989872932434
bio_5,3013.6153846153848,0.2693989872932434
bio_5,3013.846153846154,0.2693989872932434
bio_5,3014.076923076923,0.2693989872932434
bio_5,3014.3076923076924,0.2693989872932434
bio_5,3014.5384615384614,0.2693989872932434
bio_5,3014.769230769231,0.2693989872932434
bio_5,3015.0,0.2693989872932434
bio_5,3015.230769230769,0.2693989872932434
bio_5,3015.4615384615386,0.2693989872932434
bio_5,3015.6923076923076,0.2693989872932434
bio_5,3015.923076923077,0.2693989872932434
bio_5,3016.153846153846,0.2693989872932434
bio_5,3016.3846153846152,0.2693989872932434
bio_5,3016.6153846153848,0.2693989872932434
bio_5,3016.846153846154,0.2693989872932434
bio_5,3017.076923076923,0.2693989872932434
bio_5,3017.3076923076924,0.2693989872932434
bio_5,3017.5384615384614,0.2693989872932434
bio_5,3017.769230769231,0.2693989872932434
bio_5,3018.0,0.2693989872932434
bio_5,3018.230769230769,0.2693989872932434
bio_5,3018.4615384615386,0.2693989872932434
bio_5,3018.6923076923076,0.2693989872932434
bio_5,3018.923076923077,0.2693989872932434
bio_5,3019.153846153846,0.2693989872932434
bio_5,3019.3846153846152,0.2693989872932434
bio_5,3019.6153846153848,0.2693989872932434
bio_5,3019.846153846154,0.2693989872932434
bio_5,3020.076923076923,0.2693989872932434
bio_5,3020.3076923076924,0.2693989872932434
bio_5,3020.5384615384614,0.2693989872932434
bio_5,3020.769230769231,0.2693989872932434
bio_5,3021.0,0.2693989872932434
bio_5,3021.230769230769,0.2693989872932434
bio_5,3021.4615384615386,0.2693989872932434
bio_5,3021.6923076923076,0.2693989872932434
bio_5,3021.923076923077,0.2693989872932434
bio_5,3022.153846153846,0.2693989872932434
bio_5,3022.3846153846152,0.2693989872932434
bio_5,3022.6153846153848,0.2693989872932434
bio_5,3022.846153846154,0.2693989872932434
bio_5,3023.076923076923,0.2693989872932434
bio_5,3023.3076923076924,0.2693989872932434
bio_5,3023.5384615384614,0.2693989872932434
bio_5,3023.769230769231,0.2693989872932434
bio_5,3024.0,0.2693989872932434
bio_5,3024.230769230769,0.2693989872932434
bio_5,3024.4615384615386,0.2693989872932434
bio_5,3024.6923076923076,0.2693989872932434
bio_5,3024.923076923077,0.2693989872932434
bio_5,3025.153846153846,0.2693989872932434
bio_5,3025.3846153846152,0.2693989872932434
bio_5,3025.6153846153848,0.2693989872932434
bio_5,3025.846153846154,0.2693989872932434
bio_5,3026.076923076923,0.2693989872932434
bio_5,3026.3076923076924,0.2693989872932434
bio_5,3026.5384615384614,0.2693989872932434
bio_5,3026.769230769231,0.2693989872932434
bio_5,3027.0,0.2693989872932434
bio_5,3027.230769230769,0.2693989872932434
bio_5,3027.4615384615386,0.2693989872932434
bio_5,3027.6923076923076,0.2693989872932434
bio_5,3027.923076923077,0.2693989872932434
bio_5,3028.153846153846,0.2693989872932434
bio_5,3028.3846153846152,0.2693989872932434
bio_5,3028.6153846153848,0.2693989872932434
bio_5,3028.846153846154,0.2693989872932434
bio_5,3029.076923076923,0.2693989872932434
bio_5,3029.3076923076924,0.2693989872932434
bio_5,3029.5384615384614,0.2693989872932434
bio_5,3029.769230769231,0.2693989872932434
bio_5,3030.0,0.2693989872932434
bio_5,3030.230769230769,0.2693989872932434
bio_5,3030.4615384615386,0.2693989872932434
bio_5,3030.6923076923076,0.2693989872932434
bio_5,3030.923076923077,0.2693989872932434
bio_5,3031.153846153846,0.2693989872932434
bio_5,3031.3846153846152,0.2693989872932434
bio_5,3031.6153846153848,0.2693989872932434
bio_5,3031.846153846154,0.2693989872932434
bio_5,3032.076923076923,0.2693989872932434
bio_5,3032.3076923076924,0.2693989872932434
bio_5,3032.5384615384614,0.2693989872932434
bio_5,3032.769230769231,0.2693989872932434
bio_5,3033.0,0.2693989872932434
bio_5,3033.230769230769,0.2693989872932434
bio_5,3033.4615384615386,0.2693989872932434
bio_5,3033.6923076923076,0.2693989872932434
bio_5,3033.923076923077,0.2693989872932434
bio_5,3034.153846153846,0.2693989872932434
bio_5,3034.3846153846152,0.2693989872932434
bio_5,3034.6153846153848,0.2693989872932434
bio_5,3034.846153846154,0.2693989872932434
bio_5,3035.076923076923,0.2693989872932434
bio_5,3035.3076923076924,0.2693989872932434
bio_5,3035.5384615384614,0.2693989872932434
bio_5,3035.769230769231,0.2693989872932434
bio_5,3036.0,0.2693989872932434
bio_5,3036.230769230769,0.2693989872932434
bio_5,3036.4615384615386,0.2693989872932434
bio_5,3036.6923076923076,0.2693989872932434
bio_5,3036.923076923077,0.2693989872932434
bio_5,3037.153846153846,0.2693989872932434
bio_5,3037.3846153846152,0.2693989872932434
bio_5,3037.6153846153848,0.2693989872932434
bio_5,3037.846153846154,0.2693989872932434
bio_5,3038.076923076923,0.2693989872932434
bio_5,3038.3076923076924,0.2693989872932434
bio_5,3038.5384615384614,0.2693989872932434
bio_5,3038.769230769231,0.2693989872932434
bio_5,3039.0,0.2693989872932434
bio_5,3039.230769230769,0.2693989872932434
bio_5,3039.4615384615386,0.2693989872932434
bio_5,3039.6923076923076,0.2693989872932434
bio_5,3039.923076923077,0.2693989872932434
bio_5,3040.153846153846,0.2693989872932434
bio_5,3040.3846153846152,0.2693989872932434
bio_5,3040.6153846153848,0.2693989872932434
bio_5,3040.846153846154,0.2693989872932434
bio_5,3041.076923076923,0.2693989872932434
bio_5,3041.3076923076924,0.2693989872932434
bio_5,3041.5384615384614,0.30529820919036865
bio_5,3041.769230769231,0.30529820919036865
bio_5,3042.0,0.30529820919036865
bio_5,3042.230769230769,0.30529820919036865
bio_5,3042.4615384615386,0.30529820919036865
bio_5,3042.6923076923076,0.30529820919036865
bio_5,3042.923076923077,0.30529820919036865
bio_5,3043.153846153846,0.30529820919036865
bio_5,3043.3846153846152,0.30529820919036865
bio_5,3043.6153846153848,0.30529820919036865
bio_5,3043.846153846154,0.30529820919036865
bio_5,3044.076923076923,0.30529820919036865
bio_5,3044.3076923076924,0.30529820919036865
bio_5,3044.5384615384614,0.25113072991371155
bio_5,3044.769230769231,0.25113072991371155
bio_5,3045.0,0.25113072991371155
bio_5,3045.230769230769,0.25113072991371155
bio_5,3045.4615384615386,0.25113072991371155
bio_5,3045.6923076923076,0.25113072991371155
bio_5,3045.923076923077,0.25113072991371155
bio_5,3046.153846153846,0.25113072991371155
bio_5,3046.3846153846152,0.25113072991371155
bio_5,3046.6153846153848,0.20874781906604767
bio_5,3046.846153846154,0.20874781906604767
bio_5,3047.076923076923,0.20874781906604767
bio_5,3047.3076923076924,0.20874781906604767
bio_5,3047.5384615384614,0.20874781906604767
bio_5,3047.769230769231,0.20874781906604767
bio_5,3048.0,0.20874781906604767
bio_5,3048.230769230769,0.20874781906604767
bio_5,3048.4615384615386,0.20874781906604767
bio_5,3048.6923076923076,0.20874781906604767
bio_5,3048.923076923077,0.20874781906604767
bio_5,3049.153846153846,0.20874781906604767
bio_5,3049.3846153846152,0.20874781906604767
bio_5,3049.6153846153848,0.20874781906604767
bio_5,3049.846153846154,0.20874781906604767
bio_5,3050.076923076923,0.20874781906604767
bio_5,3050.3076923076924,0.20874781906604767
bio_5,3050.5384615384614,0.20874781906604767
bio_5,3050.769230769231,0.20874781906604767
bio_5,3051.0,0.20874781906604767
bio_5,3051.230769230769,0.20874781906604767
bio_5,3051.4615384615386,0.20874781906604767
bio_5,3051.6923076923076,0.20874781906604767
bio_5,3051.923076923077,0.20874781906604767
bio_5,3052.153846153846,0.20874781906604767
bio_5,3052.3846153846152,0.20874781906604767
bio_5,3052.6153846153848,0.20874781906604767
bio_5,3052.846153846154,0.20874781906604767
bio_5,3053.076923076923,0.20874781906604767
bio_5,3053.3076923076924,0.20874781906604767
bio_5,3053.5384615384614,0.20874781906604767
bio_5,3053.769230769231,0.20874781906604767
bio_5,3054.0,0.20874781906604767
bio_5,3054.230769230769,0.20874781906604767
bio_5,3054.4615384615386,0.20874781906604767
bio_5,3054.6923076923076,0.20874781906604767
bio_5,3054.923076923077,0.20874781906604767
bio_5,3055.153846153846,0.20874781906604767
bio_5,3055.3846153846152,0.20874781906604767
bio_5,3055.6153846153848,0.20874781906604767
bio_5,3055.846153846154,0.20874781906604767
bio_5,3056.076923076923,0.20874781906604767
bio_5,3056.3076923076924,0.20874781906604767
bio_5,3056.5384615384614,0.20874781906604767
bio_5,3056.769230769231,0.20874781906604767
bio_5,3057.0,0.20874781906604767
bio_5,3057.230769230769,0.20874781906604767
bio_5,3057.4615384615386,0.20874781906604767
bio_5,3057.6923076923076,0.20874781906604767
bio_5,3057.923076923077,0.20874781906604767
bio_5,3058.153846153846,0.20874781906604767
bio_5,3058.3846153846152,0.20874781906604767
bio_5,3058.6153846153848,0.3300931453704834
bio_5,3058.846153846154,0.3300931453704834
bio_5,3059.076923076923,0.3300931453704834
bio_5,3059.3076923076924,0.3300931453704834
bio_5,3059.5384615384614,0.3300931453704834
bio_5,3059.769230769231,0.3300931453704834
bio_5,3060.0,0.3300931453704834
bio_5,3060.230769230769,0.3300931453704834
bio_5,3060.4615384615386,0.3300931453704834
bio_5,3060.6923076923076,0.3300931453704834
bio_5,3060.923076923077,0.3300931453704834
bio_5,3061.153846153846,0.3300931453704834
bio_5,3061.3846153846152,0.3300931453704834
bio_5,3061.6153846153848,0.3300931453704834
bio_5,3061.846153846154,0.3300931453704834
bio_5,3062.076923076923,0.3300931453704834
bio_5,3062.3076923076924,0.3300931453704834
bio_5,3062.5384615384614,0.3300931453704834
bio_5,3062.769230769231,0.3300931453704834
bio_5,3063.0,0.3300931453704834
bio_5,3063.230769230769,0.3300931453704834
bio_5,3063.4615384615386,0.3300931453704834
bio_5,3063.6923076923076,0.3300931453704834
bio_5,3063.923076923077,0.3300931453704834
bio_5,3064.153846153846,0.3300931453704834
bio_5,3064.3846153846152,0.3300931453704834
bio_5,3064.6153846153848,0.3300931453704834
bio_5,3064.846153846154,0.3300931453704834
bio_5,3065.076923076923,0.3300931453704834
bio_5,3065.3076923076924,0.3300931453704834
bio_5,3065.5384615384614,0.3300931453704834
bio_5,3065.769230769231,0.3300931453704834
bio_5,3066.0,0.3300931453704834
bio_8,2938.4072963311573,0.1331222951412201
bio_8,2938.683526109314,0.1331222951412201
bio_8,2938.9597558874707,0.1331222951412201
bio_8,2939.235985665627,0.1331222951412201
bio_8,2939.512215443784,0.1331222951412201
bio_8,2939.7884452219405,0.1331222951412201
bio_8,2940.0646750000974,0.1331222951412201
bio_8,2940.340904778254,0.1331222951412201
bio_8,2940.6171345564107,0.1331222951412201
bio_8,2940.893364334567,0.1331222951412201
bio_8,2941.169594112724,0.1331222951412201
bio_8,2941.4458238908805,0.1331222951412201
bio_8,2941.7220536690375,0.1331222951412201
bio_8,2941.998283447194,0.1331222951412201
bio_8,2942.274513225351,0.1331222951412201
bio_8,2942.5507430035073,0.1331222951412201
bio_8,2942.826972781664,0.1331222951412201
bio_8,2943.1032025598206,0.1331222951412201
bio_8,2943.3794323379775,0.1331222951412201
bio_8,2943.655662116134,0.1331222951412201
bio_8,2943.931891894291,0.1331222951412201
bio_8,2944.2081216724473,0.1331222951412201
bio_8,2944.4843514506038,0.1331222951412201
bio_8,2944.7605812287607,0.1331222951412201
bio_8,2945.036811006917,0.1331222951412201
bio_8,2945.313040785074,0.1331222951412201
bio_8,2945.5892705632305,0.1331222951412201
bio_8,2945.8655003413874,0.1331222951412201
bio_8,2946.141730119544,0.1331222951412201
bio_8,2946.4179598977007,0.1331222951412201
bio_8,2946.694189675857,0.1331222951412201
bio_8,2946.970419454014,0.1331222951412201
bio_8,2947.2466492321705,0.1331222951412201
bio_8,2947.5228790103274,0.1331222951412201
bio_8,2947.799108788484,0.1331222951412201
bio_8,2948.0753385666408,0.1331222951412201
bio_8,2948.351568344797,0.1331222951412201
bio_8,2948.627798122954,0.1331222951412201
bio_8,2948.9040279011106,0.1331222951412201
bio_8,2949.1802576792675,0.1331222951412201
bio_8,2949.456487457424,0.1331222951412201
bio_8,2949.7327172355804,0.1331222951412201
bio_8,2950.0089470137373,0.1331222951412201
bio_8,2950.2851767918937,0.1331222951412201
bio_8,2950.5614065700506,0.1331222951412201
bio_8,2950.837636348207,0.1331222951412201
bio_8,2951.113866126364,0.1331222951412201
bio_8,2951.3900959045204,0.1331222951412201
bio_8,2951.6663256826773,0.1331222951412201
bio_8,2951.942555460834,0.1331222951412201
bio_8,2952.2187852389907,0.1331222951412201
bio_8,2952.495015017147,0.1331222951412201
bio_8,2952.771244795304,0.1331222951412201
bio_8,2953.0474745734605,0.1331222951412201
bio_8,2953.3237043516174,0.1331222951412201
bio_8,2953.599934129774,0.1331222951412201
bio_8,2953.8761639079307,0.1331222951412201
bio_8,2954.152393686087,0.1331222951412201
bio_8,2954.428623464244,0.1331222951412201
bio_8,2954.7048532424005,0.1331222951412201
bio_8,2954.981083020557,0.1331222951412201
bio_8,2955.257312798714,0.1331222951412201
bio_8,2955.5335425768703,0.1331222951412201
bio_8,2955.8097723550272,0.1331222951412201
bio_8,2956.0860021331837,0.1331222951412201
bio_8,2956.3622319113406,0.1331222951412201
bio_8,2956.638461689497,0.1331222951412201
bio_8,2956.914691467654,0.1331222951412201
bio_8,2957.1909212458104,0.1331222951412201
bio_8,2957.4671510239673,0.1331222951412201
bio_8,2957.7433808021237,0.1331222951412201
bio_8,2958.0196105802806,0.1331222951412201
bio_8,2958.295840358437,0.1331222951412201
bio_8,2958.572070136594,0.1331222951412201
bio_8,2958.8482999147504,0.1331222951412201
bio_8,2959.1245296929073,0.1331222951412201
bio_8,2959.400759471064,0.1331222951412201
bio_8,2959.6769892492207,0.1331222951412201
bio_8,2959.953219027377,0.1331222951412201
bio_8,2960.229448805534,0.1331222951412201
bio_8,2960.5056785836905,0.1331222951412201
bio_8,2960.781908361847,0.1331222951412201
bio_8,2961.058138140004,0.1331222951412201
bio_8,2961.3343679181603,0.1331222951412201
bio_8,2961.610597696317,0.1331222951412201
bio_8,2961.8868274744736,0.1331222951412201
bio_8,2962.1630572526306,0.1331222951412201
bio_8,2962.439287030787,0.1331222951412201
bio_8,2962.715516808944,0.1331222951412201
bio_8,2962.9917465871004,0.1331222951412201
bio_8,2963.2679763652573,0.1331222951412201
bio_8,2963.5442061434137,0.1331222951412201
bio_8,2963.8204359215706,0.1331222951412201
bio_8,2964.096665699727,0.1331222951412201
bio_8,2964.372895477884,0.1331222951412201
bio_8,2964.6491252560404,0.1331222951412201
bio_8,2964.9253550341973,0.1331222951412201
bio_8,2965.2015848123538,0.1331222951412201
bio_8,2965.4778145905107,0.1331222951412201
bio_8,2965.754044368667,0.1331222951412201
bio_8,2966.030274146824,0.1331222951412201
bio_8,2966.3065039249805,0.1331222951412201
bio_8,2966.582733703137,0.1331222951412201
bio_8,2966.858963481294,0.1331222951412201
bio_8,2967.1351932594503,0.1331222951412201
bio_8,2967.411423037607,0.1331222951412201
bio_8,2967.6876528157636,0.1331222951412201
bio_8,2967.9638825939205,0.1331222951412201
bio_8,2968.240112372077,0.1331222951412201
bio_8,2968.516342150234,0.1331222951412201
bio_8,2968.7925719283903,0.1331222951412201
bio_8,2969.068801706547,0.1331222951412201
bio_8,2969.3450314847037,0.1331222951412201
bio_8,2969.6212612628606,0.1331222951412201
bio_8,2969.897491041017,0.1331222951412201
bio_8,2970.173720819174,0.1331222951412201
bio_8,2970.4499505973304,0.1331222951412201
bio_8,2970.7261803754873,0.1331222951412201
bio_8,2971.0024101536437,0.4862671494483948
bio_8,2971.2786399318006,0.4862671494483948
bio_8,2971.554869709957,0.4862671494483948
bio_8,2971.8310994881135,0.4862671494483948
bio_8,2972.1073292662704,0.4862671494483948
bio_8,2972.383559044427,0.4862671494483948
bio_8,2972.659788822584,0.6605834364891052
bio_8,2972.93601860074,0.6605834364891052
bio_8,2973.212248378897,0.6605834364891052
bio_8,2973.4884781570536,0.6605834364891052
bio_8,2973.7647079352105,0.3661681115627289
bio_8,2974.040937713367,0.3661681115627289
bio_8,2974.317167491524,0.3661681115627289
bio_8,2974.5933972696803,0.2693989872932434
bio_8,2974.869627047837,0.2693989872932434
bio_8,2975.1458568259936,0.2693989872932434
bio_8,2975.4220866041505,0.2693989872932434
bio_8,2975.698316382307,0.2693989872932434
bio_8,2975.974546160464,0.2693989872932434
bio_8,2976.2507759386203,0.2693989872932434
bio_8,2976.5270057167772,0.2693989872932434
bio_8,2976.8032354949337,0.2693989872932434
bio_8,2977.07946527309,0.2693989872932434
bio_8,2977.355695051247,0.2693989872932434
bio_8,2977.6319248294035,0.2693989872932434
bio_8,2977.9081546075604,0.2693989872932434
bio_8,2978.184384385717,0.2693989872932434
bio_8,2978.4606141638737,0.2693989872932434
bio_8,2978.73684394203,0.2693989872932434
bio_8,2979.013073720187,0.2693989872932434
bio_8,2979.2893034983435,0.2693989872932434
bio_8,2979.5655332765004,0.2693989872932434
bio_8,2979.841763054657,0.2693989872932434
bio_8,2980.117992832814,0.2693989872932434
bio_8,2980.3942226109702,0.2693989872932434
bio_8,2980.670452389127,0.2693989872932434
bio_8,2980.9466821672836,0.2693989872932434
bio_8,2981.2229119454405,0.2693989872932434
bio_8,2981.499141723597,0.2693989872932434
bio_8,2981.775371501754,0.2693989872932434
bio_8,2982.0516012799103,0.2693989872932434
bio_8,2982.327831058067,0.2693989872932434
bio_8,2982.6040608362237,0.2693989872932434
bio_8,2982.88029061438,0.2693989872932434
bio_8,2983.156520392537,0.2693989872932434
bio_8,2983.4327501706935,0.2693989872932434
bio_8,2983.7089799488504,0.2693989872932434
bio_8,2983.985209727007,0.2693989872932434
bio_8,2984.2614395051637,0.2693989872932434
bio_8,2984.53766928332,0.2693989872932434
bio_8,2984.813899061477,0.2693989872932434
bio_8,2985.0901288396335,0.2693989872932434
bio_8,2985.3663586177904,0.2693989872932434
bio_8,2985.642588395947,0.2693989872932434
bio_8,2985.9188181741038,0.2693989872932434
bio_8,2986.19504795226,0.2693989872932434
bio_8,2986.471277730417,0.2693989872932434
bio_8,2986.7475075085736,0.2693989872932434
bio_8,2987.0237372867305,0.2693989872932434
bio_8,2987.299967064887,0.2693989872932434
bio_8,2987.576196843044,0.2693989872932434
bio_8,2987.8524266212003,0.2693989872932434
bio_8,2988.128656399357,0.2693989872932434
bio_8,2988.4048861775136,0.2693989872932434
bio_8,2988.68111595567,0.2693989872932434
bio_8,2988.957345733827,0.2693989872932434
bio_8,2989.2335755119834,0.2693989872932434
bio_8,2989.5098052901403,0.2693989872932434
bio_8,2989.7860350682968,0.2693989872932434
bio_8,2990.0622648464537,0.2693989872932434
bio_8,2990.33849462461,0.2693989872932434
bio_8,2990.614724402767,0.2693989872932434
bio_8,2990.8909541809235,0.2693989872932434
bio_8,2991.1671839590804,0.2693989872932434
bio_8,2991.443413737237,0.2693989872932434
bio_8,2991.7196435153937,0.2693989872932434
bio_8,2991.99587329355,0.2693989872932434
bio_8,2992.272103071707,0.2693989872932434
bio_8,2992.5483328498635,0.2693989872932434
bio_8,2992.8245626280204,0.2693989872932434
bio_8,2993.100792406177,0.2693989872932434
bio_8,2993.377022184334,0.2693989872932434
bio_8,2993.6532519624902,0.2693989872932434
bio_8,2993.9294817406467,0.2693989872932434
bio_8,2994.2057115188036,0.2693989872932434
bio_8,2994.48194129696,0.2693989872932434
bio_8,2994.758171075117,0.2693989872932434
bio_8,2995.0344008532734,0.2693989872932434
bio_8,2995.3106306314303,0.2693989872932434
bio_8,2995.5868604095867,0.2693989872932434
bio_8,2995.8630901877436,0.2693989872932434
bio_8,2996.1393199659,0.2693989872932434
bio_8,2996.415549744057,0.2693989872932434
bio_8,2996.6917795222134,0.2693989872932434
bio_8,2996.9680093003703,0.2693989872932434
bio_8,2997.244239078527,0.2693989872932434
bio_8,2997.5204688566837,0.2693989872932434
bio_8,2997.79669863484,0.2693989872932434
bio_8,2998.072928412997,0.2693989872932434
bio_8,2998.3491581911535,0.2693989872932434
bio_8,2998.6253879693104,0.2693989872932434
bio_8,2998.901617747467,0.2693989872932434
bio_8,2999.1778475256233,0.2693989872932434
bio_8,2999.45407730378,0.2693989872932434
bio_8,2999.7303070819366,0.2693989872932434
bio_8,3000.0065368600935,0.2693989872932434
bio_8,3000.28276663825,0.2693989872932434
bio_8,3000.558996416407,0.2693989872932434
bio_8,3000.8352261945633,0.2693989872932434
bio_8,3001.1114559727203,0.2693989872932434
bio_8,3001.3876857508767,0.2693989872932434
bio_8,3001.6639155290336,0.43899643421173096
bio_8,3001.94014530719,0.43899643421173096
bio_8,3002.216375085347,0.43899643421173096
bio_8,3002.4926048635034,0.43899643421173096
bio_8,3002.7688346416603,0.43899643421173096
bio_8,3003.0450644198168,0.43899643421173096
bio_8,3003.3212941979737,0.43899643421173096
bio_8,3003.59752397613,0.43899643421173096
bio_8,3003.873753754287,0.43899643421173096
bio_8,3004.1499835324435,0.43899643421173096
bio_8,3004.4262133106004,0.43899643421173096
bio_8,3004.702443088757,0.43899643421173096
bio_8,3004.9786728669133,0.43899643421173096
bio_8,3005.25490264507,0.43899643421173096
bio_8,3005.5311324232266,0.3949040174484253
bio_8,3005.8073622013835,0.3949040174484253
bio_8,3006.08359197954,0.3949040174484253
bio_8,3006.359821757697,0.3949040174484253
bio_8,3006.6360515358533,0.3949040174484253
bio_8,3006.91228131401,0.3949040174484253
bio_8,3007.1885110921667,0.3949040174484253
bio_8,3007.4647408703236,0.3949040174484253
bio_8,3007.74097064848,0.3949040174484253
bio_8,3008.017200426637,0.3949040174484253
bio_8,3008.2934302047934,0.3949040174484253
bio_8,3008.5696599829503,0.3949040174484253
bio_8,3008.8458897611067,0.3949040174484253
bio_8,3009.1221195392636,0.3949040174484253
bio_8,3009.39834931742,0.3949040174484253
bio_8,3009.674579095577,0.3949040174484253
bio_8,3009.9508088737334,0.3949040174484253
bio_8,3010.2270386518903,0.3949040174484253
bio_8,3010.503268430047,0.3949040174484253
bio_8,3010.779498208203,0.3949040174484253
bio_8,3011.05572798636,0.3949040174484253
bio_8,3011.3319577645166,0.3949040174484253
bio_8,3011.6081875426735,0.3949040174484253
bio_8,3011.88441732083,0.3949040174484253
bio_8,3012.160647098987,0.3949040174484253
bio_8,3012.4368768771433,0.3949040174484253
bio_8,3012.7131066553,0.3949040174484253
bio_8,3012.9893364334566,0.3949040174484253
bio_8,3013.2655662116135,0.3949040174484253
bio_8,3013.54179598977,0.3949040174484253
bio_8,3013.818025767927,0.3949040174484253
bio_8,3014.0942555460833,0.3949040174484253
bio_8,3014.3704853242402,0.3949040174484253
bio_8,3014.6467151023967,0.3949040174484253
bio_8,3014.9229448805536,0.3949040174484253
bio_8,3015.19917465871,0.3949040174484253
bio_8,3015.475404436867,0.3949040174484253
bio_8,3015.7516342150234,0.3949040174484253
bio_8,3016.02786399318,0.3949040174484253
bio_8,3016.3040937713367,0.3949040174484253
bio_8,3016.580323549493,0.3949040174484253
bio_8,3016.85655332765,0.3949040174484253
bio_8,3017.1327831058065,0.7135593891143799
bio_8,3017.4090128839634,0.7135593891143799
bio_8,3017.68524266212,0.7135593891143799
bio_8,3017.961472440277,0.7135593891143799
bio_8,3018.2377022184332,0.7135593891143799
bio_8,3018.51393199659,0.7135593891143799
bio_8,3018.7901617747466,0.7135593891143799
bio_8,3019.0663915529035,0.7135593891143799
bio_8,3019.34262133106,0.7135593891143799
bio_8,3019.618851109217,0.7856407165527344
bio_8,3019.8950808873733,0.8998487591743469
bio_8,3020.17131066553,0.9266589879989624
bio_8,3020.4475404436866,0.9266589879989624
bio_8,3020.7237702218436,0.9266589879989624
bio_8,3021.0,0.9266589879989624
control_type,1,0.2693989872932434
control_type,2,0.05489282310009003
control_type,3,0.05489282310009003
control_type,4,0.04365191236138344
gdem,0.0,0.2693989872932434
gdem,0.06649735578702563,0.2693989872932434
gdem,0.13299471157405127,0.2693989872932434
gdem,0.19949206736107689,0.2693989872932434
gdem,0.26598942314810253,0.2693989872932434
gdem,0.3324867789351282,0.2693989872932434
gdem,0.39898413472215377,0.2693989872932434
gdem,0.4654814905091794,0.2693989872932434
gdem,0.5319788462962051,0.2693989872932434
gdem,0.5984762020832307,0.2693989872932434
gdem,0.6649735578702564,0.2693989872932434
gdem,0.731470913657282,0.2693989872932434
gdem,0.7979682694443075,0.2693989872932434
gdem,0.8644656252313332,0.2693989872932434
gdem,0.9309629810183588,0.2693989872932434
gdem,0.9974603368053845,0.2693989872932434
gdem,1.0639576925924101,0.2693989872932434
gdem,1.1304550483794358,0.2693989872932434
gdem,1.1969524041664614,0.2693989872932434
gdem,1.263449759953487,0.2693989872932434
gdem,1.3299471157405127,0.2693989872932434
gdem,1.3964444715275384,0.2693989872932434
gdem,1.462941827314564,0.2693989872932434
gdem,1.5294391831015897,0.2693989872932434
gdem,1.595936538888615,0.2693989872932434
gdem,1.6624338946756407,0.2693989872932434
gdem,1.7289312504626664,0.2693989872932434
gdem,1.795428606249692,0.2693989872932434
gdem,1.8619259620367177,0.2693989872932434
gdem,1.9284233178237433,0.2693989872932434
gdem,1.994920673610769,0.2693989872932434
gdem,2.0614180293977946,0.2693989872932434
gdem,2.1279153851848203,0.2693989872932434
gdem,2.194412740971846,0.2693989872932434
gdem,2.2609100967588716,0.2693989872932434
gdem,2.327407452545897,0.2693989872932434
gdem,2.393904808332923,0.2693989872932434
gdem,2.4604021641199485,0.2693989872932434
gdem,2.526899519906974,0.2693989872932434
gdem,2.593396875694,0.2693989872932434
gdem,2.6598942314810254,0.2693989872932434
gdem,2.726391587268051,0.2693989872932434
gdem,2.7928889430550767,0.2693989872932434
gdem,2.8593862988421024,0.2693989872932434
gdem,2.925883654629128,0.2693989872932434
gdem,2.9923810104161537,0.2693989872932434
gdem,3.0588783662031793,0.2693989872932434
gdem,3.125375721990205,0.2693989872932434
gdem,3.19187307777723,0.2693989872932434
gdem,3.258370433564256,0.2693989872932434
gdem,3.3248677893512815,0.2693989872932434
gdem,3.391365145138307,0.2693989872932434
gdem,3.4578625009253328,0.2693989872932434
gdem,3.5243598567123584,0.2693989872932434
gdem,3.590857212499384,0.2693989872932434
gdem,3.6573545682864097,0.2693989872932434
gdem,3.7238519240734353,0.2693989872932434
gdem,3.790349279860461,0.2693989872932434
gdem,3.8568466356474866,0.2693989872932434
gdem,3.9233439914345123,0.2693989872932434
gdem,3.989841347221538,0.2693989872932434
gdem,4.056338703008564,0.2693989872932434
gdem,4.122836058795589,0.2693989872932434
gdem,4.189333414582615,0.2693989872932434
gdem,4.2558307703696405,0.2693989872932434
gdem,4.322328126156666,0.2693989872932434
gdem,4.388825481943692,0.2693989872932434
gdem,4.4553228377307175,0.2693989872932434
gdem,4.521820193517743,0.2693989872932434
gdem,4.588317549304769,0.2693989872932434
gdem,4.654814905091794,0.2693989872932434
gdem,4.72131226087882,0.2693989872932434
gdem,4.787809616665846,0.2693989872932434
gdem,4.854306972452871,0.2693989872932434
gdem,4.920804328239897,0.2693989872932434
gdem,4.987301684026923,0.2693989872932434
gdem,5.053799039813948,0.2693989872932434
gdem,5.120296395600974,0.2693989872932434
gdem,5.186793751388,0.2693989872932434
gdem,5.253291107175025,0.2693989872932434
gdem,5.319788462962051,0.2693989872932434
gdem,5.3862858187490765,0.2693989872932434
gdem,5.452783174536102,0.2693989872932434
gdem,5.519280530323128,0.2693989872932434
gdem,5.5857778861101535,0.2693989872932434
gdem,5.652275241897179,0.2693989872932434
gdem,5.718772597684205,0.2693989872932434
gdem,5.78526995347123,0.2693989872932434
gdem,5.851767309258256,0.2693989872932434
gdem,5.918264665045282,0.2693989872932434
gdem,5.984762020832307,0.2693989872932434
gdem,6.051259376619333,0.2693989872932434
gdem,6.117756732406359,0.2693989872932434
gdem,6.184254088193384,0.2693989872932434
gdem,6.25075144398041,0.2693989872932434
gdem,6.317248799767436,0.2693989872932434
gdem,6.38374615555446,0.2693989872932434
gdem,6.450243511341486,0.2693989872932434
gdem,6.516740867128512,0.2693989872932434
gdem,6.583238222915537,0.2693989872932434
gdem,6.649735578702563,0.2693989872932434
gdem,6.716232934489589,0.2693989872932434
gdem,6.782730290276614,0.2693989872932434
gdem,6.84922764606364,0.2693989872932434
gdem,6.9157250018506655,0.2693989872932434
gdem,6.982222357637691,0.2693989872932434
gdem,7.048719713424717,0.2693989872932434
gdem,7.1152170692117425,0.2693989872932434
gdem,7.181714424998768,0.2693989872932434
gdem,7.248211780785794,0.2693989872932434
gdem,7.314709136572819,0.2693989872932434
gdem,7.381206492359845,0.2693989872932434
gdem,7.447703848146871,0.2693989872932434
gdem,7.514201203933896,0.2693989872932434
gdem,7.580698559720922,0.2693989872932434
gdem,7.647195915507948,0.2693989872932434
gdem,7.713693271294973,0.2693989872932434
gdem,7.780190627081999,0.2693989872932434
gdem,7.846687982869025,0.2693989872932434
gdem,7.91318533865605,0.2693989872932434
gdem,7.979682694443076,0.2693989872932434
gdem,8.046180050230102,0.2693989872932434
gdem,8.112677406017127,0.2693989872932434
gdem,8.179174761804154,0.2693989872932434
gdem,8.245672117591178,0.2693989872932434
gdem,8.312169473378205,0.2693989872932434
gdem,8.37866682916523,0.2693989872932434
gdem,8.445164184952256,0.2693989872932434
gdem,8.511661540739281,0.2693989872932434
gdem,8.578158896526306,0.2693989872932434
gdem,8.644656252313332,0.2693989872932434
gdem,8.711153608100357,0.2693989872932434
gdem,8.777650963887384,0.2693989872932434
gdem,8.844148319674408,0.2693989872932434
gdem,8.910645675461435,0.2693989872932434
gdem,8.97714303124846,0.2693989872932434
gdem,9.043640387035486,0.2693989872932434
gdem,9.110137742822511,0.2693989872932434
gdem,9.176635098609538,0.2693989872932434
gdem,9.243132454396562,0.2693989872932434
gdem,9.309629810183589,0.2693989872932434
gdem,9.376127165970614,0.2693989872932434
gdem,9.44262452175764,0.2693989872932434
gdem,9.509121877544665,0.2693989872932434
gdem,9.575619233331691,0.2693989872932434
gdem,9.642116589118716,0.2693989872932434
gdem,9.708613944905743,0.2693989872932434
gdem,9.775111300692767,0.2693989872932434
gdem,9.841608656479794,0.2693989872932434
gdem,9.908106012266819,0.2693989872932434
gdem,9.974603368053845,0.2693989872932434
gdem,10.04110072384087,0.2693989872932434
gdem,10.107598079627897,0.2693989872932434
gdem,10.174095435414921,0.2693989872932434
gdem,10.240592791201948,0.2693989872932434
gdem,10.307090146988973,0.2693989872932434
gdem,10.373587502776,0.2693989872932434
gdem,10.440084858563024,0.2693989872932434
gdem,10.50658221435005,0.2693989872932434
gdem,10.573079570137075,0.2693989872932434
gdem,10.639576925924102,0.2693989872932434
gdem,10.706074281711127,0.2693989872932434
gdem,10.772571637498153,0.2693989872932434
gdem,10.839068993285178,0.2693989872932434
gdem,10.905566349072204,0.2693989872932434
gdem,10.972063704859229,0.2693989872932434
gdem,11.038561060646256,0.2693989872932434
gdem,11.10505841643328,0.2693989872932434
gdem,11.171555772220307,0.2693989872932434
gdem,11.238053128007332,0.2693989872932434
gdem,11.304550483794358,0.2693989872932434
gdem,11.371047839581383,0.2693989872932434
gdem,11.43754519536841,0.2693989872932434
gdem,11.504042551155434,0.2693989872932434
gdem,11.57053990694246,0.2693989872932434
gdem,11.637037262729486,0.2693989872932434
gdem,11.703534618516512,0.2693989872932434
gdem,11.770031974303537,0.2693989872932434
gdem,11.836529330090563,0.2693989872932434
gdem,11.903026685877588,0.2693989872932434
gdem,11.969524041664615,0.2693989872932434
gdem,12.03602139745164,0.2693989872932434
gdem,12.102518753238666,0.2693989872932434
gdem,12.16901610902569,0.2693989872932434
gdem,12.235513464812717,0.2693989872932434
gdem,12.302010820599742,0.2693989872932434
gdem,12.368508176386769,0.2693989872932434
gdem,12.435005532173793,0.2693989872932434
gdem,12.50150288796082,0.2693989872932434
gdem,12.568000243747845,0.2693989872932434
gdem,12.634497599534871,0.2693989872932434
gdem,12.700994955321896,0.2693989872932434
gdem,12.76749231110892,0.2693989872932434
gdem,12.833989666895947,0.2693989872932434
gdem,12.900487022682972,0.2693989872932434
gdem,12.966984378469999,0.2693989872932434
gdem,13.033481734257023,0.2693989872932434
gdem,13.09997909004405,0.2693989872932434
gdem,13.166476445831075,0.2693989872932434
gdem,13.232973801618101,0.2693989872932434
gdem,13.299471157405126,0.2693989872932434
gdem,13.365968513192152,0.2693989872932434
gdem,13.432465868979177,0.2693989872932434
gdem,13.498963224766204,0.2693989872932434
gdem,13.565460580553228,0.2693989872932434
gdem,13.631957936340255,0.2693989872932434
gdem,13.69845529212728,0.2693989872932434
gdem,13.764952647914306,0.2693989872932434
gdem,13.831450003701331,0.2693989872932434
gdem,13.897947359488358,0.2693989872932434
gdem,13.964444715275382,0.2693989872932434
gdem,14.030942071062409,0.2693989872932434
gdem,14.097439426849434,0.2693989872932434
gdem,14.16393678263646,0.2693989872932434
gdem,14.230434138423485,0.2693989872932434
gdem,14.296931494210511,0.2693989872932434
gdem,14.363428849997536,0.2693989872932434
gdem,14.429926205784563,0.2693989872932434
gdem,14.496423561571588,0.2693989872932434
gdem,14.562920917358614,0.2693989872932434
gdem,14.629418273145639,0.2693989872932434
gdem,14.695915628932665,0.2693989872932434
gdem,14.76241298471969,0.2693989872932434
gdem,14.828910340506717,0.2693989872932434
gdem,14.895407696293741,0.2693989872932434
gdem,14.961905052080768,0.2693989872932434
gdem,15.028402407867793,0.2693989872932434
gdem,15.09489976365482,0.2693989872932434
gdem,15.161397119441844,0.2693989872932434
gdem,15.22789447522887,0.2693989872932434
gdem,15.294391831015895,0.2693989872932434
gdem,15.360889186802922,0.2693989872932434
gdem,15.427386542589947,0.2693989872932434
gdem,15.493883898376973,0.2693989872932434
gdem,15.560381254163998,0.2693989872932434
gdem,15.626878609951024,0.2693989872932434
gdem,15.69337596573805,0.2693989872932434
gdem,15.759873321525076,0.2693989872932434
gdem,15.8263706773121,0.2693989872932434
gdem,15.892868033099127,0.2693989872932434
gdem,15.959365388886152,0.2693989872932434
gdem,16.025862744673177,0.2693989872932434
gdem,16.092360100460205,0.2693989872932434
gdem,16.15885745624723,0.2693989872932434
gdem,16.225354812034254,0.2693989872932434
gdem,16.29185216782128,0.2693989872932434
gdem,16.358349523608307,0.2693989872932434
gdem,16.424846879395332,0.2693989872932434
gdem,16.491344235182357,0.2693989872932434
gdem,16.55784159096938,0.03764176368713379
gdem,16.62433894675641,0.03764176368713379
gdem,16.690836302543435,0.03764176368713379
gdem,16.75733365833046,0.03764176368713379
gdem,16.823831014117484,0.03764176368713379
gdem,16.890328369904513,0.03764176368713379
gdem,16.956825725691537,0.03764176368713379
gdem,17.023323081478562,0.03764176368713379
gdem,17.089820437265587,0.03764176368713379
gdem,17.15631779305261,0.03764176368713379
gdem,17.22281514883964,0.03764176368713379
gdem,17.289312504626665,0.03764176368713379
gdem,17.35580986041369,0.03764176368713379
gdem,17.422307216200714,0.03764176368713379
gdem,17.488804571987743,0.03764176368713379
gdem,17.555301927774767,0.03764176368713379
gdem,17.621799283561792,0.03764176368713379
gdem,17.688296639348817,0.03764176368713379
gdem,17.754793995135845,0.03764176368713379
gdem,17.82129135092287,0.03764176368713379
gdem,17.887788706709895,0.03764176368713379
gdem,17.95428606249692,0.03764176368713379
gdem,18.020783418283948,0.03764176368713379
gdem,18.087280774070972,0.03764176368713379
gdem,18.153778129857997,0.03764176368713379
gdem,18.220275485645022,0.03764176368713379
gdem,18.28677284143205,0.03764176368713379
gdem,18.353270197219075,0.03764176368713379
gdem,18.4197675530061,0.03764176368713379
gdem,18.486264908793125,0.03764176368713379
gdem,18.552762264580153,0.03764176368713379
gdem,18.619259620367178,0.03764176368713379
gdem,18.685756976154202,0.03764176368713379
gdem,18.752254331941227,0.03764176368713379
gdem,18.818751687728255,0.03764176368713379
gdem,18.88524904351528,0.03764176368713379
gdem,18.951746399302305,0.03764176368713379
gdem,19.01824375508933,0.03764176368713379
gdem,19.084741110876358,0.03764176368713379
gdem,19.151238466663383,0.03764176368713379
gdem,19.217735822450408,0.03764176368713379
gdem,19.284233178237432,0.03764176368713379
gdem,19.35073053402446,0.03764176368713379
gdem,19.417227889811485,0.03764176368713379
gdem,19.48372524559851,0.03764176368713379
gdem,19.550222601385535,0.03764176368713379
gdem,19.616719957172563,0.03764176368713379
gdem,19.683217312959588,0.03764176368713379
gdem,19.749714668746613,0.03764176368713379
gdem,19.816212024533638,0.03764176368713379
gdem,19.882709380320666,0.03764176368713379
phh2o,55.81165381245876,0.09224341064691544
phh2o,55.893495166933135,0.09224341064691544
phh2o,55.97533652140752,0.09224341064691544
phh2o,56.0571778758819,0.09224341064691544
phh2o,56.139019230356276,0.09224341064691544
phh2o,56.22086058483066,0.09224341064691544
phh2o,56.30270193930504,0.09224341064691544
phh2o,56.38454329377942,0.09224341064691544
phh2o,56.4663846482538,0.09224341064691544
phh2o,56.54822600272818,0.09224341064691544
phh2o,56.63006735720256,0.09224341064691544
phh2o,56.71190871167694,0.09224341064691544
phh2o,56.79375006615132,0.09224341064691544
phh2o,56.8755914206257,0.09224341064691544
phh2o,56.95743277510008,0.09224341064691544
phh2o,57.039274129574466,0.09224341064691544
phh2o,57.12111548404884,0.09224341064691544
phh2o,57.20295683852322,0.09224341064691544
phh2o,57.284798192997606,0.09224341064691544
phh2o,57.36663954747198,0.09224341064691544
phh2o,57.44848090194636,0.09224341064691544
phh2o,57.530322256420746,0.09224341064691544
phh2o,57.612163610895124,0.09224341064691544
phh2o,57.6940049653695,0.09224341064691544
phh2o,57.775846319843886,0.09224341064691544
phh2o,57.857687674318264,0.09224341064691544
phh2o,57.93952902879265,0.09224341064691544
phh2o,58.021370383267026,0.09224341064691544
phh2o,58.103211737741404,0.2693989872932434
phh2o,58.18505309221579,0.2693989872932434
phh2o,58.266894446690166,0.2693989872932434
phh2o,58.348735801164544,0.2693989872932434
phh2o,58.43057715563893,0.2693989872932434
phh2o,58.51241851011331,0.2693989872932434
phh2o,58.594259864587684,0.2693989872932434
phh2o,58.67610121906207,0.2693989872932434
phh2o,58.75794257353645,0.2693989872932434
phh2o,58.83978392801083,0.2693989872932434
phh2o,58.92162528248521,0.2693989872932434
phh2o,59.00346663695959,0.2693989872932434
phh2o,59.08530799143397,0.2693989872932434
phh2o,59.16714934590835,0.2693989872932434
phh2o,59.24899070038273,0.2693989872932434
phh2o,59.33083205485711,0.2693989872932434
phh2o,59.41267340933149,0.2693989872932434
phh2o,59.49451476380587,0.2693989872932434
phh2o,59.57635611828025,0.2693989872932434
phh2o,59.65819747275463,0.2693989872932434
phh2o,59.740038827229014,0.2693989872932434
phh2o,59.82188018170339,0.2693989872932434
phh2o,59.90372153617777,0.2693989872932434
phh2o,59.985562890652155,0.2693989872932434
phh2o,60.06740424512653,0.2693989872932434
phh2o,60.14924559960092,0.2693989872932434
phh2o,60.231086954075295,0.2693989872932434
phh2o,60.31292830854967,0.2693989872932434
phh2o,60.39476966302405,0.2693989872932434
phh2o,60.476611017498435,0.2693989872932434
phh2o,60.55845237197281,0.2693989872932434
phh2o,60.6402937264472,0.2693989872932434
phh2o,60.722135080921575,0.2693989872932434
phh2o,60.80397643539595,0.2693989872932434
phh2o,60.88581778987034,0.2693989872932434
phh2o,60.967659144344715,0.2693989872932434
phh2o,61.0495004988191,0.2693989872932434
phh2o,61.13134185329348,0.2693989872932434
phh2o,61.213183207767855,0.2693989872932434
phh2o,61.29502456224224,0.2693989872932434
phh2o,61.37686591671662,0.2693989872932434
phh2o,61.458707271190995,0.2693989872932434
phh2o,61.54054862566538,0.2693989872932434
phh2o,61.62238998013976,0.2693989872932434
phh2o,61.704231334614136,0.2693989872932434
phh2o,61.78607268908852,0.2693989872932434
phh2o,61.8679140435629,0.2693989872932434
phh2o,61.94975539803728,0.2693989872932434
phh2o,62.03159675251166,0.2693989872932434
phh2o,62.11343810698604,0.2693989872932434
phh2o,62.19527946146042,0.2693989872932434
phh2o,62.2771208159348,0.2693989872932434
phh2o,62.35896217040918,0.2693989872932434
phh2o,62.44080352488356,0.2693989872932434
phh2o,62.52264487935794,0.2693989872932434
phh2o,62.60448623383232,0.2693989872932434
phh2o,62.6863275883067,0.2693989872932434
phh2o,62.76816894278108,0.2693989872932434
phh2o,62.850010297255466,0.2693989872932434
phh2o,62.93185165172984,0.2693989872932434
phh2o,63.01369300620422,0.2693989872932434
phh2o,63.095534360678606,0.2693989872932434
phh2o,63.177375715152984,0.2693989872932434
phh2o,63.25921706962736,0.2693989872932434
phh2o,63.341058424101746,0.2693989872932434
phh2o,63.422899778576124,0.2693989872932434
phh2o,63.5047411330505,0.2693989872932434
phh2o,63.586582487524886,0.2693989872932434
phh2o,63.668423841999264,0.2693989872932434
phh2o,63.75026519647365,0.2693989872932434
phh2o,63.832106550948026,0.2693989872932434
phh2o,63.913947905422404,0.2693989872932434
phh2o,63.99578925989679,0.2693989872932434
phh2o,64.07763061437117,0.2693989872932434
phh2o,64.15947196884555,0.2693989872932434
phh2o,64.24131332331993,0.2693989872932434
phh2o,64.3231546777943,0.2693989872932434
phh2o,64.40499603226868,0.2693989872932434
phh2o,64.48683738674308,0.2693989872932434
phh2o,64.56867874121745,0.2693989872932434
phh2o,64.65052009569183,0.2693989872932434
phh2o,64.73236145016621,0.2693989872932434
phh2o,64.81420280464059,0.2693989872932434
phh2o,64.89604415911496,0.2693989872932434
phh2o,64.97788551358934,0.2693989872932434
phh2o,65.05972686806373,0.2693989872932434
phh2o,65.14156822253811,0.2693989872932434
phh2o,65.22340957701249,0.2693989872932434
phh2o,65.30525093148687,0.2693989872932434
phh2o,65.38709228596124,0.2693989872932434
phh2o,65.46893364043564,0.2693989872932434
phh2o,65.55077499491001,0.2693989872932434
phh2o,65.63261634938439,0.2693989872932434
phh2o,65.71445770385877,0.2693989872932434
phh2o,65.79629905833315,0.2693989872932434
phh2o,65.87814041280754,0.2693989872932434
phh2o,65.95998176728192,0.2693989872932434
phh2o,66.0418231217563,0.2693989872932434
phh2o,66.12366447623067,0.2693989872932434
phh2o,66.20550583070505,0.2693989872932434
phh2o,66.28734718517944,0.2693989872932434
phh2o,66.36918853965382,0.2693989872932434
phh2o,66.4510298941282,0.2693989872932434
phh2o,66.53287124860258,0.2693989872932434
phh2o,66.61471260307695,0.2693989872932434
phh2o,66.69655395755133,0.2693989872932434
phh2o,66.77839531202572,0.2693989872932434
phh2o,66.8602366665001,0.2693989872932434
phh2o,66.94207802097448,0.2693989872932434
phh2o,67.02391937544886,0.2693989872932434
phh2o,67.10576072992323,0.2693989872932434
phh2o,67.18760208439761,0.2693989872932434
phh2o,67.269443438872,0.2693989872932434
phh2o,67.35128479334638,0.2693989872932434
phh2o,67.43312614782076,0.2693989872932434
phh2o,67.51496750229514,0.2693989872932434
phh2o,67.59680885676951,0.2693989872932434
phh2o,67.6786502112439,0.2693989872932434
phh2o,67.76049156571828,0.2693989872932434
phh2o,67.84233292019266,0.2693989872932434
phh2o,67.92417427466704,0.2693989872932434
phh2o,68.00601562914142,0.2693989872932434
phh2o,68.08785698361581,0.2693989872932434
phh2o,68.16969833809019,0.2693989872932434
phh2o,68.25153969256456,0.2693989872932434
phh2o,68.33338104703894,0.2693989872932434
phh2o,68.41522240151332,0.2693989872932434
phh2o,68.49706375598771,0.2693989872932434
phh2o,68.57890511046209,0.2693989872932434
phh2o,68.66074646493647,0.2693989872932434
phh2o,68.74258781941084,0.2693989872932434
phh2o,68.82442917388522,0.2693989872932434
phh2o,68.9062705283596,0.2693989872932434
phh2o,68.98811188283398,0.2693989872932434
phh2o,69.06995323730837,0.2693989872932434
phh2o,69.15179459178275,0.2693989872932434
phh2o,69.23363594625712,0.2693989872932434
phh2o,69.3154773007315,0.2693989872932434
phh2o,69.39731865520588,0.2693989872932434
phh2o,69.47916000968027,0.2693989872932434
phh2o,69.56100136415465,0.2693989872932434
phh2o,69.64284271862903,0.2693989872932434
phh2o,69.7246840731034,0.2693989872932434
phh2o,69.80652542757778,0.2693989872932434
phh2o,69.88836678205217,0.2693989872932434
phh2o,69.97020813652655,0.2693989872932434
phh2o,70.05204949100093,0.2693989872932434
phh2o,70.1338908454753,0.2693989872932434
phh2o,70.21573219994968,0.2693989872932434
phh2o,70.29757355442408,0.2693989872932434
phh2o,70.37941490889845,0.2693989872932434
phh2o,70.46125626337283,0.2693989872932434
phh2o,70.54309761784721,0.2693989872932434
phh2o,70.62493897232159,0.2693989872932434
phh2o,70.70678032679596,0.2693989872932434
phh2o,70.78862168127036,0.2693989872932434
phh2o,70.87046303574473,0.2693989872932434
phh2o,70.95230439021911,0.2693989872932434
phh2o,71.03414574469349,0.2693989872932434
phh2o,71.11598709916787,0.2693989872932434
phh2o,71.19782845364224,0.2693989872932434
phh2o,71.27966980811664,0.2693989872932434
phh2o,71.36151116259101,0.2693989872932434
phh2o,71.44335251706539,0.2693989872932434
phh2o,71.52519387153977,0.2693989872932434
phh2o,71.60703522601415,0.2693989872932434
phh2o,71.68887658048854,0.2693989872932434
phh2o,71.77071793496292,0.2693989872932434
phh2o,71.8525592894373,0.2693989872932434
phh2o,71.93440064391167,0.2693989872932434
phh2o,72.01624199838605,0.2693989872932434
phh2o,72.09808335286044,0.2693989872932434
phh2o,72.17992470733482,0.2693989872932434
phh2o,72.2617660618092,0.2693989872932434
phh2o,72.34360741628358,0.2693989872932434
phh2o,72.42544877075795,0.2693989872932434
phh2o,72.50729012523234,0.2693989872932434
phh2o,72.58913147970672,0.2693989872932434
phh2o,72.6709728341811,0.2693989872932434
phh2o,72.75281418865548,0.2693989872932434
phh2o,72.83465554312986,0.2693989872932434
phh2o,72.91649689760423,0.2693989872932434
phh2o,72.99833825207861,0.2693989872932434
phh2o,73.080179606553,0.2693989872932434
phh2o,73.16202096102738,0.2693989872932434
phh2o,73.24386231550176,0.2693989872932434
phh2o,73.32570366997614,0.2693989872932434
phh2o,73.40754502445051,0.2693989872932434
phh2o,73.4893863789249,0.2693989872932434
phh2o,73.57122773339928,0.2693989872932434
phh2o,73.65306908787366,0.2693989872932434
phh2o,73.73491044234804,0.2693989872932434
phh2o,73.81675179682242,0.2693989872932434
phh2o,73.89859315129681,0.2693989872932434
phh2o,73.98043450577119,0.2693989872932434
phh2o,74.06227586024556,0.2693989872932434
phh2o,74.14411721471994,0.2693989872932434
phh2o,74.22595856919432,0.2693989872932434
phh2o,74.30779992366871,0.2693989872932434
phh2o,74.38964127814309,0.2693989872932434
phh2o,74.47148263261747,0.2693989872932434
phh2o,74.55332398709184,0.2693989872932434
phh2o,74.63516534156622,0.2693989872932434
phh2o,74.71700669604061,0.2693989872932434
phh2o,74.79884805051498,0.2693989872932434
phh2o,74.88068940498937,0.2693989872932434
phh2o,74.96253075946375,0.2693989872932434
phh2o,75.04437211393812,0.2693989872932434
phh2o,75.1262134684125,0.2693989872932434
phh2o,75.20805482288688,0.2693989872932434
phh2o,75.28989617736127,0.2693989872932434
phh2o,75.37173753183565,0.2693989872932434
phh2o,75.45357888631003,0.2693989872932434
phh2o,75.5354202407844,0.2693989872932434
phh2o,75.61726159525878,0.2693989872932434
phh2o,75.69910294973317,0.2693989872932434
phh2o,75.78094430420755,0.2693989872932434
phh2o,75.86278565868193,0.2693989872932434
phh2o,75.9446270131563,0.2693989872932434
phh2o,76.02646836763068,0.2693989872932434
phh2o,76.10830972210508,0.2693989872932434
phh2o,76.19015107657945,0.2693989872932434
phh2o,76.27199243105383,0.2693989872932434
phh2o,76.35383378552821,0.2693989872932434
phh2o,76.43567514000259,0.2693989872932434
phh2o,76.51751649447698,0.2693989872932434
phh2o,76.59935784895136,0.2693989872932434
phh2o,76.68119920342573,0.2693989872932434
phh2o,76.76304055790011,0.2693989872932434
phh2o,76.84488191237449,0.2693989872932434
phh2o,76.92672326684887,0.2693989872932434
phh2o,77.00856462132325,0.2693989872932434
phh2o,77.09040597579764,0.2693989872932434
phh2o,77.17224733027201,0.2693989872932434
phh2o,77.25408868474639,0.2693989872932434
phh2o,77.33593003922077,0.2693989872932434
phh2o,77.41777139369515,0.2693989872932434
phh2o,77.49961274816954,0.2693989872932434
phh2o,77.58145410264392,0.2693989872932434
phh2o,77.6632954571183,0.2693989872932434
phh2o,77.74513681159267,0.2693989872932434
phh2o,77.82697816606705,0.2693989872932434
phh2o,77.90881952054144,0.2693989872932434
phh2o,77.99066087501582,0.2693989872932434
phh2o,78.0725022294902,0.2693989872932434
phh2o,78.15434358396458,0.2693989872932434
phh2o,78.23618493843895,0.2693989872932434
phh2o,78.31802629291334,0.2693989872932434
phh2o,78.39986764738772,0.2693989872932434
phh2o,78.4817090018621,0.2693989872932434
phh2o,78.56355035633648,0.2693989872932434
phh2o,78.64539171081086,0.2693989872932434
phh2o,78.72723306528525,0.2693989872932434
phh2o,78.80907441975961,0.2693989872932434
phh2o,78.890915774234,0.2693989872932434
phh2o,78.97275712870838,0.2693989872932434
phh2o,79.05459848318276,0.2693989872932434
phh2o,79.13643983765714,0.2693989872932434
phh2o,79.21828119213151,0.2693989872932434
phh2o,79.3001225466059,0.2693989872932434
phh2o,79.38196390108028,0.2693989872932434
phh2o,79.46380525555466,0.2693989872932434
phh2o,79.54564661002904,0.2693989872932434
phh2o,79.62748796450342,0.2693989872932434
phh2o,79.70932931897781,0.2693989872932434
phh2o,79.79117067345219,0.2693989872932434
phh2o,79.87301202792656,0.2693989872932434
phh2o,79.95485338240094,0.2693989872932434
phh2o,80.03669473687532,0.2693989872932434
phh2o,80.11853609134971,0.2693989872932434
phh2o,80.20037744582409,0.2693989872932434
phh2o,80.28221880029847,0.2693989872932434
removal_age,1.0,0.33655205368995667
removal_age,1.1973244147157192,0.33655205368995667
removal_age,1.394648829431438,0.33655205368995667
removal_age,1.5919732441471572,0.33655205368995667
removal_age,1.7892976588628762,0.33655205368995667
removal_age,1.9866220735785953,0.33655205368995667
removal_age,2.1839464882943145,0.33655205368995667
removal_age,2.3812709030100336,0.33655205368995667
removal_age,2.5785953177257523,0.33655205368995667
removal_age,2.775919732441472,0.33655205368995667
removal_age,2.9732441471571907,0.33655205368995667
removal_age,3.17056856187291,0.33655205368995667
removal_age,3.367892976588629,0.33655205368995667
removal_age,3.565217391304348,0.2420952469110489
removal_age,3.762541806020067,0.2420952469110489
removal_age,3.959866220735786,0.2420952469110489
removal_age,4.157190635451505,0.2420952469110489
removal_age,4.354515050167224,0.2420952469110489
removal_age,4.551839464882944,0.2420952469110489
removal_age,4.749163879598662,0.2420952469110489
removal_age,4.946488294314381,0.2420952469110489
removal_age,5.143812709030101,0.2420952469110489
removal_age,5.34113712374582,0.2420952469110489
removal_age,5.538461538461538,0.2420952469110489
removal_age,5.735785953177258,0.2420952469110489
removal_age,5.933110367892977,0.2420952469110489
removal_age,6.130434782608696,0.2420952469110489
removal_age,6.327759197324415,0.2420952469110489
removal_age,6.525083612040134,0.2420952469110489
removal_age,6.722408026755853,0.2420952469110489
removal_age,6.919732441471572,0.2420952469110489
removal_age,7.117056856187292,0.2420952469110489
removal_age,7.31438127090301,0.2420952469110489
removal_age,7.511705685618729,0.2420952469110489
removal_age,7.709030100334449,0.2420952469110489
removal_age,7.906354515050167,0.2420952469110489
removal_age,8.103678929765888,0.2420952469110489
removal_age,8.301003344481606,0.2420952469110489
removal_age,8.498327759197323,0.2420952469110489
removal_age,8.695652173913043,0.2420952469110489
removal_age,8.892976588628763,0.2420952469110489
removal_age,9.090301003344482,0.2420952469110489
removal_age,9.287625418060202,0.2420952469110489
removal_age,9.48494983277592,0.2420952469110489
removal_age,9.68227424749164,0.09834127873182297
removal_age,9.879598662207359,0.09834127873182297
removal_age,10.076923076923077,0.09834127873182297
removal_age,10.274247491638796,0.09834127873182297
removal_age,10.471571906354516,0.09834127873182297
removal_age,10.668896321070234,0.09834127873182297
removal_age,10.866220735785953,0.09834127873182297
removal_age,11.063545150501673,0.09834127873182297
removal_age,11.260869565217392,0.09834127873182297
removal_age,11.45819397993311,0.09834127873182297
removal_age,11.65551839464883,0.09834127873182297
removal_age,11.85284280936455,0.09834127873182297
removal_age,12.050167224080267,0.09834127873182297
removal_age,12.247491638795987,0.09834127873182297
removal_age,12.444816053511706,0.09834127873182297
removal_age,12.642140468227424,0.08248116821050644
removal_age,12.839464882943144,0.08248116821050644
removal_age,13.036789297658864,0.08248116821050644
removal_age,13.234113712374583,0.08248116821050644
removal_age,13.431438127090301,0.08248116821050644
removal_age,13.62876254180602,0.07175631076097488
removal_age,13.82608695652174,0.07175631076097488
removal_age,14.023411371237458,0.07175631076097488
removal_age,14.220735785953178,0.07175631076097488
removal_age,14.418060200668897,0.07175631076097488
removal_age,14.615384615384617,0.061751484870910645
removal_age,14.812709030100335,0.061751484870910645
removal_age,15.010033444816054,0.061751484870910645
removal_age,15.207357859531774,0.061751484870910645
removal_age,15.404682274247492,0.061751484870910645
removal_age,15.602006688963211,0.061751484870910645
removal_age,15.79933110367893,0.061751484870910645
removal_age,15.996655518394649,0.061751484870910645
removal_age,16.19397993311037,0.061751484870910645
removal_age,16.391304347826086,0.061751484870910645
removal_age,16.58862876254181,0.061751484870910645
removal_age,16.785953177257525,0.061751484870910645
removal_age,16.983277591973245,0.061751484870910645
removal_age,17.180602006688964,0.061751484870910645
removal_age,17.377926421404684,0.061751484870910645
removal_age,17.575250836120404,0.14202934503555298
removal_age,17.77257525083612,0.14202934503555298
removal_age,17.96989966555184,0.14202934503555298
removal_age,18.16722408026756,0.14202934503555298
removal_age,18.36454849498328,0.14202934503555298
removal_age,18.561872909698998,0.14202934503555298
removal_age,18.759197324414718,0.14202934503555298
removal_age,18.956521739130434,0.14202934503555298
removal_age,19.153846153846153,0.14202934503555298
removal_age,19.351170568561873,0.14202934503555298
removal_age,19.548494983277592,0.14202934503555298
removal_age,19.745819397993312,0.14202934503555298
removal_age,19.94314381270903,0.14202934503555298
removal_age,20.14046822742475,0.14202934503555298
removal_age,20.337792642140467,0.14202934503555298
removal_age,20.535117056856187,0.14202934503555298
removal_age,20.732441471571907,0.14202934503555298
removal_age,20.929765886287626,0.14202934503555298
removal_age,21.127090301003346,0.14202934503555298
removal_age,21.324414715719065,0.14202934503555298
removal_age,21.521739130434785,0.14202934503555298
removal_age,21.7190635451505,0.14202934503555298
removal_age,21.91638795986622,0.14202934503555298
removal_age,22.11371237458194,0.14202934503555298
removal_age,22.31103678929766,0.14202934503555298
removal_age,22.50836120401338,0.14202934503555298
removal_age,22.7056856187291,0.14202934503555298
removal_age,22.90301003344482,0.14202934503555298
removal_age,23.100334448160535,0.14202934503555298
removal_age,23.297658862876254,0.14202934503555298
removal_age,23.494983277591974,0.14202934503555298
removal_age,23.692307692307693,0.14202934503555298
removal_age,23.889632107023413,0.14202934503555298
removal_age,24.086956521739133,0.14202934503555298
removal_age,24.28428093645485,0.14202934503555298
removal_age,24.48160535117057,0.14202934503555298
removal_age,24.678929765886288,0.14202934503555298
removal_age,24.876254180602007,0.14202934503555298
removal_age,25.073578595317727,0.14202934503555298
removal_age,25.270903010033447,0.14202934503555298
removal_age,25.468227424749166,0.14202934503555298
removal_age,25.665551839464882,0.14202934503555298
removal_age,25.862876254180602,0.14202934503555298
removal_age,26.06020066889632,0.14202934503555298
removal_age,26.25752508361204,0.14202934503555298
removal_age,26.45484949832776,0.14202934503555298
removal_age,26.65217391304348,0.2866447865962982
removal_age,26.8494983277592,0.2866447865962982
removal_age,27.046822742474916,0.2866447865962982
removal_age,27.244147157190636,0.2866447865962982
removal_age,27.441471571906355,0.2866447865962982
removal_age,27.638795986622075,0.44078385829925537
removal_age,27.836120401337794,0.44078385829925537
removal_age,28.033444816053514,0.44078385829925537
removal_age,28.230769230769234,0.44078385829925537
removal_age,28.42809364548495,0.44078385829925537
removal_age,28.62541806020067,0.2693989872932434
removal_age,28.82274247491639,0.2693989872932434
removal_age,29.02006688963211,0.2693989872932434
removal_age,29.217391304347828,0.2693989872932434
removal_age,29.414715719063548,0.2693989872932434
removal_age,29.612040133779264,0.2693989872932434
removal_age,29.809364548494983,0.2693989872932434
removal_age,30.006688963210703,0.2693989872932434
removal_age,30.204013377926422,0.2693989872932434
removal_age,30.401337792642142,0.2693989872932434
removal_age,30.59866220735786,0.2693989872932434
removal_age,30.79598662207358,0.2693989872932434
removal_age,30.993311036789297,0.2693989872932434
removal_age,31.190635451505017,0.2693989872932434
removal_age,31.387959866220736,0.2693989872932434
removal_age,31.585284280936456,0.2693989872932434
removal_age,31.782608695652176,0.2693989872932434
removal_age,31.979933110367895,0.2693989872932434
removal_age,32.17725752508362,0.2693989872932434
removal_age,32.37458193979933,0.2693989872932434
removal_age,32.57190635451505,0.2693989872932434
removal_age,32.769230769230774,0.2693989872932434
removal_age,32.96655518394649,0.2693989872932434
removal_age,33.163879598662206,0.2693989872932434
removal_age,33.36120401337793,0.2693989872932434
removal_age,33.558528428093645,0.09279797226190567
removal_age,33.75585284280937,0.09279797226190567
removal_age,33.953177257525084,0.09279797226190567
removal_age,34.15050167224081,0.09279797226190567
removal_age,34.34782608695652,0.09279797226190567
removal_age,34.54515050167224,0.09279797226190567
removal_age,34.74247491638796,0.09279797226190567
removal_age,34.93979933110368,0.09279797226190567
removal_age,35.1371237458194,0.09279797226190567
removal_age,35.33444816053512,0.09279797226190567
removal_age,35.53177257525084,0.03442094847559929
removal_age,35.72909698996656,0.03442094847559929
removal_age,35.92642140468227,0.03442094847559929
removal_age,36.123745819397996,0.03442094847559929
removal_age,36.32107023411371,0.03442094847559929
removal_age,36.518394648829435,0.004274626728147268
removal_age,36.71571906354515,0.004274626728147268
removal_age,36.91304347826087,0.004274626728147268
removal_age,37.11036789297659,0.004274626728147268
removal_age,37.30769230769231,0.004274626728147268
removal_age,37.50501672240803,5.103468083689222E-6
removal_age,37.702341137123746,5.103468083689222E-6
removal_age,37.89966555183947,5.103468083689222E-6
removal_age,38.096989966555185,5.103468083689222E-6
removal_age,38.2943143812709,5.103468083689222E-6
removal_age,38.491638795986624,5.103468083689222E-6
removal_age,38.68896321070234,5.103468083689222E-6
removal_age,38.88628762541806,5.103468083689222E-6
removal_age,39.08361204013378,5.103468083689222E-6
removal_age,39.2809364548495,5.103468083689222E-6
removal_age,39.47826086956522,5.103468083689222E-6
removal_age,39.675585284280935,0.046586159616708755
removal_age,39.87290969899666,0.046586159616708755
removal_age,40.070234113712374,0.046586159616708755
removal_age,40.2675585284281,0.046586159616708755
removal_age,40.46488294314381,0.046586159616708755
removal_age,40.662207357859536,0.046586159616708755
removal_age,40.85953177257525,0.046586159616708755
removal_age,41.05685618729097,0.046586159616708755
removal_age,41.25418060200669,0.046586159616708755
removal_age,41.45150501672241,0.046586159616708755
removal_age,41.64882943143813,0.11850942671298981
removal_age,41.84615384615385,0.11850942671298981
removal_age,42.04347826086957,0.11850942671298981
removal_age,42.240802675585286,0.11850942671298981
removal_age,42.438127090301,0.11850942671298981
removal_age,42.635451505016725,0.11850942671298981
removal_age,42.83277591973244,0.11850942671298981
removal_age,43.030100334448164,0.11850942671298981
removal_age,43.22742474916388,0.11850942671298981
removal_age,43.4247491638796,0.11850942671298981
removal_age,43.62207357859532,0.11850942671298981
removal_age,43.819397993311036,0.11850942671298981
removal_age,44.01672240802676,0.11850942671298981
removal_age,44.214046822742475,0.11850942671298981
removal_age,44.4113712374582,0.11850942671298981
removal_age,44.608695652173914,0.11850942671298981
removal_age,44.80602006688964,0.11850942671298981
removal_age,45.00334448160535,0.11850942671298981
removal_age,45.20066889632107,0.11850942671298981
removal_age,45.39799331103679,0.11850942671298981
removal_age,45.59531772575251,0.11850942671298981
removal_age,45.79264214046823,0.11850942671298981
removal_age,45.98996655518395,0.11850942671298981
removal_age,46.18729096989967,0.11850942671298981
removal_age,46.38461538461539,0.11850942671298981
removal_age,46.5819397993311,0.11850942671298981
removal_age,46.779264214046826,0.11850942671298981
removal_age,46.97658862876254,0.11850942671298981
removal_age,47.173913043478265,0.11850942671298981
removal_age,47.37123745819398,0.11850942671298981
removal_age,47.5685618729097,0.06398345530033112
removal_age,47.76588628762542,0.06398345530033112
removal_age,47.96321070234114,0.06398345530033112
removal_age,48.16053511705686,0.06398345530033112
removal_age,48.357859531772576,0.06398345530033112
removal_age,48.5551839464883,0.06398345530033112
removal_age,48.752508361204015,0.06398345530033112
removal_age,48.94983277591973,0.06398345530033112
removal_age,49.147157190635454,0.06398345530033112
removal_age,49.34448160535117,0.06398345530033112
removal_age,49.54180602006689,0.02600371651351452
removal_age,49.73913043478261,0.02600371651351452
removal_age,49.93645484949833,0.02600371651351452
removal_age,50.13377926421405,0.02600371651351452
removal_age,50.331103678929765,0.02600371651351452
removal_age,50.52842809364549,0.02600371651351452
removal_age,50.725752508361204,0.02600371651351452
removal_age,50.92307692307693,0.02600371651351452
removal_age,51.12040133779264,0.02600371651351452
removal_age,51.317725752508366,0.02600371651351452
removal_age,51.51505016722408,0.02600371651351452
removal_age,51.7123745819398,0.02600371651351452
removal_age,51.90969899665552,0.02600371651351452
removal_age,52.10702341137124,0.02600371651351452
removal_age,52.30434782608696,0.02600371651351452
removal_age,52.50167224080268,0.02600371651351452
removal_age,52.6989966555184,0.02600371651351452
removal_age,52.896321070234116,0.02600371651351452
removal_age,53.09364548494983,0.02600371651351452
removal_age,53.290969899665555,0.02600371651351452
removal_age,53.48829431438127,0.02600371651351452
removal_age,53.685618729096994,0.02600371651351452
removal_age,53.88294314381271,0.02600371651351452
removal_age,54.08026755852843,0.02600371651351452
removal_age,54.27759197324415,0.02600371651351452
removal_age,54.474916387959865,0.02600371651351452
removal_age,54.67224080267559,0.02600371651351452
removal_age,54.869565217391305,0.02600371651351452
removal_age,55.06688963210703,0.02600371651351452
removal_age,55.264214046822744,0.02600371651351452
removal_age,55.46153846153847,0.02600371651351452
removal_age,55.65886287625418,0.02600371651351452
removal_age,55.8561872909699,0.02600371651351452
removal_age,56.05351170568562,0.02600371651351452
removal_age,56.25083612040134,0.02600371651351452
removal_age,56.44816053511706,0.02600371651351452
removal_age,56.64548494983278,0.02600371651351452
removal_age,56.84280936454849,0.02600371651351452
removal_age,57.04013377926422,0.02600371651351452
removal_age,57.23745819397993,0.02600371651351452
removal_age,57.434782608695656,0.02600371651351452
removal_age,57.63210702341137,0.02600371651351452
removal_age,57.829431438127095,0.02600371651351452
removal_age,58.02675585284281,0.02600371651351452
removal_age,58.22408026755853,0.02600371651351452
removal_age,58.42140468227425,0.02600371651351452
removal_age,58.618729096989966,0.02600371651351452
removal_age,58.81605351170569,0.02600371651351452
removal_age,59.013377926421406,0.02600371651351452
removal_age,59.21070234113713,0.02600371651351452
removal_age,59.408026755852845,0.02600371651351452
removal_age,59.60535117056856,0.02600371651351452
removal_age,59.802675585284284,0.02600371651351452
removal_age,60.0,0.02600371651351452
salinity_0,4.618775217168713,0.5794366002082825
salinity_0,4.714748622377291,0.5794366002082825
salinity_0,4.81072202758587,0.5794366002082825
salinity_0,4.906695432794448,0.5794366002082825
salinity_0,5.002668838003028,0.5794366002082825
salinity_0,5.098642243211606,0.5794366002082825
salinity_0,5.194615648420185,0.5794366002082825
salinity_0,5.290589053628763,0.5794366002082825
salinity_0,5.386562458837342,0.5794366002082825
salinity_0,5.4825358640459205,0.5794366002082825
salinity_0,5.578509269254499,0.5794366002082825
salinity_0,5.6744826744630785,0.5794366002082825
salinity_0,5.770456079671657,0.5794366002082825
salinity_0,5.866429484880236,0.5794366002082825
salinity_0,5.962402890088814,0.5794366002082825
salinity_0,6.058376295297393,0.19561919569969177
salinity_0,6.154349700505971,0.19561919569969177
salinity_0,6.25032310571455,0.19561919569969177
salinity_0,6.346296510923128,0.19561919569969177
salinity_0,6.442269916131708,0.19561919569969177
salinity_0,6.538243321340286,0.19561919569969177
salinity_0,6.634216726548865,0.19561919569969177
salinity_0,6.7301901317574435,0.19561919569969177
salinity_0,6.826163536966022,0.19561919569969177
salinity_0,6.9221369421746015,0.19561919569969177
salinity_0,7.01811034738318,0.19561919569969177
salinity_0,7.114083752591759,0.19561919569969177
salinity_0,7.210057157800337,0.19561919569969177
salinity_0,7.306030563008916,0.19561919569969177
salinity_0,7.402003968217494,0.19561919569969177
salinity_0,7.497977373426073,0.19561919569969177
salinity_0,7.593950778634651,0.19561919569969177
salinity_0,7.68992418384323,0.19561919569969177
salinity_0,7.7858975890518085,0.19561919569969177
salinity_0,7.881870994260388,0.19561919569969177
salinity_0,7.9778443994689665,0.19561919569969177
salinity_0,8.073817804677546,0.19561919569969177
salinity_0,8.169791209886125,0.19561919569969177
salinity_0,8.265764615094703,0.19561919569969177
salinity_0,8.361738020303282,0.19561919569969177
salinity_0,8.45771142551186,0.19561919569969177
salinity_0,8.553684830720439,0.19561919569969177
salinity_0,8.649658235929017,0.19561919569969177
salinity_0,8.745631641137596,0.19561919569969177
salinity_0,8.841605046346174,0.19561919569969177
salinity_0,8.937578451554753,0.19561919569969177
salinity_0,9.033551856763332,0.19561919569969177
salinity_0,9.12952526197191,0.19561919569969177
salinity_0,9.225498667180489,0.19561919569969177
salinity_0,9.321472072389067,0.19561919569969177
salinity_0,9.417445477597646,0.19561919569969177
salinity_0,9.513418882806224,0.19561919569969177
salinity_0,9.609392288014803,0.19561919569969177
salinity_0,9.705365693223381,0.19561919569969177
salinity_0,9.801339098431962,0.19561919569969177
salinity_0,9.89731250364054,0.19561919569969177
salinity_0,9.993285908849119,0.19561919569969177
salinity_0,10.089259314057697,0.19561919569969177
salinity_0,10.185232719266276,0.19561919569969177
salinity_0,10.281206124474854,0.19561919569969177
salinity_0,10.377179529683433,0.19561919569969177
salinity_0,10.473152934892013,0.19561919569969177
salinity_0,10.569126340100592,0.19561919569969177
salinity_0,10.66509974530917,0.19561919569969177
salinity_0,10.761073150517749,0.19561919569969177
salinity_0,10.857046555726328,0.19561919569969177
salinity_0,10.953019960934906,0.19561919569969177
salinity_0,11.048993366143485,0.19561919569969177
salinity_0,11.144966771352063,0.19561919569969177
salinity_0,11.240940176560642,0.19561919569969177
salinity_0,11.33691358176922,0.19561919569969177
salinity_0,11.432886986977799,0.19561919569969177
salinity_0,11.528860392186377,0.19561919569969177
salinity_0,11.624833797394956,0.19561919569969177
salinity_0,11.720807202603535,0.19561919569969177
salinity_0,11.816780607812113,0.19561919569969177
salinity_0,11.912754013020692,0.19561919569969177
salinity_0,12.00872741822927,0.19561919569969177
salinity_0,12.104700823437849,0.19561919569969177
salinity_0,12.200674228646427,0.19561919569969177
salinity_0,12.296647633855006,0.19561919569969177
salinity_0,12.392621039063584,0.19561919569969177
salinity_0,12.488594444272165,0.19561919569969177
salinity_0,12.584567849480743,0.19561919569969177
salinity_0,12.680541254689322,0.19561919569969177
salinity_0,12.7765146598979,0.19561919569969177
salinity_0,12.872488065106479,0.19561919569969177
salinity_0,12.968461470315058,0.19561919569969177
salinity_0,13.064434875523636,0.19561919569969177
salinity_0,13.160408280732215,0.19561919569969177
salinity_0,13.256381685940793,0.19561919569969177
salinity_0,13.352355091149372,0.19561919569969177
salinity_0,13.44832849635795,0.19561919569969177
salinity_0,13.54430190156653,0.19561919569969177
salinity_0,13.64027530677511,0.19561919569969177
salinity_0,13.736248711983688,0.19561919569969177
salinity_0,13.832222117192266,0.19561919569969177
salinity_0,13.928195522400845,0.19561919569969177
salinity_0,14.024168927609423,0.19561919569969177
salinity_0,14.120142332818002,0.19561919569969177
salinity_0,14.21611573802658,0.19561919569969177
salinity_0,14.31208914323516,0.19561919569969177
salinity_0,14.408062548443738,0.19561919569969177
salinity_0,14.504035953652316,0.19561919569969177
salinity_0,14.600009358860895,0.19561919569969177
salinity_0,14.695982764069473,0.19561919569969177
salinity_0,14.791956169278052,0.19561919569969177
salinity_0,14.887929574486632,0.19561919569969177
salinity_0,14.98390297969521,0.19561919569969177
salinity_0,15.07987638490379,0.19561919569969177
salinity_0,15.175849790112368,0.19561919569969177
salinity_0,15.271823195320946,0.19561919569969177
salinity_0,15.367796600529525,0.19561919569969177
salinity_0,15.463770005738104,0.19561919569969177
salinity_0,15.559743410946682,0.19561919569969177
salinity_0,15.65571681615526,0.19561919569969177
salinity_0,15.75169022136384,0.19561919569969177
salinity_0,15.847663626572418,0.19561919569969177
salinity_0,15.943637031780996,0.19561919569969177
salinity_0,16.039610436989577,0.19561919569969177
salinity_0,16.13558384219815,0.19561919569969177
salinity_0,16.231557247406734,0.19561919569969177
salinity_0,16.327530652615312,0.19561919569969177
salinity_0,16.42350405782389,0.19561919569969177
salinity_0,16.51947746303247,0.19561919569969177
salinity_0,16.615450868241048,0.19561919569969177
salinity_0,16.711424273449627,0.19561919569969177
salinity_0,16.807397678658205,0.19561919569969177
salinity_0,16.903371083866784,0.19561919569969177
salinity_0,16.999344489075362,0.19561919569969177
salinity_0,17.09531789428394,0.19561919569969177
salinity_0,17.19129129949252,0.19561919569969177
salinity_0,17.287264704701098,0.19561919569969177
salinity_0,17.383238109909676,0.19561919569969177
salinity_0,17.479211515118255,0.19561919569969177
salinity_0,17.575184920326834,0.19561919569969177
salinity_0,17.671158325535416,0.19561919569969177
salinity_0,17.76713173074399,0.19561919569969177
salinity_0,17.863105135952573,0.19561919569969177
salinity_0,17.959078541161148,0.19561919569969177
salinity_0,18.05505194636973,0.19561919569969177
salinity_0,18.151025351578305,0.19561919569969177
salinity_0,18.246998756786887,0.19561919569969177
salinity_0,18.342972161995462,0.19561919569969177
salinity_0,18.438945567204044,0.19561919569969177
salinity_0,18.53491897241262,0.19561919569969177
salinity_0,18.6308923776212,0.19561919569969177
salinity_0,18.726865782829776,0.19561919569969177
salinity_0,18.82283918803836,0.19561919569969177
salinity_0,18.918812593246933,0.19561919569969177
salinity_0,19.014785998455515,0.19561919569969177
salinity_0,19.110759403664094,0.19561919569969177
salinity_0,19.206732808872673,0.19561919569969177
salinity_0,19.30270621408125,0.19561919569969177
salinity_0,19.39867961928983,0.19561919569969177
salinity_0,19.494653024498408,0.19561919569969177
salinity_0,19.590626429706987,0.19561919569969177
salinity_0,19.686599834915565,0.19561919569969177
salinity_0,19.782573240124144,0.19561919569969177
salinity_0,19.878546645332722,0.19561919569969177
salinity_0,19.9745200505413,0.19561919569969177
salinity_0,20.07049345574988,0.19561919569969177
salinity_0,20.166466860958458,0.19561919569969177
salinity_0,20.262440266167037,0.19561919569969177
salinity_0,20.358413671375615,0.19561919569969177
salinity_0,20.454387076584197,0.19561919569969177
salinity_0,20.550360481792772,0.19561919569969177
salinity_0,20.646333887001354,0.19561919569969177
salinity_0,20.74230729220993,0.19561919569969177
salinity_0,20.83828069741851,0.2693989872932434
salinity_0,20.934254102627087,0.2693989872932434
salinity_0,21.03022750783567,0.2693989872932434
salinity_0,21.126200913044244,0.2693989872932434
salinity_0,21.222174318252826,0.2693989872932434
salinity_0,21.3181477234614,0.2693989872932434
salinity_0,21.414121128669983,0.2693989872932434
salinity_0,21.510094533878558,0.2693989872932434
salinity_0,21.60606793908714,0.2693989872932434
salinity_0,21.702041344295715,0.2693989872932434
salinity_0,21.798014749504297,0.2693989872932434
salinity_0,21.893988154712872,0.2693989872932434
salinity_0,21.989961559921454,0.2693989872932434
salinity_0,22.08593496513003,0.2693989872932434
salinity_0,22.18190837033861,0.2693989872932434
salinity_0,22.277881775547186,0.2693989872932434
salinity_0,22.37385518075577,0.2693989872932434
salinity_0,22.46982858596435,0.2693989872932434
salinity_0,22.565801991172926,0.2693989872932434
salinity_0,22.661775396381508,0.2693989872932434
salinity_0,22.757748801590083,0.2693989872932434
salinity_0,22.853722206798665,0.2693989872932434
salinity_0,22.94969561200724,0.2693989872932434
salinity_0,23.045669017215822,0.2693989872932434
salinity_0,23.141642422424397,0.2693989872932434
salinity_0,23.23761582763298,0.2693989872932434
salinity_0,23.333589232841554,0.2693989872932434
salinity_0,23.429562638050136,0.2693989872932434
salinity_0,23.52553604325871,0.2693989872932434
salinity_0,23.621509448467293,0.2693989872932434
salinity_0,23.717482853675868,0.2693989872932434
salinity_0,23.81345625888445,0.2693989872932434
salinity_0,23.909429664093025,0.2693989872932434
salinity_0,24.005403069301607,0.2693989872932434
salinity_0,24.101376474510182,0.2693989872932434
salinity_0,24.197349879718764,0.2693989872932434
salinity_0,24.29332328492734,0.2693989872932434
salinity_0,24.38929669013592,0.2693989872932434
salinity_0,24.485270095344497,0.2693989872932434
salinity_0,24.58124350055308,0.2693989872932434
salinity_0,24.677216905761654,0.2693989872932434
salinity_0,24.773190310970236,0.2693989872932434
salinity_0,24.86916371617881,0.2693989872932434
salinity_0,24.965137121387393,0.2693989872932434
salinity_0,25.061110526595968,0.2693989872932434
salinity_0,25.15708393180455,0.2693989872932434
salinity_0,25.253057337013132,0.2693989872932434
salinity_0,25.349030742221707,0.2693989872932434
salinity_0,25.44500414743029,0.2693989872932434
salinity_0,25.540977552638864,0.2693989872932434
salinity_0,25.636950957847446,0.2693989872932434
salinity_0,25.73292436305602,0.2693989872932434
salinity_0,25.828897768264603,0.2693989872932434
salinity_0,25.92487117347318,0.2693989872932434
salinity_0,26.02084457868176,0.2693989872932434
salinity_0,26.116817983890336,0.2693989872932434
salinity_0,26.212791389098918,0.2693989872932434
salinity_0,26.308764794307493,0.2693989872932434
salinity_0,26.404738199516075,0.2693989872932434
salinity_0,26.50071160472465,0.2693989872932434
salinity_0,26.596685009933232,0.2693989872932434
salinity_0,26.692658415141807,0.2693989872932434
salinity_0,26.78863182035039,0.2693989872932434
salinity_0,26.884605225558964,0.2693989872932434
salinity_0,26.980578630767546,0.2693989872932434
salinity_0,27.07655203597612,0.2693989872932434
salinity_0,27.172525441184703,0.2693989872932434
salinity_0,27.26849884639328,0.2693989872932434
salinity_0,27.36447225160186,0.2693989872932434
salinity_0,27.460445656810435,0.2693989872932434
salinity_0,27.556419062019017,0.2693989872932434
salinity_0,27.652392467227592,0.2693989872932434
salinity_0,27.748365872436175,0.2693989872932434
salinity_0,27.844339277644757,0.2693989872932434
salinity_0,27.94031268285333,0.2693989872932434
salinity_0,28.036286088061914,0.2693989872932434
salinity_0,28.13225949327049,0.2693989872932434
salinity_0,28.22823289847907,0.2693989872932434
salinity_0,28.324206303687646,0.2693989872932434
salinity_0,28.420179708896228,0.2693989872932434
salinity_0,28.516153114104803,0.2693989872932434
salinity_0,28.612126519313385,0.2693989872932434
salinity_0,28.70809992452196,0.2693989872932434
salinity_0,28.804073329730542,0.2693989872932434
salinity_0,28.900046734939117,0.2693989872932434
salinity_0,28.9960201401477,0.2693989872932434
salinity_0,29.091993545356274,0.2693989872932434
salinity_0,29.187966950564856,0.2693989872932434
salinity_0,29.28394035577343,0.2693989872932434
salinity_0,29.379913760982014,0.19348862767219543
salinity_0,29.47588716619059,0.19348862767219543
salinity_0,29.57186057139917,0.19348862767219543
salinity_0,29.667833976607746,0.19348862767219543
salinity_0,29.763807381816328,0.19348862767219543
salinity_0,29.859780787024903,0.19348862767219543
salinity_0,29.955754192233485,0.19348862767219543
salinity_0,30.05172759744206,0.19348862767219543
salinity_0,30.147701002650642,0.19348862767219543
salinity_0,30.243674407859217,0.19348862767219543
salinity_0,30.3396478130678,0.19348862767219543
salinity_0,30.435621218276374,0.19348862767219543
salinity_0,30.531594623484956,0.19348862767219543
salinity_0,30.62756802869354,0.19348862767219543
salinity_0,30.723541433902113,0.19348862767219543
salinity_0,30.819514839110695,0.23831580579280853
salinity_0,30.91548824431927,0.23831580579280853
salinity_0,31.011461649527853,0.23831580579280853
salinity_0,31.107435054736428,0.23831580579280853
salinity_0,31.20340845994501,0.23831580579280853
salinity_0,31.299381865153585,0.23831580579280853
salinity_0,31.395355270362167,0.23831580579280853
salinity_0,31.491328675570742,0.23831580579280853
salinity_0,31.587302080779324,0.23831580579280853
salinity_0,31.6832754859879,0.18515482544898987
salinity_0,31.77924889119648,0.18515482544898987
salinity_0,31.875222296405056,0.18515482544898987
salinity_0,31.971195701613638,0.38926273584365845
salinity_0,32.06716910682221,0.38926273584365845
salinity_0,32.163142512030795,0.38926273584365845
salinity_0,32.25911591723937,0.38926273584365845
salinity_0,32.35508932244795,0.6406784057617188
salinity_0,32.45106272765653,0.6406784057617188
salinity_0,32.54703613286511,0.6406784057617188
salinity_0,32.643009538073684,0.6406784057617188
salinity_0,32.73898294328227,0.7622140049934387
salinity_0,32.83495634849084,0.2618832588195801
salinity_0,32.930929753699424,0.2618832588195801
salinity_0,33.026903158908,0.2618832588195801
salinity_0,33.12287656411658,0.2618832588195801
salinity_0,33.218849969325156,0.2618832588195801
salinity_0,33.31482337453374,0.2618832588195801
