system:index,probability,.geo
0_0,0.097796425,"{""type"":""MultiPoint"",""coordinates"":[]}"
4_0,0.08243056,"{""type"":""MultiPoint"",""coordinates"":[]}"
7_0,0.11382693,"{""type"":""MultiPoint"",""coordinates"":[]}"
8_0,0.30353197,"{""type"":""MultiPoint"",""coordinates"":[]}"
9_0,0.9967477,"{""type"":""MultiPoint"",""coordinates"":[]}"
10_0,0.10285099,"{""type"":""MultiPoint"",""coordinates"":[]}"
11_0,0.025504066,"{""type"":""MultiPoint"",""coordinates"":[]}"
13_0,0.10059872,"{""type"":""MultiPoint"",""coordinates"":[]}"
14_0,0.06862083,"{""type"":""MultiPoint"",""coordinates"":[]}"
17_0,0.02713666,"{""type"":""MultiPoint"",""coordinates"":[]}"
18_0,0.1742951,"{""type"":""MultiPoint"",""coordinates"":[]}"
19_0,0.26539278,"{""type"":""MultiPoint"",""coordinates"":[]}"
22_0,0.063124426,"{""type"":""MultiPoint"",""coordinates"":[]}"
23_0,0.18877323,"{""type"":""MultiPoint"",""coordinates"":[]}"
26_0,0.24351193,"{""type"":""MultiPoint"",""coordinates"":[]}"
28_0,0.026273143,"{""type"":""MultiPoint"",""coordinates"":[]}"
29_0,0.3875038,"{""type"":""MultiPoint"",""coordinates"":[]}"
30_0,0.6706327,"{""type"":""MultiPoint"",""coordinates"":[]}"
33_0,0.13802017,"{""type"":""MultiPoint"",""coordinates"":[]}"
34_0,0.3392879,"{""type"":""MultiPoint"",""coordinates"":[]}"
37_0,0.2281989,"{""type"":""MultiPoint"",""coordinates"":[]}"
41_0,0.022349652,"{""type"":""MultiPoint"",""coordinates"":[]}"
46_0,0.23320597,"{""type"":""MultiPoint"",""coordinates"":[]}"
50_0,0.016809672,"{""type"":""MultiPoint"",""coordinates"":[]}"
51_0,0.08271224,"{""type"":""MultiPoint"",""coordinates"":[]}"
55_0,0.22186464,"{""type"":""MultiPoint"",""coordinates"":[]}"
59_0,0.10100296,"{""type"":""MultiPoint"",""coordinates"":[]}"
61_0,0.66489065,"{""type"":""MultiPoint"",""coordinates"":[]}"
64_0,0.8375385,"{""type"":""MultiPoint"",""coordinates"":[]}"
67_0,0.013554166,"{""type"":""MultiPoint"",""coordinates"":[]}"
68_0,0.31910348,"{""type"":""MultiPoint"",""coordinates"":[]}"
69_0,0.3695451,"{""type"":""MultiPoint"",""coordinates"":[]}"
70_0,6.0166634E-4,"{""type"":""MultiPoint"",""coordinates"":[]}"
72_0,0.0755203,"{""type"":""MultiPoint"",""coordinates"":[]}"
74_0,6.1573973E-4,"{""type"":""MultiPoint"",""coordinates"":[]}"
90_0,0.09864969,"{""type"":""MultiPoint"",""coordinates"":[]}"
92_0,0.18506268,"{""type"":""MultiPoint"",""coordinates"":[]}"
100_0,0.13379851,"{""type"":""MultiPoint"",""coordinates"":[]}"
101_0,0.01394184,"{""type"":""MultiPoint"",""coordinates"":[]}"
103_0,0.075928405,"{""type"":""MultiPoint"",""coordinates"":[]}"
104_0,0.06419757,"{""type"":""MultiPoint"",""coordinates"":[]}"
105_0,0.17115282,"{""type"":""MultiPoint"",""coordinates"":[]}"
106_0,0.08960526,"{""type"":""MultiPoint"",""coordinates"":[]}"
107_0,0.17604549,"{""type"":""MultiPoint"",""coordinates"":[]}"
110_0,0.1164443,"{""type"":""MultiPoint"",""coordinates"":[]}"
112_0,0.07059368,"{""type"":""MultiPoint"",""coordinates"":[]}"
114_0,0.097796425,"{""type"":""MultiPoint"",""coordinates"":[]}"
117_0,0.12249981,"{""type"":""MultiPoint"",""coordinates"":[]}"
118_0,0.08960526,"{""type"":""MultiPoint"",""coordinates"":[]}"
120_0,0.22186464,"{""type"":""MultiPoint"",""coordinates"":[]}"
123_0,0.0015125006,"{""type"":""MultiPoint"",""coordinates"":[]}"
125_0,0.20584886,"{""type"":""MultiPoint"",""coordinates"":[]}"
127_0,0.105786815,"{""type"":""MultiPoint"",""coordinates"":[]}"
132_0,0.1863837,"{""type"":""MultiPoint"",""coordinates"":[]}"
133_0,0.074595734,"{""type"":""MultiPoint"",""coordinates"":[]}"
134_0,0.08765951,"{""type"":""MultiPoint"",""coordinates"":[]}"
139_0,0.11301686,"{""type"":""MultiPoint"",""coordinates"":[]}"
140_0,0.026366431,"{""type"":""MultiPoint"",""coordinates"":[]}"
143_0,0.18456773,"{""type"":""MultiPoint"",""coordinates"":[]}"
144_0,0.023693558,"{""type"":""MultiPoint"",""coordinates"":[]}"
145_0,0.07440774,"{""type"":""MultiPoint"",""coordinates"":[]}"
146_0,0.031326316,"{""type"":""MultiPoint"",""coordinates"":[]}"
150_0,0.57413256,"{""type"":""MultiPoint"",""coordinates"":[]}"
153_0,0.0024157963,"{""type"":""MultiPoint"",""coordinates"":[]}"
155_0,0.060817193,"{""type"":""MultiPoint"",""coordinates"":[]}"
157_0,0.022064786,"{""type"":""MultiPoint"",""coordinates"":[]}"
161_0,0.1093405,"{""type"":""MultiPoint"",""coordinates"":[]}"
164_0,0.0756728,"{""type"":""MultiPoint"",""coordinates"":[]}"
166_0,0.20811607,"{""type"":""MultiPoint"",""coordinates"":[]}"
167_0,0.06765379,"{""type"":""MultiPoint"",""coordinates"":[]}"
170_0,0.060817193,"{""type"":""MultiPoint"",""coordinates"":[]}"
173_0,0.6160909,"{""type"":""MultiPoint"",""coordinates"":[]}"
175_0,0.20347567,"{""type"":""MultiPoint"",""coordinates"":[]}"
176_0,0.08271224,"{""type"":""MultiPoint"",""coordinates"":[]}"
177_0,0.73714757,"{""type"":""MultiPoint"",""coordinates"":[]}"
178_0,0.18456773,"{""type"":""MultiPoint"",""coordinates"":[]}"
179_0,0.5009644,"{""type"":""MultiPoint"",""coordinates"":[]}"
180_0,0.13659596,"{""type"":""MultiPoint"",""coordinates"":[]}"
181_0,0.12658834,"{""type"":""MultiPoint"",""coordinates"":[]}"
185_0,0.03296321,"{""type"":""MultiPoint"",""coordinates"":[]}"
186_0,0.13387476,"{""type"":""MultiPoint"",""coordinates"":[]}"
187_0,0.062192984,"{""type"":""MultiPoint"",""coordinates"":[]}"
190_0,0.1239609,"{""type"":""MultiPoint"",""coordinates"":[]}"
192_0,0.36810735,"{""type"":""MultiPoint"",""coordinates"":[]}"
196_0,0.014546178,"{""type"":""MultiPoint"",""coordinates"":[]}"
197_0,0.09880389,"{""type"":""MultiPoint"",""coordinates"":[]}"
199_0,0.24883893,"{""type"":""MultiPoint"",""coordinates"":[]}"
200_0,0.43402666,"{""type"":""MultiPoint"",""coordinates"":[]}"
201_0,0.9916289,"{""type"":""MultiPoint"",""coordinates"":[]}"
202_0,0.075928405,"{""type"":""MultiPoint"",""coordinates"":[]}"
203_0,0.2769399,"{""type"":""MultiPoint"",""coordinates"":[]}"
206_0,0.08602925,"{""type"":""MultiPoint"",""coordinates"":[]}"
209_0,0.10285099,"{""type"":""MultiPoint"",""coordinates"":[]}"
210_0,0.5786386,"{""type"":""MultiPoint"",""coordinates"":[]}"
212_0,0.18456773,"{""type"":""MultiPoint"",""coordinates"":[]}"
214_0,0.03296321,"{""type"":""MultiPoint"",""coordinates"":[]}"
215_0,0.006431945,"{""type"":""MultiPoint"",""coordinates"":[]}"
216_0,0.0042020893,"{""type"":""MultiPoint"",""coordinates"":[]}"
223_0,0.056604736,"{""type"":""MultiPoint"",""coordinates"":[]}"
226_0,0.76569724,"{""type"":""MultiPoint"",""coordinates"":[]}"
231_0,0.15426794,"{""type"":""MultiPoint"",""coordinates"":[]}"
234_0,0.0139602395,"{""type"":""MultiPoint"",""coordinates"":[]}"
238_0,0.075928405,"{""type"":""MultiPoint"",""coordinates"":[]}"
244_0,0.06765379,"{""type"":""MultiPoint"",""coordinates"":[]}"
246_0,0.38941467,"{""type"":""MultiPoint"",""coordinates"":[]}"
250_0,0.10285099,"{""type"":""MultiPoint"",""coordinates"":[]}"
252_0,0.08016755,"{""type"":""MultiPoint"",""coordinates"":[]}"
253_0,0.026411777,"{""type"":""MultiPoint"",""coordinates"":[]}"
255_0,0.17270221,"{""type"":""MultiPoint"",""coordinates"":[]}"
258_0,0.23077728,"{""type"":""MultiPoint"",""coordinates"":[]}"
262_0,0.10285099,"{""type"":""MultiPoint"",""coordinates"":[]}"
263_0,0.12348225,"{""type"":""MultiPoint"",""coordinates"":[]}"
269_0,0.18456773,"{""type"":""MultiPoint"",""coordinates"":[]}"
273_0,0.5364599,"{""type"":""MultiPoint"",""coordinates"":[]}"
277_0,0.08817687,"{""type"":""MultiPoint"",""coordinates"":[]}"
286_0,0.11579308,"{""type"":""MultiPoint"",""coordinates"":[]}"
288_0,0.0075855637,"{""type"":""MultiPoint"",""coordinates"":[]}"
289_0,0.079990454,"{""type"":""MultiPoint"",""coordinates"":[]}"
290_0,0.10285099,"{""type"":""MultiPoint"",""coordinates"":[]}"
291_0,0.32878986,"{""type"":""MultiPoint"",""coordinates"":[]}"
292_0,0.18877323,"{""type"":""MultiPoint"",""coordinates"":[]}"
293_0,0.3675075,"{""type"":""MultiPoint"",""coordinates"":[]}"
296_0,0.3675075,"{""type"":""MultiPoint"",""coordinates"":[]}"
298_0,0.6160909,"{""type"":""MultiPoint"",""coordinates"":[]}"
301_0,0.02743451,"{""type"":""MultiPoint"",""coordinates"":[]}"
302_0,0.06338578,"{""type"":""MultiPoint"",""coordinates"":[]}"
310_0,0.24857628,"{""type"":""MultiPoint"",""coordinates"":[]}"
314_0,0.7471394,"{""type"":""MultiPoint"",""coordinates"":[]}"
316_0,0.49305028,"{""type"":""MultiPoint"",""coordinates"":[]}"
320_0,0.18456773,"{""type"":""MultiPoint"",""coordinates"":[]}"
321_0,0.43731973,"{""type"":""MultiPoint"",""coordinates"":[]}"
324_0,0.01340976,"{""type"":""MultiPoint"",""coordinates"":[]}"
326_0,0.0012387873,"{""type"":""MultiPoint"",""coordinates"":[]}"
328_0,0.11707677,"{""type"":""MultiPoint"",""coordinates"":[]}"
330_0,0.18460333,"{""type"":""MultiPoint"",""coordinates"":[]}"
335_0,0.29140612,"{""type"":""MultiPoint"",""coordinates"":[]}"
337_0,0.28046545,"{""type"":""MultiPoint"",""coordinates"":[]}"
339_0,3.9025908E-4,"{""type"":""MultiPoint"",""coordinates"":[]}"
340_0,0.7815261,"{""type"":""MultiPoint"",""coordinates"":[]}"
342_0,0.047394093,"{""type"":""MultiPoint"",""coordinates"":[]}"
345_0,0.043443125,"{""type"":""MultiPoint"",""coordinates"":[]}"
347_0,0.021119766,"{""type"":""MultiPoint"",""coordinates"":[]}"
350_0,0.07563198,"{""type"":""MultiPoint"",""coordinates"":[]}"
357_0,0.09558582,"{""type"":""MultiPoint"",""coordinates"":[]}"
358_0,0.020190837,"{""type"":""MultiPoint"",""coordinates"":[]}"
359_0,0.25712207,"{""type"":""MultiPoint"",""coordinates"":[]}"
360_0,0.09334352,"{""type"":""MultiPoint"",""coordinates"":[]}"
363_0,0.3734241,"{""type"":""MultiPoint"",""coordinates"":[]}"
364_0,0.10285099,"{""type"":""MultiPoint"",""coordinates"":[]}"
366_0,0.10285099,"{""type"":""MultiPoint"",""coordinates"":[]}"
367_0,0.105786815,"{""type"":""MultiPoint"",""coordinates"":[]}"
368_0,0.03997297,"{""type"":""MultiPoint"",""coordinates"":[]}"
370_0,0.14563864,"{""type"":""MultiPoint"",""coordinates"":[]}"
372_0,0.051165476,"{""type"":""MultiPoint"",""coordinates"":[]}"
375_0,0.25453624,"{""type"":""MultiPoint"",""coordinates"":[]}"
376_0,0.21998142,"{""type"":""MultiPoint"",""coordinates"":[]}"
377_0,0.09343831,"{""type"":""MultiPoint"",""coordinates"":[]}"
380_0,0.07354527,"{""type"":""MultiPoint"",""coordinates"":[]}"
381_0,0.14299005,"{""type"":""MultiPoint"",""coordinates"":[]}"
382_0,0.8375385,"{""type"":""MultiPoint"",""coordinates"":[]}"
387_0,0.9318647,"{""type"":""MultiPoint"",""coordinates"":[]}"
388_0,0.18456773,"{""type"":""MultiPoint"",""coordinates"":[]}"
392_0,0.09478758,"{""type"":""MultiPoint"",""coordinates"":[]}"
395_0,0.06765379,"{""type"":""MultiPoint"",""coordinates"":[]}"
396_0,0.06513302,"{""type"":""MultiPoint"",""coordinates"":[]}"
397_0,0.08250383,"{""type"":""MultiPoint"",""coordinates"":[]}"
399_0,0.07381871,"{""type"":""MultiPoint"",""coordinates"":[]}"
400_0,0.52248955,"{""type"":""MultiPoint"",""coordinates"":[]}"
406_0,0.38543224,"{""type"":""MultiPoint"",""coordinates"":[]}"
408_0,0.11932302,"{""type"":""MultiPoint"",""coordinates"":[]}"
413_0,0.31093368,"{""type"":""MultiPoint"",""coordinates"":[]}"
414_0,0.10033204,"{""type"":""MultiPoint"",""coordinates"":[]}"
415_0,0.25047827,"{""type"":""MultiPoint"",""coordinates"":[]}"
417_0,0.46707267,"{""type"":""MultiPoint"",""coordinates"":[]}"
418_0,0.06384362,"{""type"":""MultiPoint"",""coordinates"":[]}"
423_0,0.17902705,"{""type"":""MultiPoint"",""coordinates"":[]}"
425_0,0.14546044,"{""type"":""MultiPoint"",""coordinates"":[]}"
427_0,0.23113486,"{""type"":""MultiPoint"",""coordinates"":[]}"
430_0,0.47487548,"{""type"":""MultiPoint"",""coordinates"":[]}"
432_0,0.105786815,"{""type"":""MultiPoint"",""coordinates"":[]}"
441_0,0.088706054,"{""type"":""MultiPoint"",""coordinates"":[]}"
447_0,0.2786403,"{""type"":""MultiPoint"",""coordinates"":[]}"
450_0,0.3875038,"{""type"":""MultiPoint"",""coordinates"":[]}"
451_0,0.33193767,"{""type"":""MultiPoint"",""coordinates"":[]}"
454_0,0.0025054368,"{""type"":""MultiPoint"",""coordinates"":[]}"
458_0,0.073374644,"{""type"":""MultiPoint"",""coordinates"":[]}"
460_0,0.47382164,"{""type"":""MultiPoint"",""coordinates"":[]}"
462_0,0.10285099,"{""type"":""MultiPoint"",""coordinates"":[]}"
463_0,0.2974679,"{""type"":""MultiPoint"",""coordinates"":[]}"
465_0,0.28452653,"{""type"":""MultiPoint"",""coordinates"":[]}"
466_0,0.39523908,"{""type"":""MultiPoint"",""coordinates"":[]}"
469_0,0.46664602,"{""type"":""MultiPoint"",""coordinates"":[]}"
472_0,0.0014089538,"{""type"":""MultiPoint"",""coordinates"":[]}"
473_0,0.1497226,"{""type"":""MultiPoint"",""coordinates"":[]}"
474_0,0.075928405,"{""type"":""MultiPoint"",""coordinates"":[]}"
476_0,0.0959975,"{""type"":""MultiPoint"",""coordinates"":[]}"
480_0,0.0139602395,"{""type"":""MultiPoint"",""coordinates"":[]}"
482_0,0.08170499,"{""type"":""MultiPoint"",""coordinates"":[]}"
484_0,0.08200271,"{""type"":""MultiPoint"",""coordinates"":[]}"
485_0,0.187543,"{""type"":""MultiPoint"",""coordinates"":[]}"
486_0,0.19700466,"{""type"":""MultiPoint"",""coordinates"":[]}"
491_0,0.28452653,"{""type"":""MultiPoint"",""coordinates"":[]}"
494_0,0.07154436,"{""type"":""MultiPoint"",""coordinates"":[]}"
495_0,0.11924733,"{""type"":""MultiPoint"",""coordinates"":[]}"
498_0,0.46707267,"{""type"":""MultiPoint"",""coordinates"":[]}"
500_0,0.10829289,"{""type"":""MultiPoint"",""coordinates"":[]}"
504_0,0.07704077,"{""type"":""MultiPoint"",""coordinates"":[]}"
512_0,0.3875038,"{""type"":""MultiPoint"",""coordinates"":[]}"
513_0,0.22533713,"{""type"":""MultiPoint"",""coordinates"":[]}"
517_0,0.09554416,"{""type"":""MultiPoint"",""coordinates"":[]}"
520_0,0.2382989,"{""type"":""MultiPoint"",""coordinates"":[]}"
522_0,0.24355017,"{""type"":""MultiPoint"",""coordinates"":[]}"
523_0,0.035375528,"{""type"":""MultiPoint"",""coordinates"":[]}"
525_0,0.019925795,"{""type"":""MultiPoint"",""coordinates"":[]}"
536_0,0.09558582,"{""type"":""MultiPoint"",""coordinates"":[]}"
538_0,0.25047827,"{""type"":""MultiPoint"",""coordinates"":[]}"
540_0,0.10728097,"{""type"":""MultiPoint"",""coordinates"":[]}"
543_0,0.20238061,"{""type"":""MultiPoint"",""coordinates"":[]}"
544_0,0.05110869,"{""type"":""MultiPoint"",""coordinates"":[]}"
551_0,0.2900603,"{""type"":""MultiPoint"",""coordinates"":[]}"
552_0,0.023443285,"{""type"":""MultiPoint"",""coordinates"":[]}"
553_0,0.312049,"{""type"":""MultiPoint"",""coordinates"":[]}"
554_0,0.3197141,"{""type"":""MultiPoint"",""coordinates"":[]}"
563_0,0.28268552,"{""type"":""MultiPoint"",""coordinates"":[]}"
565_0,0.12755437,"{""type"":""MultiPoint"",""coordinates"":[]}"
568_0,0.6208662,"{""type"":""MultiPoint"",""coordinates"":[]}"
571_0,0.06765379,"{""type"":""MultiPoint"",""coordinates"":[]}"
572_0,0.09558582,"{""type"":""MultiPoint"",""coordinates"":[]}"
574_0,0.08271224,"{""type"":""MultiPoint"",""coordinates"":[]}"
576_0,0.1239609,"{""type"":""MultiPoint"",""coordinates"":[]}"
577_0,0.13127942,"{""type"":""MultiPoint"",""coordinates"":[]}"
579_0,0.13767032,"{""type"":""MultiPoint"",""coordinates"":[]}"
582_0,0.02109769,"{""type"":""MultiPoint"",""coordinates"":[]}"
587_0,0.15058064,"{""type"":""MultiPoint"",""coordinates"":[]}"
591_0,0.08200271,"{""type"":""MultiPoint"",""coordinates"":[]}"
592_0,0.6709732,"{""type"":""MultiPoint"",""coordinates"":[]}"
595_0,0.097796425,"{""type"":""MultiPoint"",""coordinates"":[]}"
597_0,0.03296321,"{""type"":""MultiPoint"",""coordinates"":[]}"
598_0,0.25188187,"{""type"":""MultiPoint"",""coordinates"":[]}"
602_0,0.10165171,"{""type"":""MultiPoint"",""coordinates"":[]}"
603_0,0.055182766,"{""type"":""MultiPoint"",""coordinates"":[]}"
606_0,0.06754969,"{""type"":""MultiPoint"",""coordinates"":[]}"
607_0,0.29140612,"{""type"":""MultiPoint"",""coordinates"":[]}"
610_0,0.7960194,"{""type"":""MultiPoint"",""coordinates"":[]}"
613_0,0.07796733,"{""type"":""MultiPoint"",""coordinates"":[]}"
614_0,0.10285099,"{""type"":""MultiPoint"",""coordinates"":[]}"
617_0,0.008284743,"{""type"":""MultiPoint"",""coordinates"":[]}"
618_0,0.0024157963,"{""type"":""MultiPoint"",""coordinates"":[]}"
620_0,0.15247954,"{""type"":""MultiPoint"",""coordinates"":[]}"
621_0,0.22559902,"{""type"":""MultiPoint"",""coordinates"":[]}"
623_0,0.12563357,"{""type"":""MultiPoint"",""coordinates"":[]}"
629_0,0.023044093,"{""type"":""MultiPoint"",""coordinates"":[]}"
631_0,0.84374654,"{""type"":""MultiPoint"",""coordinates"":[]}"
632_0,0.114047475,"{""type"":""MultiPoint"",""coordinates"":[]}"
634_0,0.075928405,"{""type"":""MultiPoint"",""coordinates"":[]}"
635_0,0.02092735,"{""type"":""MultiPoint"",""coordinates"":[]}"
636_0,0.021088053,"{""type"":""MultiPoint"",""coordinates"":[]}"
641_0,0.40619767,"{""type"":""MultiPoint"",""coordinates"":[]}"
642_0,0.48759544,"{""type"":""MultiPoint"",""coordinates"":[]}"
644_0,0.17204231,"{""type"":""MultiPoint"",""coordinates"":[]}"
646_0,0.49125612,"{""type"":""MultiPoint"",""coordinates"":[]}"
648_0,0.1075159,"{""type"":""MultiPoint"",""coordinates"":[]}"
650_0,0.18456773,"{""type"":""MultiPoint"",""coordinates"":[]}"
659_0,0.8528581,"{""type"":""MultiPoint"",""coordinates"":[]}"
662_0,0.18877323,"{""type"":""MultiPoint"",""coordinates"":[]}"
663_0,0.10285099,"{""type"":""MultiPoint"",""coordinates"":[]}"
665_0,0.078912444,"{""type"":""MultiPoint"",""coordinates"":[]}"
666_0,0.08365237,"{""type"":""MultiPoint"",""coordinates"":[]}"
667_0,0.07870284,"{""type"":""MultiPoint"",""coordinates"":[]}"
668_0,0.43402666,"{""type"":""MultiPoint"",""coordinates"":[]}"
670_0,0.35924155,"{""type"":""MultiPoint"",""coordinates"":[]}"
673_0,0.6246548,"{""type"":""MultiPoint"",""coordinates"":[]}"
674_0,0.033334926,"{""type"":""MultiPoint"",""coordinates"":[]}"
677_0,0.097796425,"{""type"":""MultiPoint"",""coordinates"":[]}"
678_0,0.25022694,"{""type"":""MultiPoint"",""coordinates"":[]}"
679_0,0.25500607,"{""type"":""MultiPoint"",""coordinates"":[]}"
685_0,0.24976988,"{""type"":""MultiPoint"",""coordinates"":[]}"
689_0,0.022743892,"{""type"":""MultiPoint"",""coordinates"":[]}"
694_0,0.6946753,"{""type"":""MultiPoint"",""coordinates"":[]}"
696_0,0.34169877,"{""type"":""MultiPoint"",""coordinates"":[]}"
700_0,0.12123924,"{""type"":""MultiPoint"",""coordinates"":[]}"
704_0,0.017389607,"{""type"":""MultiPoint"",""coordinates"":[]}"
705_0,0.3875038,"{""type"":""MultiPoint"",""coordinates"":[]}"
707_0,0.07193818,"{""type"":""MultiPoint"",""coordinates"":[]}"
708_0,0.0039507416,"{""type"":""MultiPoint"",""coordinates"":[]}"
709_0,0.23320597,"{""type"":""MultiPoint"",""coordinates"":[]}"
710_0,0.03532275,"{""type"":""MultiPoint"",""coordinates"":[]}"
711_0,0.103687,"{""type"":""MultiPoint"",""coordinates"":[]}"
712_0,0.59155077,"{""type"":""MultiPoint"",""coordinates"":[]}"
713_0,0.10537518,"{""type"":""MultiPoint"",""coordinates"":[]}"
715_0,0.05266298,"{""type"":""MultiPoint"",""coordinates"":[]}"
716_0,0.14729375,"{""type"":""MultiPoint"",""coordinates"":[]}"
719_0,0.11229959,"{""type"":""MultiPoint"",""coordinates"":[]}"
720_0,0.7736855,"{""type"":""MultiPoint"",""coordinates"":[]}"
721_0,0.7709468,"{""type"":""MultiPoint"",""coordinates"":[]}"
722_0,0.3675075,"{""type"":""MultiPoint"",""coordinates"":[]}"
727_0,0.099958666,"{""type"":""MultiPoint"",""coordinates"":[]}"
728_0,0.01520163,"{""type"":""MultiPoint"",""coordinates"":[]}"
730_0,0.22559902,"{""type"":""MultiPoint"",""coordinates"":[]}"
734_0,0.06460922,"{""type"":""MultiPoint"",""coordinates"":[]}"
735_0,0.22559902,"{""type"":""MultiPoint"",""coordinates"":[]}"
742_0,0.100524165,"{""type"":""MultiPoint"",""coordinates"":[]}"
744_0,0.07909896,"{""type"":""MultiPoint"",""coordinates"":[]}"
746_0,0.37729144,"{""type"":""MultiPoint"",""coordinates"":[]}"
749_0,0.51089805,"{""type"":""MultiPoint"",""coordinates"":[]}"
753_0,0.1093405,"{""type"":""MultiPoint"",""coordinates"":[]}"
754_0,0.18456773,"{""type"":""MultiPoint"",""coordinates"":[]}"
756_0,0.10952454,"{""type"":""MultiPoint"",""coordinates"":[]}"
758_0,0.01981849,"{""type"":""MultiPoint"",""coordinates"":[]}"
763_0,0.059212394,"{""type"":""MultiPoint"",""coordinates"":[]}"
764_0,0.11084138,"{""type"":""MultiPoint"",""coordinates"":[]}"
766_0,0.22559902,"{""type"":""MultiPoint"",""coordinates"":[]}"
767_0,0.051165476,"{""type"":""MultiPoint"",""coordinates"":[]}"
768_0,0.17986578,"{""type"":""MultiPoint"",""coordinates"":[]}"
770_0,0.09554416,"{""type"":""MultiPoint"",""coordinates"":[]}"
778_0,0.1980023,"{""type"":""MultiPoint"",""coordinates"":[]}"
779_0,0.99708134,"{""type"":""MultiPoint"",""coordinates"":[]}"
781_0,0.088706054,"{""type"":""MultiPoint"",""coordinates"":[]}"
783_0,0.022156408,"{""type"":""MultiPoint"",""coordinates"":[]}"
784_0,0.20583908,"{""type"":""MultiPoint"",""coordinates"":[]}"
786_0,0.035303228,"{""type"":""MultiPoint"",""coordinates"":[]}"
787_0,0.17270221,"{""type"":""MultiPoint"",""coordinates"":[]}"
788_0,0.11766808,"{""type"":""MultiPoint"",""coordinates"":[]}"
790_0,0.062192984,"{""type"":""MultiPoint"",""coordinates"":[]}"
791_0,0.18456773,"{""type"":""MultiPoint"",""coordinates"":[]}"
792_0,0.097796425,"{""type"":""MultiPoint"",""coordinates"":[]}"
793_0,0.021384932,"{""type"":""MultiPoint"",""coordinates"":[]}"
795_0,0.014859449,"{""type"":""MultiPoint"",""coordinates"":[]}"
796_0,0.11084138,"{""type"":""MultiPoint"",""coordinates"":[]}"
798_0,0.7169975,"{""type"":""MultiPoint"",""coordinates"":[]}"
800_0,0.07895469,"{""type"":""MultiPoint"",""coordinates"":[]}"
804_0,0.002479882,"{""type"":""MultiPoint"",""coordinates"":[]}"
807_0,0.4976047,"{""type"":""MultiPoint"",""coordinates"":[]}"
809_0,0.14462978,"{""type"":""MultiPoint"",""coordinates"":[]}"
811_0,0.9984116,"{""type"":""MultiPoint"",""coordinates"":[]}"
816_0,0.9901895,"{""type"":""MultiPoint"",""coordinates"":[]}"
817_0,0.06714762,"{""type"":""MultiPoint"",""coordinates"":[]}"
818_0,0.45979995,"{""type"":""MultiPoint"",""coordinates"":[]}"
821_0,0.025893278,"{""type"":""MultiPoint"",""coordinates"":[]}"
822_0,0.34347838,"{""type"":""MultiPoint"",""coordinates"":[]}"
826_0,0.020356644,"{""type"":""MultiPoint"",""coordinates"":[]}"
831_0,0.075928405,"{""type"":""MultiPoint"",""coordinates"":[]}"
832_0,0.105786815,"{""type"":""MultiPoint"",""coordinates"":[]}"
833_0,0.6160909,"{""type"":""MultiPoint"",""coordinates"":[]}"
835_0,0.14427868,"{""type"":""MultiPoint"",""coordinates"":[]}"
839_0,0.097796425,"{""type"":""MultiPoint"",""coordinates"":[]}"
840_0,0.25192103,"{""type"":""MultiPoint"",""coordinates"":[]}"
844_0,0.25737295,"{""type"":""MultiPoint"",""coordinates"":[]}"
845_0,0.060817193,"{""type"":""MultiPoint"",""coordinates"":[]}"
846_0,0.8375385,"{""type"":""MultiPoint"",""coordinates"":[]}"
847_0,0.015752748,"{""type"":""MultiPoint"",""coordinates"":[]}"
849_0,0.12622434,"{""type"":""MultiPoint"",""coordinates"":[]}"
852_0,0.07642482,"{""type"":""MultiPoint"",""coordinates"":[]}"
853_0,0.13767032,"{""type"":""MultiPoint"",""coordinates"":[]}"
862_0,0.057433836,"{""type"":""MultiPoint"",""coordinates"":[]}"
863_0,0.010467444,"{""type"":""MultiPoint"",""coordinates"":[]}"
864_0,0.5464797,"{""type"":""MultiPoint"",""coordinates"":[]}"
865_0,0.12913777,"{""type"":""MultiPoint"",""coordinates"":[]}"
866_0,0.17940189,"{""type"":""MultiPoint"",""coordinates"":[]}"
867_0,0.2675212,"{""type"":""MultiPoint"",""coordinates"":[]}"
869_0,0.1968758,"{""type"":""MultiPoint"",""coordinates"":[]}"
870_0,0.12563357,"{""type"":""MultiPoint"",""coordinates"":[]}"
871_0,0.5230371,"{""type"":""MultiPoint"",""coordinates"":[]}"
872_0,0.07870284,"{""type"":""MultiPoint"",""coordinates"":[]}"
873_0,0.18877323,"{""type"":""MultiPoint"",""coordinates"":[]}"
874_0,0.6967373,"{""type"":""MultiPoint"",""coordinates"":[]}"
882_0,0.31449068,"{""type"":""MultiPoint"",""coordinates"":[]}"
886_0,0.105786815,"{""type"":""MultiPoint"",""coordinates"":[]}"
888_0,0.031531986,"{""type"":""MultiPoint"",""coordinates"":[]}"
892_0,0.14822298,"{""type"":""MultiPoint"",""coordinates"":[]}"
894_0,0.18016276,"{""type"":""MultiPoint"",""coordinates"":[]}"
897_0,0.2518834,"{""type"":""MultiPoint"",""coordinates"":[]}"
900_0,0.026345888,"{""type"":""MultiPoint"",""coordinates"":[]}"
905_0,0.33702496,"{""type"":""MultiPoint"",""coordinates"":[]}"
906_0,0.26329228,"{""type"":""MultiPoint"",""coordinates"":[]}"
908_0,0.037192237,"{""type"":""MultiPoint"",""coordinates"":[]}"
911_0,0.012327017,"{""type"":""MultiPoint"",""coordinates"":[]}"
915_0,0.37729144,"{""type"":""MultiPoint"",""coordinates"":[]}"
916_0,0.11707677,"{""type"":""MultiPoint"",""coordinates"":[]}"
918_0,0.30320087,"{""type"":""MultiPoint"",""coordinates"":[]}"
920_0,0.10980927,"{""type"":""MultiPoint"",""coordinates"":[]}"
921_0,0.06811396,"{""type"":""MultiPoint"",""coordinates"":[]}"
922_0,0.07513506,"{""type"":""MultiPoint"",""coordinates"":[]}"
924_0,0.32878986,"{""type"":""MultiPoint"",""coordinates"":[]}"
928_0,0.114047475,"{""type"":""MultiPoint"",""coordinates"":[]}"
932_0,0.9927683,"{""type"":""MultiPoint"",""coordinates"":[]}"
934_0,0.070046775,"{""type"":""MultiPoint"",""coordinates"":[]}"
938_0,0.1621766,"{""type"":""MultiPoint"",""coordinates"":[]}"
940_0,0.2438891,"{""type"":""MultiPoint"",""coordinates"":[]}"
942_0,0.5027908,"{""type"":""MultiPoint"",""coordinates"":[]}"
946_0,0.070046775,"{""type"":""MultiPoint"",""coordinates"":[]}"
952_0,0.2691833,"{""type"":""MultiPoint"",""coordinates"":[]}"
954_0,0.4802776,"{""type"":""MultiPoint"",""coordinates"":[]}"
955_0,0.16099924,"{""type"":""MultiPoint"",""coordinates"":[]}"
956_0,0.03296321,"{""type"":""MultiPoint"",""coordinates"":[]}"
960_0,0.38543224,"{""type"":""MultiPoint"",""coordinates"":[]}"
962_0,0.056606386,"{""type"":""MultiPoint"",""coordinates"":[]}"
963_0,0.18644065,"{""type"":""MultiPoint"",""coordinates"":[]}"
966_0,0.022064786,"{""type"":""MultiPoint"",""coordinates"":[]}"
968_0,0.062192984,"{""type"":""MultiPoint"",""coordinates"":[]}"
970_0,0.22559902,"{""type"":""MultiPoint"",""coordinates"":[]}"
972_0,0.075928405,"{""type"":""MultiPoint"",""coordinates"":[]}"
975_0,0.4927221,"{""type"":""MultiPoint"",""coordinates"":[]}"
977_0,0.07082936,"{""type"":""MultiPoint"",""coordinates"":[]}"
979_0,0.17270221,"{""type"":""MultiPoint"",""coordinates"":[]}"
980_0,0.23077728,"{""type"":""MultiPoint"",""coordinates"":[]}"
981_0,0.24355017,"{""type"":""MultiPoint"",""coordinates"":[]}"
985_0,0.38435924,"{""type"":""MultiPoint"",""coordinates"":[]}"
986_0,0.0024798817,"{""type"":""MultiPoint"",""coordinates"":[]}"
987_0,0.057652373,"{""type"":""MultiPoint"",""coordinates"":[]}"
988_0,0.187543,"{""type"":""MultiPoint"",""coordinates"":[]}"
993_0,0.012327017,"{""type"":""MultiPoint"",""coordinates"":[]}"
994_0,0.7208867,"{""type"":""MultiPoint"",""coordinates"":[]}"
996_0,0.097796425,"{""type"":""MultiPoint"",""coordinates"":[]}"
999_0,0.021491943,"{""type"":""MultiPoint"",""coordinates"":[]}"
1001_0,0.0139602395,"{""type"":""MultiPoint"",""coordinates"":[]}"
1009_0,0.0665926,"{""type"":""MultiPoint"",""coordinates"":[]}"
1010_0,0.9705818,"{""type"":""MultiPoint"",""coordinates"":[]}"
1012_0,0.068817936,"{""type"":""MultiPoint"",""coordinates"":[]}"
1013_0,0.21184783,"{""type"":""MultiPoint"",""coordinates"":[]}"
1014_0,0.37984455,"{""type"":""MultiPoint"",""coordinates"":[]}"
1015_0,0.39761436,"{""type"":""MultiPoint"",""coordinates"":[]}"
1017_0,0.022064786,"{""type"":""MultiPoint"",""coordinates"":[]}"
1019_0,0.23416746,"{""type"":""MultiPoint"",""coordinates"":[]}"
1020_0,0.066580884,"{""type"":""MultiPoint"",""coordinates"":[]}"
1026_0,0.42129546,"{""type"":""MultiPoint"",""coordinates"":[]}"
1027_0,0.10089733,"{""type"":""MultiPoint"",""coordinates"":[]}"
1032_0,0.02902577,"{""type"":""MultiPoint"",""coordinates"":[]}"
1033_0,0.08368953,"{""type"":""MultiPoint"",""coordinates"":[]}"
1041_0,0.15302198,"{""type"":""MultiPoint"",""coordinates"":[]}"
1043_0,0.25603816,"{""type"":""MultiPoint"",""coordinates"":[]}"
1044_0,0.0843257,"{""type"":""MultiPoint"",""coordinates"":[]}"
1045_0,0.32878986,"{""type"":""MultiPoint"",""coordinates"":[]}"
1046_0,0.02998267,"{""type"":""MultiPoint"",""coordinates"":[]}"
1048_0,0.31997523,"{""type"":""MultiPoint"",""coordinates"":[]}"
1050_0,0.020034827,"{""type"":""MultiPoint"",""coordinates"":[]}"
1051_0,0.22559902,"{""type"":""MultiPoint"",""coordinates"":[]}"
1053_0,0.1930545,"{""type"":""MultiPoint"",""coordinates"":[]}"
1059_0,0.94242305,"{""type"":""MultiPoint"",""coordinates"":[]}"
1061_0,0.016744697,"{""type"":""MultiPoint"",""coordinates"":[]}"
1064_0,0.059212394,"{""type"":""MultiPoint"",""coordinates"":[]}"
1066_0,0.122086085,"{""type"":""MultiPoint"",""coordinates"":[]}"
1067_0,0.6916973,"{""type"":""MultiPoint"",""coordinates"":[]}"
1068_0,0.384725,"{""type"":""MultiPoint"",""coordinates"":[]}"
1069_0,0.07669952,"{""type"":""MultiPoint"",""coordinates"":[]}"
1071_0,0.063124426,"{""type"":""MultiPoint"",""coordinates"":[]}"
1072_0,0.112022206,"{""type"":""MultiPoint"",""coordinates"":[]}"
1075_0,0.2418355,"{""type"":""MultiPoint"",""coordinates"":[]}"
1076_0,0.0065796473,"{""type"":""MultiPoint"",""coordinates"":[]}"
1078_0,0.62859094,"{""type"":""MultiPoint"",""coordinates"":[]}"
1081_0,0.9981976,"{""type"":""MultiPoint"",""coordinates"":[]}"
1082_0,0.11715272,"{""type"":""MultiPoint"",""coordinates"":[]}"
1085_0,0.11629032,"{""type"":""MultiPoint"",""coordinates"":[]}"
1086_0,0.17505595,"{""type"":""MultiPoint"",""coordinates"":[]}"
1088_0,0.12123924,"{""type"":""MultiPoint"",""coordinates"":[]}"
1090_0,0.075928405,"{""type"":""MultiPoint"",""coordinates"":[]}"
1093_0,0.60615206,"{""type"":""MultiPoint"",""coordinates"":[]}"
1095_0,0.2176055,"{""type"":""MultiPoint"",""coordinates"":[]}"
1099_0,0.2638692,"{""type"":""MultiPoint"",""coordinates"":[]}"
1100_0,0.18456773,"{""type"":""MultiPoint"",""coordinates"":[]}"
1102_0,0.22559902,"{""type"":""MultiPoint"",""coordinates"":[]}"
1106_0,0.9984116,"{""type"":""MultiPoint"",""coordinates"":[]}"
1111_0,0.17742892,"{""type"":""MultiPoint"",""coordinates"":[]}"
1113_0,0.11490105,"{""type"":""MultiPoint"",""coordinates"":[]}"
1114_0,0.29140612,"{""type"":""MultiPoint"",""coordinates"":[]}"
1117_0,0.12913777,"{""type"":""MultiPoint"",""coordinates"":[]}"
1119_0,0.036089312,"{""type"":""MultiPoint"",""coordinates"":[]}"
1121_0,0.059212394,"{""type"":""MultiPoint"",""coordinates"":[]}"
1125_0,0.090327226,"{""type"":""MultiPoint"",""coordinates"":[]}"
1126_0,0.18998411,"{""type"":""MultiPoint"",""coordinates"":[]}"
1128_0,0.3879458,"{""type"":""MultiPoint"",""coordinates"":[]}"
1130_0,0.12343565,"{""type"":""MultiPoint"",""coordinates"":[]}"
1132_0,0.9705818,"{""type"":""MultiPoint"",""coordinates"":[]}"
1133_0,0.9984116,"{""type"":""MultiPoint"",""coordinates"":[]}"
1134_0,0.946909,"{""type"":""MultiPoint"",""coordinates"":[]}"
1135_0,0.021088053,"{""type"":""MultiPoint"",""coordinates"":[]}"
1136_0,0.08237381,"{""type"":""MultiPoint"",""coordinates"":[]}"
1140_0,0.1083819,"{""type"":""MultiPoint"",""coordinates"":[]}"
1141_0,0.3023574,"{""type"":""MultiPoint"",""coordinates"":[]}"
1143_0,0.117549546,"{""type"":""MultiPoint"",""coordinates"":[]}"
1144_0,0.12646525,"{""type"":""MultiPoint"",""coordinates"":[]}"
1146_0,0.24355017,"{""type"":""MultiPoint"",""coordinates"":[]}"
1147_0,0.16068025,"{""type"":""MultiPoint"",""coordinates"":[]}"
1150_0,0.6002986,"{""type"":""MultiPoint"",""coordinates"":[]}"
1153_0,0.043443125,"{""type"":""MultiPoint"",""coordinates"":[]}"
1155_0,0.07870284,"{""type"":""MultiPoint"",""coordinates"":[]}"
1156_0,0.060306367,"{""type"":""MultiPoint"",""coordinates"":[]}"
1157_0,0.17505595,"{""type"":""MultiPoint"",""coordinates"":[]}"
1158_0,0.015805513,"{""type"":""MultiPoint"",""coordinates"":[]}"
1161_0,0.6535775,"{""type"":""MultiPoint"",""coordinates"":[]}"
1162_0,0.7465803,"{""type"":""MultiPoint"",""coordinates"":[]}"
1167_0,0.09554416,"{""type"":""MultiPoint"",""coordinates"":[]}"
1168_0,0.011621363,"{""type"":""MultiPoint"",""coordinates"":[]}"
1169_0,0.11029263,"{""type"":""MultiPoint"",""coordinates"":[]}"
1170_0,0.062192984,"{""type"":""MultiPoint"",""coordinates"":[]}"
1171_0,0.055208884,"{""type"":""MultiPoint"",""coordinates"":[]}"
1172_0,0.9756715,"{""type"":""MultiPoint"",""coordinates"":[]}"
1174_0,0.983335,"{""type"":""MultiPoint"",""coordinates"":[]}"
1187_0,0.14163277,"{""type"":""MultiPoint"",""coordinates"":[]}"
1191_0,0.13934451,"{""type"":""MultiPoint"",""coordinates"":[]}"
1193_0,0.10897514,"{""type"":""MultiPoint"",""coordinates"":[]}"
1196_0,0.49899834,"{""type"":""MultiPoint"",""coordinates"":[]}"
1201_0,0.6224672,"{""type"":""MultiPoint"",""coordinates"":[]}"
1204_0,0.3851201,"{""type"":""MultiPoint"",""coordinates"":[]}"
1205_0,0.6160909,"{""type"":""MultiPoint"",""coordinates"":[]}"
1206_0,0.097982705,"{""type"":""MultiPoint"",""coordinates"":[]}"
1209_0,0.11084297,"{""type"":""MultiPoint"",""coordinates"":[]}"
1214_0,0.08170499,"{""type"":""MultiPoint"",""coordinates"":[]}"
1218_0,0.114047475,"{""type"":""MultiPoint"",""coordinates"":[]}"
1219_0,0.9984116,"{""type"":""MultiPoint"",""coordinates"":[]}"
1220_0,0.015881214,"{""type"":""MultiPoint"",""coordinates"":[]}"
1222_0,0.21894693,"{""type"":""MultiPoint"",""coordinates"":[]}"
1223_0,0.11457911,"{""type"":""MultiPoint"",""coordinates"":[]}"
1224_0,0.05695058,"{""type"":""MultiPoint"",""coordinates"":[]}"
1228_0,0.08179126,"{""type"":""MultiPoint"",""coordinates"":[]}"
1229_0,0.3675075,"{""type"":""MultiPoint"",""coordinates"":[]}"
1230_0,0.11304259,"{""type"":""MultiPoint"",""coordinates"":[]}"
1233_0,0.035441622,"{""type"":""MultiPoint"",""coordinates"":[]}"
1234_0,0.13350579,"{""type"":""MultiPoint"",""coordinates"":[]}"
1238_0,0.4802776,"{""type"":""MultiPoint"",""coordinates"":[]}"
1241_0,0.03296321,"{""type"":""MultiPoint"",""coordinates"":[]}"
1242_0,0.07513506,"{""type"":""MultiPoint"",""coordinates"":[]}"
1247_0,0.18456773,"{""type"":""MultiPoint"",""coordinates"":[]}"
1252_0,0.11771493,"{""type"":""MultiPoint"",""coordinates"":[]}"
1253_0,0.27522287,"{""type"":""MultiPoint"",""coordinates"":[]}"
1256_0,0.062192984,"{""type"":""MultiPoint"",""coordinates"":[]}"
1257_0,0.29140612,"{""type"":""MultiPoint"",""coordinates"":[]}"
1259_0,0.123833254,"{""type"":""MultiPoint"",""coordinates"":[]}"
1260_0,0.35829616,"{""type"":""MultiPoint"",""coordinates"":[]}"
1261_0,0.14319065,"{""type"":""MultiPoint"",""coordinates"":[]}"
1263_0,0.3675075,"{""type"":""MultiPoint"",""coordinates"":[]}"
1265_0,0.057553586,"{""type"":""MultiPoint"",""coordinates"":[]}"
1266_0,0.08985279,"{""type"":""MultiPoint"",""coordinates"":[]}"
1267_0,0.105786815,"{""type"":""MultiPoint"",""coordinates"":[]}"
1268_0,0.06263004,"{""type"":""MultiPoint"",""coordinates"":[]}"
1269_0,0.10285099,"{""type"":""MultiPoint"",""coordinates"":[]}"
1272_0,0.10285099,"{""type"":""MultiPoint"",""coordinates"":[]}"
1279_0,0.10651422,"{""type"":""MultiPoint"",""coordinates"":[]}"
1285_0,0.10285099,"{""type"":""MultiPoint"",""coordinates"":[]}"
1293_0,0.99312377,"{""type"":""MultiPoint"",""coordinates"":[]}"
1295_0,0.059212394,"{""type"":""MultiPoint"",""coordinates"":[]}"
1296_0,0.3731105,"{""type"":""MultiPoint"",""coordinates"":[]}"
1297_0,0.06765379,"{""type"":""MultiPoint"",""coordinates"":[]}"
1299_0,0.36921608,"{""type"":""MultiPoint"",""coordinates"":[]}"
1300_0,0.11106086,"{""type"":""MultiPoint"",""coordinates"":[]}"
1303_0,0.3392879,"{""type"":""MultiPoint"",""coordinates"":[]}"
1304_0,0.04131413,"{""type"":""MultiPoint"",""coordinates"":[]}"
1306_0,0.18877323,"{""type"":""MultiPoint"",""coordinates"":[]}"
1309_0,0.38093492,"{""type"":""MultiPoint"",""coordinates"":[]}"
1311_0,0.18456773,"{""type"":""MultiPoint"",""coordinates"":[]}"
1315_0,0.1715961,"{""type"":""MultiPoint"",""coordinates"":[]}"
1322_0,0.9982206,"{""type"":""MultiPoint"",""coordinates"":[]}"
1329_0,0.2509121,"{""type"":""MultiPoint"",""coordinates"":[]}"
1337_0,0.053750552,"{""type"":""MultiPoint"",""coordinates"":[]}"
1340_0,0.08250383,"{""type"":""MultiPoint"",""coordinates"":[]}"
1342_0,0.23000424,"{""type"":""MultiPoint"",""coordinates"":[]}"
1344_0,0.0543004,"{""type"":""MultiPoint"",""coordinates"":[]}"
1346_0,0.22559902,"{""type"":""MultiPoint"",""coordinates"":[]}"
1347_0,0.21891563,"{""type"":""MultiPoint"",""coordinates"":[]}"
1349_0,0.08250383,"{""type"":""MultiPoint"",""coordinates"":[]}"
1351_0,0.7421939,"{""type"":""MultiPoint"",""coordinates"":[]}"
1353_0,0.15390596,"{""type"":""MultiPoint"",""coordinates"":[]}"
1354_0,0.1742246,"{""type"":""MultiPoint"",""coordinates"":[]}"
1355_0,0.059212394,"{""type"":""MultiPoint"",""coordinates"":[]}"
1359_0,0.105786815,"{""type"":""MultiPoint"",""coordinates"":[]}"
1361_0,0.057327054,"{""type"":""MultiPoint"",""coordinates"":[]}"
1362_0,0.26329228,"{""type"":""MultiPoint"",""coordinates"":[]}"
1366_0,0.38568234,"{""type"":""MultiPoint"",""coordinates"":[]}"
1368_0,0.96826226,"{""type"":""MultiPoint"",""coordinates"":[]}"
1372_0,0.3875038,"{""type"":""MultiPoint"",""coordinates"":[]}"
1374_0,0.17636842,"{""type"":""MultiPoint"",""coordinates"":[]}"
1379_0,0.05285938,"{""type"":""MultiPoint"",""coordinates"":[]}"
1384_0,0.14827345,"{""type"":""MultiPoint"",""coordinates"":[]}"
1387_0,0.3675075,"{""type"":""MultiPoint"",""coordinates"":[]}"
1388_0,0.08368953,"{""type"":""MultiPoint"",""coordinates"":[]}"
1392_0,0.23851906,"{""type"":""MultiPoint"",""coordinates"":[]}"
1393_0,0.077151574,"{""type"":""MultiPoint"",""coordinates"":[]}"
1396_0,0.65169954,"{""type"":""MultiPoint"",""coordinates"":[]}"
1397_0,0.16251113,"{""type"":""MultiPoint"",""coordinates"":[]}"
1398_0,0.10631123,"{""type"":""MultiPoint"",""coordinates"":[]}"
1401_0,0.18094449,"{""type"":""MultiPoint"",""coordinates"":[]}"
1403_0,0.17502892,"{""type"":""MultiPoint"",""coordinates"":[]}"
1413_0,0.34347838,"{""type"":""MultiPoint"",""coordinates"":[]}"
1418_0,0.112022206,"{""type"":""MultiPoint"",""coordinates"":[]}"
1420_0,0.086430416,"{""type"":""MultiPoint"",""coordinates"":[]}"
1422_0,0.13333978,"{""type"":""MultiPoint"",""coordinates"":[]}"
1423_0,0.101580955,"{""type"":""MultiPoint"",""coordinates"":[]}"
1425_0,0.048094667,"{""type"":""MultiPoint"",""coordinates"":[]}"
1426_0,0.13073307,"{""type"":""MultiPoint"",""coordinates"":[]}"
1427_0,0.014485282,"{""type"":""MultiPoint"",""coordinates"":[]}"
1428_0,0.25192103,"{""type"":""MultiPoint"",""coordinates"":[]}"
1429_0,0.18877323,"{""type"":""MultiPoint"",""coordinates"":[]}"
1430_0,0.290257,"{""type"":""MultiPoint"",""coordinates"":[]}"
1434_0,0.00771889,"{""type"":""MultiPoint"",""coordinates"":[]}"
1437_0,0.020746686,"{""type"":""MultiPoint"",""coordinates"":[]}"
1438_0,0.4976452,"{""type"":""MultiPoint"",""coordinates"":[]}"
1442_0,0.3639725,"{""type"":""MultiPoint"",""coordinates"":[]}"
1443_0,0.007950252,"{""type"":""MultiPoint"",""coordinates"":[]}"
1444_0,0.38124594,"{""type"":""MultiPoint"",""coordinates"":[]}"
1447_0,0.10285099,"{""type"":""MultiPoint"",""coordinates"":[]}"
1449_0,0.109731354,"{""type"":""MultiPoint"",""coordinates"":[]}"
1451_0,0.13333978,"{""type"":""MultiPoint"",""coordinates"":[]}"
1453_0,0.03296321,"{""type"":""MultiPoint"",""coordinates"":[]}"
1454_0,0.6817721,"{""type"":""MultiPoint"",""coordinates"":[]}"
1455_0,0.19615276,"{""type"":""MultiPoint"",""coordinates"":[]}"
1457_0,0.6160909,"{""type"":""MultiPoint"",""coordinates"":[]}"
1459_0,0.34201124,"{""type"":""MultiPoint"",""coordinates"":[]}"
1462_0,0.2728991,"{""type"":""MultiPoint"",""coordinates"":[]}"
1463_0,0.81149995,"{""type"":""MultiPoint"",""coordinates"":[]}"
1465_0,0.04131413,"{""type"":""MultiPoint"",""coordinates"":[]}"
1467_0,0.1687904,"{""type"":""MultiPoint"",""coordinates"":[]}"
1471_0,0.2518834,"{""type"":""MultiPoint"",""coordinates"":[]}"
1476_0,0.12755437,"{""type"":""MultiPoint"",""coordinates"":[]}"
1479_0,0.060689364,"{""type"":""MultiPoint"",""coordinates"":[]}"
1480_0,0.18456773,"{""type"":""MultiPoint"",""coordinates"":[]}"
1481_0,0.11924733,"{""type"":""MultiPoint"",""coordinates"":[]}"
1482_0,0.18456773,"{""type"":""MultiPoint"",""coordinates"":[]}"
1483_0,0.32327378,"{""type"":""MultiPoint"",""coordinates"":[]}"
1484_0,0.10771803,"{""type"":""MultiPoint"",""coordinates"":[]}"
1488_0,0.05285938,"{""type"":""MultiPoint"",""coordinates"":[]}"
1490_0,0.05285938,"{""type"":""MultiPoint"",""coordinates"":[]}"
1492_0,0.96945345,"{""type"":""MultiPoint"",""coordinates"":[]}"
1497_0,0.03296321,"{""type"":""MultiPoint"",""coordinates"":[]}"
1505_0,0.25894207,"{""type"":""MultiPoint"",""coordinates"":[]}"
1510_0,0.03494735,"{""type"":""MultiPoint"",""coordinates"":[]}"
1511_0,0.20474204,"{""type"":""MultiPoint"",""coordinates"":[]}"
1515_0,0.011621363,"{""type"":""MultiPoint"",""coordinates"":[]}"
1519_0,0.26010025,"{""type"":""MultiPoint"",""coordinates"":[]}"
1523_0,0.07669952,"{""type"":""MultiPoint"",""coordinates"":[]}"
1524_0,0.53010714,"{""type"":""MultiPoint"",""coordinates"":[]}"
1525_0,0.2382989,"{""type"":""MultiPoint"",""coordinates"":[]}"
1531_0,0.10285099,"{""type"":""MultiPoint"",""coordinates"":[]}"
1534_0,0.6203525,"{""type"":""MultiPoint"",""coordinates"":[]}"
1537_0,0.09460962,"{""type"":""MultiPoint"",""coordinates"":[]}"
1539_0,0.2201503,"{""type"":""MultiPoint"",""coordinates"":[]}"
1540_0,0.06263004,"{""type"":""MultiPoint"",""coordinates"":[]}"
1542_0,0.29140612,"{""type"":""MultiPoint"",""coordinates"":[]}"
1544_0,0.384725,"{""type"":""MultiPoint"",""coordinates"":[]}"
1545_0,0.2382989,"{""type"":""MultiPoint"",""coordinates"":[]}"
1548_0,0.10285099,"{""type"":""MultiPoint"",""coordinates"":[]}"
1549_0,0.10631123,"{""type"":""MultiPoint"",""coordinates"":[]}"
1551_0,0.076491505,"{""type"":""MultiPoint"",""coordinates"":[]}"
1560_0,0.041965406,"{""type"":""MultiPoint"",""coordinates"":[]}"
1561_0,0.21874882,"{""type"":""MultiPoint"",""coordinates"":[]}"
1563_0,0.097796425,"{""type"":""MultiPoint"",""coordinates"":[]}"
1568_0,0.06696024,"{""type"":""MultiPoint"",""coordinates"":[]}"
1569_0,0.08368953,"{""type"":""MultiPoint"",""coordinates"":[]}"
1573_0,0.043153465,"{""type"":""MultiPoint"",""coordinates"":[]}"
1577_0,0.021647938,"{""type"":""MultiPoint"",""coordinates"":[]}"
1578_0,0.097796425,"{""type"":""MultiPoint"",""coordinates"":[]}"
1579_0,0.32275394,"{""type"":""MultiPoint"",""coordinates"":[]}"
1583_0,0.17230389,"{""type"":""MultiPoint"",""coordinates"":[]}"
1584_0,0.021491943,"{""type"":""MultiPoint"",""coordinates"":[]}"
1585_0,0.052037284,"{""type"":""MultiPoint"",""coordinates"":[]}"
1587_0,0.015752748,"{""type"":""MultiPoint"",""coordinates"":[]}"
1588_0,0.021119766,"{""type"":""MultiPoint"",""coordinates"":[]}"
1590_0,0.18877323,"{""type"":""MultiPoint"",""coordinates"":[]}"
1594_0,0.0023103207,"{""type"":""MultiPoint"",""coordinates"":[]}"
1595_0,0.09470192,"{""type"":""MultiPoint"",""coordinates"":[]}"
1596_0,0.1393711,"{""type"":""MultiPoint"",""coordinates"":[]}"
1600_0,0.021088053,"{""type"":""MultiPoint"",""coordinates"":[]}"
1601_0,0.059212394,"{""type"":""MultiPoint"",""coordinates"":[]}"
1603_0,0.023014698,"{""type"":""MultiPoint"",""coordinates"":[]}"
1604_0,0.060420234,"{""type"":""MultiPoint"",""coordinates"":[]}"
1606_0,0.11715272,"{""type"":""MultiPoint"",""coordinates"":[]}"
1607_0,0.13129105,"{""type"":""MultiPoint"",""coordinates"":[]}"
1611_0,0.78476834,"{""type"":""MultiPoint"",""coordinates"":[]}"
1613_0,0.52248955,"{""type"":""MultiPoint"",""coordinates"":[]}"
1614_0,0.097796425,"{""type"":""MultiPoint"",""coordinates"":[]}"
1616_0,0.17502892,"{""type"":""MultiPoint"",""coordinates"":[]}"
1617_0,0.3675075,"{""type"":""MultiPoint"",""coordinates"":[]}"
1619_0,0.20868208,"{""type"":""MultiPoint"",""coordinates"":[]}"
1620_0,0.021999342,"{""type"":""MultiPoint"",""coordinates"":[]}"
1621_0,0.017921807,"{""type"":""MultiPoint"",""coordinates"":[]}"
1625_0,0.035837088,"{""type"":""MultiPoint"",""coordinates"":[]}"
1628_0,0.6203525,"{""type"":""MultiPoint"",""coordinates"":[]}"
1629_0,0.5009644,"{""type"":""MultiPoint"",""coordinates"":[]}"
1631_0,0.18456773,"{""type"":""MultiPoint"",""coordinates"":[]}"
1633_0,0.19546548,"{""type"":""MultiPoint"",""coordinates"":[]}"
1634_0,0.11382693,"{""type"":""MultiPoint"",""coordinates"":[]}"
1637_0,0.3675075,"{""type"":""MultiPoint"",""coordinates"":[]}"
1639_0,0.059212394,"{""type"":""MultiPoint"",""coordinates"":[]}"
1640_0,0.012327017,"{""type"":""MultiPoint"",""coordinates"":[]}"
1645_0,0.111659445,"{""type"":""MultiPoint"",""coordinates"":[]}"
1647_0,0.11652579,"{""type"":""MultiPoint"",""coordinates"":[]}"
1650_0,0.07082936,"{""type"":""MultiPoint"",""coordinates"":[]}"
1654_0,0.13660331,"{""type"":""MultiPoint"",""coordinates"":[]}"
1655_0,0.058798753,"{""type"":""MultiPoint"",""coordinates"":[]}"
1661_0,0.022064786,"{""type"":""MultiPoint"",""coordinates"":[]}"
1663_0,0.097796425,"{""type"":""MultiPoint"",""coordinates"":[]}"
1671_0,0.08146022,"{""type"":""MultiPoint"",""coordinates"":[]}"
1672_0,0.076491505,"{""type"":""MultiPoint"",""coordinates"":[]}"
1675_0,0.99708134,"{""type"":""MultiPoint"",""coordinates"":[]}"
1678_0,0.011621363,"{""type"":""MultiPoint"",""coordinates"":[]}"
1681_0,0.99708134,"{""type"":""MultiPoint"",""coordinates"":[]}"
1683_0,0.079990454,"{""type"":""MultiPoint"",""coordinates"":[]}"
1684_0,0.3413083,"{""type"":""MultiPoint"",""coordinates"":[]}"
1686_0,0.48759544,"{""type"":""MultiPoint"",""coordinates"":[]}"
1687_0,0.023014698,"{""type"":""MultiPoint"",""coordinates"":[]}"
1688_0,0.2959227,"{""type"":""MultiPoint"",""coordinates"":[]}"
1690_0,0.23113486,"{""type"":""MultiPoint"",""coordinates"":[]}"
1692_0,0.15916133,"{""type"":""MultiPoint"",""coordinates"":[]}"
1693_0,0.9927683,"{""type"":""MultiPoint"",""coordinates"":[]}"
1694_0,0.0139602395,"{""type"":""MultiPoint"",""coordinates"":[]}"
1700_0,0.073926896,"{""type"":""MultiPoint"",""coordinates"":[]}"
1704_0,0.103687,"{""type"":""MultiPoint"",""coordinates"":[]}"
1705_0,0.07154436,"{""type"":""MultiPoint"",""coordinates"":[]}"
1706_0,0.016367994,"{""type"":""MultiPoint"",""coordinates"":[]}"
1708_0,0.16807742,"{""type"":""MultiPoint"",""coordinates"":[]}"
1709_0,0.054815147,"{""type"":""MultiPoint"",""coordinates"":[]}"
1710_0,0.25650725,"{""type"":""MultiPoint"",""coordinates"":[]}"
1714_0,0.14513284,"{""type"":""MultiPoint"",""coordinates"":[]}"
1719_0,0.14462978,"{""type"":""MultiPoint"",""coordinates"":[]}"
1721_0,0.29140612,"{""type"":""MultiPoint"",""coordinates"":[]}"
1723_0,0.38543224,"{""type"":""MultiPoint"",""coordinates"":[]}"
1726_0,0.09343831,"{""type"":""MultiPoint"",""coordinates"":[]}"
1727_0,0.29771262,"{""type"":""MultiPoint"",""coordinates"":[]}"
1736_0,0.2959227,"{""type"":""MultiPoint"",""coordinates"":[]}"
1737_0,0.013537865,"{""type"":""MultiPoint"",""coordinates"":[]}"
1739_0,0.07699686,"{""type"":""MultiPoint"",""coordinates"":[]}"
1743_0,0.18456773,"{""type"":""MultiPoint"",""coordinates"":[]}"
1745_0,0.02385106,"{""type"":""MultiPoint"",""coordinates"":[]}"
1747_0,0.11304259,"{""type"":""MultiPoint"",""coordinates"":[]}"
1748_0,0.2382989,"{""type"":""MultiPoint"",""coordinates"":[]}"
1749_0,0.10059872,"{""type"":""MultiPoint"",""coordinates"":[]}"
1753_0,0.09631969,"{""type"":""MultiPoint"",""coordinates"":[]}"
1754_0,0.10285099,"{""type"":""MultiPoint"",""coordinates"":[]}"
1759_0,0.022743892,"{""type"":""MultiPoint"",""coordinates"":[]}"
1766_0,0.057327054,"{""type"":""MultiPoint"",""coordinates"":[]}"
1767_0,0.96000856,"{""type"":""MultiPoint"",""coordinates"":[]}"
1768_0,0.6246548,"{""type"":""MultiPoint"",""coordinates"":[]}"
1769_0,0.71830815,"{""type"":""MultiPoint"",""coordinates"":[]}"
1771_0,0.060306367,"{""type"":""MultiPoint"",""coordinates"":[]}"
1773_0,0.06886628,"{""type"":""MultiPoint"",""coordinates"":[]}"
1774_0,0.08585406,"{""type"":""MultiPoint"",""coordinates"":[]}"
1775_0,0.19652203,"{""type"":""MultiPoint"",""coordinates"":[]}"
1776_0,0.5158683,"{""type"":""MultiPoint"",""coordinates"":[]}"
1777_0,0.17215721,"{""type"":""MultiPoint"",""coordinates"":[]}"
1778_0,0.40898508,"{""type"":""MultiPoint"",""coordinates"":[]}"
1787_0,0.4214472,"{""type"":""MultiPoint"",""coordinates"":[]}"
1790_0,0.021088053,"{""type"":""MultiPoint"",""coordinates"":[]}"
1792_0,0.015139095,"{""type"":""MultiPoint"",""coordinates"":[]}"
1795_0,0.0956628,"{""type"":""MultiPoint"",""coordinates"":[]}"
1796_0,0.5214101,"{""type"":""MultiPoint"",""coordinates"":[]}"
1797_0,0.48066166,"{""type"":""MultiPoint"",""coordinates"":[]}"
1798_0,0.18877323,"{""type"":""MultiPoint"",""coordinates"":[]}"
1801_0,0.18456773,"{""type"":""MultiPoint"",""coordinates"":[]}"
1802_0,0.049482852,"{""type"":""MultiPoint"",""coordinates"":[]}"
1803_0,0.10952454,"{""type"":""MultiPoint"",""coordinates"":[]}"
1806_0,0.18784806,"{""type"":""MultiPoint"",""coordinates"":[]}"
1807_0,0.49279243,"{""type"":""MultiPoint"",""coordinates"":[]}"
1811_0,0.3287856,"{""type"":""MultiPoint"",""coordinates"":[]}"
1814_0,0.0879931,"{""type"":""MultiPoint"",""coordinates"":[]}"
1816_0,0.10284163,"{""type"":""MultiPoint"",""coordinates"":[]}"
1817_0,0.18877323,"{""type"":""MultiPoint"",""coordinates"":[]}"
1818_0,0.17328624,"{""type"":""MultiPoint"",""coordinates"":[]}"
1820_0,0.022064786,"{""type"":""MultiPoint"",""coordinates"":[]}"
1821_0,0.14159451,"{""type"":""MultiPoint"",""coordinates"":[]}"
1822_0,0.08271224,"{""type"":""MultiPoint"",""coordinates"":[]}"
1824_0,0.032869987,"{""type"":""MultiPoint"",""coordinates"":[]}"
1827_0,0.23077728,"{""type"":""MultiPoint"",""coordinates"":[]}"
1833_0,0.18877323,"{""type"":""MultiPoint"",""coordinates"":[]}"
1835_0,0.13127942,"{""type"":""MultiPoint"",""coordinates"":[]}"
1837_0,0.23077728,"{""type"":""MultiPoint"",""coordinates"":[]}"
1838_0,0.96710306,"{""type"":""MultiPoint"",""coordinates"":[]}"
1839_0,0.2382989,"{""type"":""MultiPoint"",""coordinates"":[]}"
1840_0,0.9982206,"{""type"":""MultiPoint"",""coordinates"":[]}"
1841_0,0.10285099,"{""type"":""MultiPoint"",""coordinates"":[]}"
1850_0,0.16923568,"{""type"":""MultiPoint"",""coordinates"":[]}"
1851_0,0.42157695,"{""type"":""MultiPoint"",""coordinates"":[]}"
1852_0,0.22771835,"{""type"":""MultiPoint"",""coordinates"":[]}"
1853_0,0.014133324,"{""type"":""MultiPoint"",""coordinates"":[]}"
1858_0,0.28910428,"{""type"":""MultiPoint"",""coordinates"":[]}"
1859_0,0.17182064,"{""type"":""MultiPoint"",""coordinates"":[]}"
1860_0,0.17230389,"{""type"":""MultiPoint"",""coordinates"":[]}"
1861_0,0.038098253,"{""type"":""MultiPoint"",""coordinates"":[]}"
1864_0,0.22164308,"{""type"":""MultiPoint"",""coordinates"":[]}"
1865_0,0.16103384,"{""type"":""MultiPoint"",""coordinates"":[]}"
1866_0,0.07615826,"{""type"":""MultiPoint"",""coordinates"":[]}"
1868_0,0.03296321,"{""type"":""MultiPoint"",""coordinates"":[]}"
1869_0,0.49305028,"{""type"":""MultiPoint"",""coordinates"":[]}"
1871_0,0.1738741,"{""type"":""MultiPoint"",""coordinates"":[]}"
1872_0,0.97914904,"{""type"":""MultiPoint"",""coordinates"":[]}"
1874_0,0.0025054368,"{""type"":""MultiPoint"",""coordinates"":[]}"
1876_0,0.23312505,"{""type"":""MultiPoint"",""coordinates"":[]}"
1877_0,0.17469779,"{""type"":""MultiPoint"",""coordinates"":[]}"
1878_0,0.13333978,"{""type"":""MultiPoint"",""coordinates"":[]}"
1880_0,0.033180647,"{""type"":""MultiPoint"",""coordinates"":[]}"
1887_0,0.044971425,"{""type"":""MultiPoint"",""coordinates"":[]}"
1890_0,0.43402666,"{""type"":""MultiPoint"",""coordinates"":[]}"
1894_0,0.9981976,"{""type"":""MultiPoint"",""coordinates"":[]}"
1898_0,0.0024157963,"{""type"":""MultiPoint"",""coordinates"":[]}"
1899_0,0.56562084,"{""type"":""MultiPoint"",""coordinates"":[]}"
1900_0,0.81435645,"{""type"":""MultiPoint"",""coordinates"":[]}"
1902_0,0.18998411,"{""type"":""MultiPoint"",""coordinates"":[]}"
1903_0,0.097796425,"{""type"":""MultiPoint"",""coordinates"":[]}"
1904_0,0.18456773,"{""type"":""MultiPoint"",""coordinates"":[]}"
1905_0,0.99834627,"{""type"":""MultiPoint"",""coordinates"":[]}"
1907_0,0.99708134,"{""type"":""MultiPoint"",""coordinates"":[]}"
1912_0,0.19359218,"{""type"":""MultiPoint"",""coordinates"":[]}"
1918_0,0.61854666,"{""type"":""MultiPoint"",""coordinates"":[]}"
1923_0,0.105786815,"{""type"":""MultiPoint"",""coordinates"":[]}"
1927_0,0.09343831,"{""type"":""MultiPoint"",""coordinates"":[]}"
1928_0,0.021384932,"{""type"":""MultiPoint"",""coordinates"":[]}"
1931_0,0.09558582,"{""type"":""MultiPoint"",""coordinates"":[]}"
1934_0,0.2382989,"{""type"":""MultiPoint"",""coordinates"":[]}"
1936_0,0.12563357,"{""type"":""MultiPoint"",""coordinates"":[]}"
1941_0,0.36087003,"{""type"":""MultiPoint"",""coordinates"":[]}"
1943_0,0.5647319,"{""type"":""MultiPoint"",""coordinates"":[]}"
1945_0,0.101116106,"{""type"":""MultiPoint"",""coordinates"":[]}"
1947_0,0.2852558,"{""type"":""MultiPoint"",""coordinates"":[]}"
1948_0,0.062192984,"{""type"":""MultiPoint"",""coordinates"":[]}"
1950_0,0.5364599,"{""type"":""MultiPoint"",""coordinates"":[]}"
1952_0,0.10285099,"{""type"":""MultiPoint"",""coordinates"":[]}"
1955_0,0.010467444,"{""type"":""MultiPoint"",""coordinates"":[]}"
1957_0,0.105786815,"{""type"":""MultiPoint"",""coordinates"":[]}"
1958_0,0.07264655,"{""type"":""MultiPoint"",""coordinates"":[]}"
1960_0,0.17502892,"{""type"":""MultiPoint"",""coordinates"":[]}"
1963_0,0.011475624,"{""type"":""MultiPoint"",""coordinates"":[]}"
1967_0,0.26329228,"{""type"":""MultiPoint"",""coordinates"":[]}"
1968_0,0.99708134,"{""type"":""MultiPoint"",""coordinates"":[]}"
1972_0,0.32455787,"{""type"":""MultiPoint"",""coordinates"":[]}"
1973_0,0.044971425,"{""type"":""MultiPoint"",""coordinates"":[]}"
1982_0,0.36119714,"{""type"":""MultiPoint"",""coordinates"":[]}"
1988_0,0.18456773,"{""type"":""MultiPoint"",""coordinates"":[]}"
1996_0,8.9404575E-4,"{""type"":""MultiPoint"",""coordinates"":[]}"
1997_0,0.03000763,"{""type"":""MultiPoint"",""coordinates"":[]}"
2003_0,0.48629543,"{""type"":""MultiPoint"",""coordinates"":[]}"
2004_0,0.18456773,"{""type"":""MultiPoint"",""coordinates"":[]}"
2007_0,0.09554416,"{""type"":""MultiPoint"",""coordinates"":[]}"
2009_0,0.29140612,"{""type"":""MultiPoint"",""coordinates"":[]}"
2010_0,0.08960526,"{""type"":""MultiPoint"",""coordinates"":[]}"
2016_0,0.07082936,"{""type"":""MultiPoint"",""coordinates"":[]}"
2018_0,0.21860784,"{""type"":""MultiPoint"",""coordinates"":[]}"
2020_0,0.05755054,"{""type"":""MultiPoint"",""coordinates"":[]}"
2021_0,0.12755437,"{""type"":""MultiPoint"",""coordinates"":[]}"
2022_0,0.2290082,"{""type"":""MultiPoint"",""coordinates"":[]}"
2025_0,0.022336591,"{""type"":""MultiPoint"",""coordinates"":[]}"
2026_0,0.059212394,"{""type"":""MultiPoint"",""coordinates"":[]}"
2029_0,0.1356467,"{""type"":""MultiPoint"",""coordinates"":[]}"
2036_0,0.021263884,"{""type"":""MultiPoint"",""coordinates"":[]}"
2038_0,0.2872208,"{""type"":""MultiPoint"",""coordinates"":[]}"
2042_0,0.012305924,"{""type"":""MultiPoint"",""coordinates"":[]}"
2043_0,0.37606007,"{""type"":""MultiPoint"",""coordinates"":[]}"
2048_0,0.17502892,"{""type"":""MultiPoint"",""coordinates"":[]}"
2049_0,0.30083594,"{""type"":""MultiPoint"",""coordinates"":[]}"
2050_0,0.10059872,"{""type"":""MultiPoint"",""coordinates"":[]}"
2053_0,0.2378419,"{""type"":""MultiPoint"",""coordinates"":[]}"
2056_0,0.022349652,"{""type"":""MultiPoint"",""coordinates"":[]}"
2061_0,0.017406274,"{""type"":""MultiPoint"",""coordinates"":[]}"
2063_0,0.30628327,"{""type"":""MultiPoint"",""coordinates"":[]}"
2066_0,0.020869631,"{""type"":""MultiPoint"",""coordinates"":[]}"
2067_0,0.02278664,"{""type"":""MultiPoint"",""coordinates"":[]}"
2070_0,0.14827345,"{""type"":""MultiPoint"",""coordinates"":[]}"
2072_0,0.0039507416,"{""type"":""MultiPoint"",""coordinates"":[]}"
2073_0,0.9619775,"{""type"":""MultiPoint"",""coordinates"":[]}"
2074_0,0.10059872,"{""type"":""MultiPoint"",""coordinates"":[]}"
2075_0,0.10285099,"{""type"":""MultiPoint"",""coordinates"":[]}"
2079_0,0.24566188,"{""type"":""MultiPoint"",""coordinates"":[]}"
2082_0,0.079751395,"{""type"":""MultiPoint"",""coordinates"":[]}"
2084_0,0.022156408,"{""type"":""MultiPoint"",""coordinates"":[]}"
2086_0,0.21630241,"{""type"":""MultiPoint"",""coordinates"":[]}"
2089_0,0.114047475,"{""type"":""MultiPoint"",""coordinates"":[]}"
2090_0,0.11592372,"{""type"":""MultiPoint"",""coordinates"":[]}"
2091_0,0.10651422,"{""type"":""MultiPoint"",""coordinates"":[]}"
2094_0,0.35924155,"{""type"":""MultiPoint"",""coordinates"":[]}"
2096_0,0.5647319,"{""type"":""MultiPoint"",""coordinates"":[]}"
2097_0,0.021263884,"{""type"":""MultiPoint"",""coordinates"":[]}"
2098_0,0.78690344,"{""type"":""MultiPoint"",""coordinates"":[]}"
2104_0,0.10879289,"{""type"":""MultiPoint"",""coordinates"":[]}"
2106_0,0.3704082,"{""type"":""MultiPoint"",""coordinates"":[]}"
2108_0,0.03296321,"{""type"":""MultiPoint"",""coordinates"":[]}"
2109_0,0.42129546,"{""type"":""MultiPoint"",""coordinates"":[]}"
2110_0,0.0075883036,"{""type"":""MultiPoint"",""coordinates"":[]}"
2114_0,0.34347838,"{""type"":""MultiPoint"",""coordinates"":[]}"
2115_0,0.42613247,"{""type"":""MultiPoint"",""coordinates"":[]}"
2118_0,0.01569803,"{""type"":""MultiPoint"",""coordinates"":[]}"
2124_0,0.0965265,"{""type"":""MultiPoint"",""coordinates"":[]}"
2125_0,0.076491505,"{""type"":""MultiPoint"",""coordinates"":[]}"
2128_0,0.4976047,"{""type"":""MultiPoint"",""coordinates"":[]}"
2134_0,0.054815147,"{""type"":""MultiPoint"",""coordinates"":[]}"
2135_0,0.15530746,"{""type"":""MultiPoint"",""coordinates"":[]}"
2137_0,0.92435706,"{""type"":""MultiPoint"",""coordinates"":[]}"
2140_0,0.017318152,"{""type"":""MultiPoint"",""coordinates"":[]}"
2142_0,0.107677706,"{""type"":""MultiPoint"",""coordinates"":[]}"
2144_0,0.11257507,"{""type"":""MultiPoint"",""coordinates"":[]}"
2150_0,0.070046775,"{""type"":""MultiPoint"",""coordinates"":[]}"
2155_0,0.105786815,"{""type"":""MultiPoint"",""coordinates"":[]}"
2156_0,0.11229959,"{""type"":""MultiPoint"",""coordinates"":[]}"
2159_0,0.11579308,"{""type"":""MultiPoint"",""coordinates"":[]}"
2161_0,0.097796425,"{""type"":""MultiPoint"",""coordinates"":[]}"
2162_0,0.25650725,"{""type"":""MultiPoint"",""coordinates"":[]}"
2163_0,0.082366966,"{""type"":""MultiPoint"",""coordinates"":[]}"
2165_0,0.09334352,"{""type"":""MultiPoint"",""coordinates"":[]}"
2166_0,0.105786815,"{""type"":""MultiPoint"",""coordinates"":[]}"
2167_0,0.0823449,"{""type"":""MultiPoint"",""coordinates"":[]}"
2169_0,0.12990949,"{""type"":""MultiPoint"",""coordinates"":[]}"
2170_0,0.012156589,"{""type"":""MultiPoint"",""coordinates"":[]}"
2172_0,0.14032865,"{""type"":""MultiPoint"",""coordinates"":[]}"
2173_0,0.06764397,"{""type"":""MultiPoint"",""coordinates"":[]}"
2176_0,0.10285099,"{""type"":""MultiPoint"",""coordinates"":[]}"
2182_0,0.4976047,"{""type"":""MultiPoint"",""coordinates"":[]}"
2183_0,0.0024157963,"{""type"":""MultiPoint"",""coordinates"":[]}"
2184_0,0.011943824,"{""type"":""MultiPoint"",""coordinates"":[]}"
2188_0,0.01953822,"{""type"":""MultiPoint"",""coordinates"":[]}"
2190_0,0.32196933,"{""type"":""MultiPoint"",""coordinates"":[]}"
2199_0,0.11451499,"{""type"":""MultiPoint"",""coordinates"":[]}"
2201_0,0.023535041,"{""type"":""MultiPoint"",""coordinates"":[]}"
2202_0,0.29140612,"{""type"":""MultiPoint"",""coordinates"":[]}"
2205_0,0.073926896,"{""type"":""MultiPoint"",""coordinates"":[]}"
2209_0,0.097796425,"{""type"":""MultiPoint"",""coordinates"":[]}"
2210_0,0.8528581,"{""type"":""MultiPoint"",""coordinates"":[]}"
2211_0,0.25466982,"{""type"":""MultiPoint"",""coordinates"":[]}"
2217_0,0.384725,"{""type"":""MultiPoint"",""coordinates"":[]}"
2219_0,0.07614812,"{""type"":""MultiPoint"",""coordinates"":[]}"
2225_0,0.21437073,"{""type"":""MultiPoint"",""coordinates"":[]}"
2227_0,0.52248955,"{""type"":""MultiPoint"",""coordinates"":[]}"
2230_0,0.21998142,"{""type"":""MultiPoint"",""coordinates"":[]}"
2233_0,0.10952454,"{""type"":""MultiPoint"",""coordinates"":[]}"
2236_0,0.13818116,"{""type"":""MultiPoint"",""coordinates"":[]}"
2237_0,0.28366423,"{""type"":""MultiPoint"",""coordinates"":[]}"
2241_0,0.05285938,"{""type"":""MultiPoint"",""coordinates"":[]}"
2244_0,0.3361892,"{""type"":""MultiPoint"",""coordinates"":[]}"
2247_0,0.03296321,"{""type"":""MultiPoint"",""coordinates"":[]}"
2253_0,0.22559902,"{""type"":""MultiPoint"",""coordinates"":[]}"
2256_0,0.4661105,"{""type"":""MultiPoint"",""coordinates"":[]}"
2260_0,0.053750552,"{""type"":""MultiPoint"",""coordinates"":[]}"
2262_0,0.384725,"{""type"":""MultiPoint"",""coordinates"":[]}"
2265_0,0.1687904,"{""type"":""MultiPoint"",""coordinates"":[]}"
2266_0,0.013554166,"{""type"":""MultiPoint"",""coordinates"":[]}"
2267_0,0.10885331,"{""type"":""MultiPoint"",""coordinates"":[]}"
2268_0,0.9901895,"{""type"":""MultiPoint"",""coordinates"":[]}"
2276_0,0.13659596,"{""type"":""MultiPoint"",""coordinates"":[]}"
2277_0,0.15882993,"{""type"":""MultiPoint"",""coordinates"":[]}"
2279_0,0.10952454,"{""type"":""MultiPoint"",""coordinates"":[]}"
2280_0,0.16711253,"{""type"":""MultiPoint"",""coordinates"":[]}"
2282_0,0.33717155,"{""type"":""MultiPoint"",""coordinates"":[]}"
2283_0,0.04760625,"{""type"":""MultiPoint"",""coordinates"":[]}"
2284_0,0.2885566,"{""type"":""MultiPoint"",""coordinates"":[]}"
2286_0,0.0024157963,"{""type"":""MultiPoint"",""coordinates"":[]}"
2287_0,0.14462978,"{""type"":""MultiPoint"",""coordinates"":[]}"
2288_0,0.036663428,"{""type"":""MultiPoint"",""coordinates"":[]}"
2290_0,0.0039507416,"{""type"":""MultiPoint"",""coordinates"":[]}"
2297_0,0.28344387,"{""type"":""MultiPoint"",""coordinates"":[]}"
2306_0,0.11374652,"{""type"":""MultiPoint"",""coordinates"":[]}"
2311_0,0.03387099,"{""type"":""MultiPoint"",""coordinates"":[]}"
2312_0,0.20104857,"{""type"":""MultiPoint"",""coordinates"":[]}"
2322_0,0.6474862,"{""type"":""MultiPoint"",""coordinates"":[]}"
2323_0,0.031040011,"{""type"":""MultiPoint"",""coordinates"":[]}"
2325_0,0.022335274,"{""type"":""MultiPoint"",""coordinates"":[]}"
2330_0,0.22771835,"{""type"":""MultiPoint"",""coordinates"":[]}"
2331_0,0.25047827,"{""type"":""MultiPoint"",""coordinates"":[]}"
2335_0,0.12353567,"{""type"":""MultiPoint"",""coordinates"":[]}"
2337_0,0.0039507416,"{""type"":""MultiPoint"",""coordinates"":[]}"
2340_0,0.02264252,"{""type"":""MultiPoint"",""coordinates"":[]}"
2341_0,0.046445873,"{""type"":""MultiPoint"",""coordinates"":[]}"
2344_0,0.037156787,"{""type"":""MultiPoint"",""coordinates"":[]}"
2345_0,0.2806642,"{""type"":""MultiPoint"",""coordinates"":[]}"
2346_0,0.2731389,"{""type"":""MultiPoint"",""coordinates"":[]}"
2348_0,0.4770244,"{""type"":""MultiPoint"",""coordinates"":[]}"
2349_0,0.021119766,"{""type"":""MultiPoint"",""coordinates"":[]}"
2351_0,0.29140612,"{""type"":""MultiPoint"",""coordinates"":[]}"
2352_0,0.46801555,"{""type"":""MultiPoint"",""coordinates"":[]}"
2356_0,0.31285796,"{""type"":""MultiPoint"",""coordinates"":[]}"
2361_0,0.50064844,"{""type"":""MultiPoint"",""coordinates"":[]}"
2362_0,0.014381545,"{""type"":""MultiPoint"",""coordinates"":[]}"
2363_0,0.29953003,"{""type"":""MultiPoint"",""coordinates"":[]}"
2364_0,0.54815483,"{""type"":""MultiPoint"",""coordinates"":[]}"
2366_0,0.105786815,"{""type"":""MultiPoint"",""coordinates"":[]}"
2367_0,0.45599988,"{""type"":""MultiPoint"",""coordinates"":[]}"
2374_0,0.11975249,"{""type"":""MultiPoint"",""coordinates"":[]}"
2382_0,0.17902705,"{""type"":""MultiPoint"",""coordinates"":[]}"
2387_0,0.025504066,"{""type"":""MultiPoint"",""coordinates"":[]}"
2388_0,0.063124426,"{""type"":""MultiPoint"",""coordinates"":[]}"
2390_0,0.2944757,"{""type"":""MultiPoint"",""coordinates"":[]}"
2391_0,0.021119766,"{""type"":""MultiPoint"",""coordinates"":[]}"
2393_0,0.22410962,"{""type"":""MultiPoint"",""coordinates"":[]}"
2395_0,0.01953822,"{""type"":""MultiPoint"",""coordinates"":[]}"
2409_0,0.3875038,"{""type"":""MultiPoint"",""coordinates"":[]}"
2412_0,0.1824111,"{""type"":""MultiPoint"",""coordinates"":[]}"
2414_0,0.009911352,"{""type"":""MultiPoint"",""coordinates"":[]}"
2415_0,0.8274994,"{""type"":""MultiPoint"",""coordinates"":[]}"
2417_0,0.011621363,"{""type"":""MultiPoint"",""coordinates"":[]}"
2419_0,0.075928405,"{""type"":""MultiPoint"",""coordinates"":[]}"
2420_0,0.3308999,"{""type"":""MultiPoint"",""coordinates"":[]}"
2421_0,0.0024798817,"{""type"":""MultiPoint"",""coordinates"":[]}"
2422_0,0.07307701,"{""type"":""MultiPoint"",""coordinates"":[]}"
2424_0,0.29111573,"{""type"":""MultiPoint"",""coordinates"":[]}"
2425_0,0.8513526,"{""type"":""MultiPoint"",""coordinates"":[]}"
2429_0,0.105786815,"{""type"":""MultiPoint"",""coordinates"":[]}"
2431_0,0.9984116,"{""type"":""MultiPoint"",""coordinates"":[]}"
2432_0,0.105786815,"{""type"":""MultiPoint"",""coordinates"":[]}"
2433_0,0.35924155,"{""type"":""MultiPoint"",""coordinates"":[]}"
2435_0,0.063124426,"{""type"":""MultiPoint"",""coordinates"":[]}"
2436_0,0.25047827,"{""type"":""MultiPoint"",""coordinates"":[]}"
2437_0,0.0024157963,"{""type"":""MultiPoint"",""coordinates"":[]}"
2441_0,0.04254737,"{""type"":""MultiPoint"",""coordinates"":[]}"
2444_0,0.019925795,"{""type"":""MultiPoint"",""coordinates"":[]}"
2446_0,0.1093405,"{""type"":""MultiPoint"",""coordinates"":[]}"
2447_0,0.04878373,"{""type"":""MultiPoint"",""coordinates"":[]}"
2449_0,0.014283177,"{""type"":""MultiPoint"",""coordinates"":[]}"
2451_0,0.060817193,"{""type"":""MultiPoint"",""coordinates"":[]}"
2452_0,0.50064844,"{""type"":""MultiPoint"",""coordinates"":[]}"
2453_0,0.012327017,"{""type"":""MultiPoint"",""coordinates"":[]}"
2454_0,0.0024798817,"{""type"":""MultiPoint"",""coordinates"":[]}"
2455_0,0.29505783,"{""type"":""MultiPoint"",""coordinates"":[]}"
2459_0,0.08462586,"{""type"":""MultiPoint"",""coordinates"":[]}"
2460_0,0.17604549,"{""type"":""MultiPoint"",""coordinates"":[]}"
2463_0,0.018476918,"{""type"":""MultiPoint"",""coordinates"":[]}"
2465_0,0.017836066,"{""type"":""MultiPoint"",""coordinates"":[]}"
2466_0,0.32147717,"{""type"":""MultiPoint"",""coordinates"":[]}"
2467_0,0.19359218,"{""type"":""MultiPoint"",""coordinates"":[]}"
2470_0,0.38543224,"{""type"":""MultiPoint"",""coordinates"":[]}"
2474_0,0.10695041,"{""type"":""MultiPoint"",""coordinates"":[]}"
2476_0,0.08960526,"{""type"":""MultiPoint"",""coordinates"":[]}"
2477_0,0.060817193,"{""type"":""MultiPoint"",""coordinates"":[]}"
2480_0,0.09343831,"{""type"":""MultiPoint"",""coordinates"":[]}"
2482_0,0.09511139,"{""type"":""MultiPoint"",""coordinates"":[]}"
2485_0,0.103687,"{""type"":""MultiPoint"",""coordinates"":[]}"
2487_0,0.18877323,"{""type"":""MultiPoint"",""coordinates"":[]}"
2494_0,0.021119766,"{""type"":""MultiPoint"",""coordinates"":[]}"
2495_0,0.8762298,"{""type"":""MultiPoint"",""coordinates"":[]}"
2498_0,0.03532275,"{""type"":""MultiPoint"",""coordinates"":[]}"
2499_0,0.021119766,"{""type"":""MultiPoint"",""coordinates"":[]}"
2502_0,0.47442412,"{""type"":""MultiPoint"",""coordinates"":[]}"
2505_0,0.18456773,"{""type"":""MultiPoint"",""coordinates"":[]}"
2506_0,0.18877323,"{""type"":""MultiPoint"",""coordinates"":[]}"
2508_0,0.110418975,"{""type"":""MultiPoint"",""coordinates"":[]}"
2510_0,0.025119998,"{""type"":""MultiPoint"",""coordinates"":[]}"
2515_0,0.09179158,"{""type"":""MultiPoint"",""coordinates"":[]}"
2519_0,0.0959975,"{""type"":""MultiPoint"",""coordinates"":[]}"
2521_0,0.17270221,"{""type"":""MultiPoint"",""coordinates"":[]}"
2523_0,0.06212306,"{""type"":""MultiPoint"",""coordinates"":[]}"
2525_0,0.02087596,"{""type"":""MultiPoint"",""coordinates"":[]}"
2526_0,0.06765379,"{""type"":""MultiPoint"",""coordinates"":[]}"
2528_0,0.090166606,"{""type"":""MultiPoint"",""coordinates"":[]}"
2530_0,0.18456773,"{""type"":""MultiPoint"",""coordinates"":[]}"
2532_0,0.035787992,"{""type"":""MultiPoint"",""coordinates"":[]}"
2540_0,0.20584886,"{""type"":""MultiPoint"",""coordinates"":[]}"
2541_0,0.05654828,"{""type"":""MultiPoint"",""coordinates"":[]}"
2544_0,0.062192984,"{""type"":""MultiPoint"",""coordinates"":[]}"
2553_0,0.15039869,"{""type"":""MultiPoint"",""coordinates"":[]}"
2556_0,0.48759544,"{""type"":""MultiPoint"",""coordinates"":[]}"
2558_0,0.25589645,"{""type"":""MultiPoint"",""coordinates"":[]}"
2563_0,0.2691035,"{""type"":""MultiPoint"",""coordinates"":[]}"
2565_0,0.9916289,"{""type"":""MultiPoint"",""coordinates"":[]}"
2566_0,0.24177404,"{""type"":""MultiPoint"",""coordinates"":[]}"
2567_0,0.40898508,"{""type"":""MultiPoint"",""coordinates"":[]}"
2570_0,0.17230389,"{""type"":""MultiPoint"",""coordinates"":[]}"
2571_0,0.30083594,"{""type"":""MultiPoint"",""coordinates"":[]}"
2574_0,0.11989372,"{""type"":""MultiPoint"",""coordinates"":[]}"
2583_0,0.18877323,"{""type"":""MultiPoint"",""coordinates"":[]}"
2584_0,0.092455596,"{""type"":""MultiPoint"",""coordinates"":[]}"
2585_0,0.24355017,"{""type"":""MultiPoint"",""coordinates"":[]}"
2586_0,0.034183178,"{""type"":""MultiPoint"",""coordinates"":[]}"
2587_0,0.075928405,"{""type"":""MultiPoint"",""coordinates"":[]}"
2588_0,0.021491943,"{""type"":""MultiPoint"",""coordinates"":[]}"
2589_0,0.49203724,"{""type"":""MultiPoint"",""coordinates"":[]}"
2591_0,0.17230389,"{""type"":""MultiPoint"",""coordinates"":[]}"
2596_0,0.08368953,"{""type"":""MultiPoint"",""coordinates"":[]}"
2599_0,0.1093405,"{""type"":""MultiPoint"",""coordinates"":[]}"
2600_0,0.24355017,"{""type"":""MultiPoint"",""coordinates"":[]}"
2601_0,0.25650725,"{""type"":""MultiPoint"",""coordinates"":[]}"
2603_0,0.9358026,"{""type"":""MultiPoint"",""coordinates"":[]}"
2604_0,0.105786815,"{""type"":""MultiPoint"",""coordinates"":[]}"
2606_0,0.076491505,"{""type"":""MultiPoint"",""coordinates"":[]}"
2611_0,0.5621558,"{""type"":""MultiPoint"",""coordinates"":[]}"
2612_0,0.85056007,"{""type"":""MultiPoint"",""coordinates"":[]}"
2613_0,0.042822264,"{""type"":""MultiPoint"",""coordinates"":[]}"
2614_0,0.03296321,"{""type"":""MultiPoint"",""coordinates"":[]}"
2615_0,0.17796138,"{""type"":""MultiPoint"",""coordinates"":[]}"
2621_0,0.34801522,"{""type"":""MultiPoint"",""coordinates"":[]}"
2623_0,0.3909103,"{""type"":""MultiPoint"",""coordinates"":[]}"
2624_0,0.056347646,"{""type"":""MultiPoint"",""coordinates"":[]}"
2625_0,0.03356531,"{""type"":""MultiPoint"",""coordinates"":[]}"
2626_0,0.04355459,"{""type"":""MultiPoint"",""coordinates"":[]}"
2627_0,0.45860672,"{""type"":""MultiPoint"",""coordinates"":[]}"
2629_0,0.11975249,"{""type"":""MultiPoint"",""coordinates"":[]}"
2631_0,0.105786815,"{""type"":""MultiPoint"",""coordinates"":[]}"
2634_0,0.041292075,"{""type"":""MultiPoint"",""coordinates"":[]}"
2635_0,0.6160909,"{""type"":""MultiPoint"",""coordinates"":[]}"
2638_0,0.10285099,"{""type"":""MultiPoint"",""coordinates"":[]}"
2642_0,0.0024157963,"{""type"":""MultiPoint"",""coordinates"":[]}"
2643_0,0.019318884,"{""type"":""MultiPoint"",""coordinates"":[]}"
2646_0,0.5027908,"{""type"":""MultiPoint"",""coordinates"":[]}"
2648_0,0.3392879,"{""type"":""MultiPoint"",""coordinates"":[]}"
2652_0,0.1074901,"{""type"":""MultiPoint"",""coordinates"":[]}"
2654_0,0.84374654,"{""type"":""MultiPoint"",""coordinates"":[]}"
2657_0,0.23750053,"{""type"":""MultiPoint"",""coordinates"":[]}"
2660_0,0.07669952,"{""type"":""MultiPoint"",""coordinates"":[]}"
2662_0,0.1516062,"{""type"":""MultiPoint"",""coordinates"":[]}"
2664_0,0.062192984,"{""type"":""MultiPoint"",""coordinates"":[]}"
2665_0,0.8528581,"{""type"":""MultiPoint"",""coordinates"":[]}"
2668_0,0.18877323,"{""type"":""MultiPoint"",""coordinates"":[]}"
2670_0,0.024831124,"{""type"":""MultiPoint"",""coordinates"":[]}"
2672_0,0.12882078,"{""type"":""MultiPoint"",""coordinates"":[]}"
2674_0,0.5109282,"{""type"":""MultiPoint"",""coordinates"":[]}"
2678_0,0.021119766,"{""type"":""MultiPoint"",""coordinates"":[]}"
2679_0,0.983335,"{""type"":""MultiPoint"",""coordinates"":[]}"
2680_0,0.09460962,"{""type"":""MultiPoint"",""coordinates"":[]}"
2682_0,0.33560166,"{""type"":""MultiPoint"",""coordinates"":[]}"
2684_0,0.105786815,"{""type"":""MultiPoint"",""coordinates"":[]}"
2685_0,0.14356324,"{""type"":""MultiPoint"",""coordinates"":[]}"
2686_0,0.12110035,"{""type"":""MultiPoint"",""coordinates"":[]}"
2688_0,0.10285099,"{""type"":""MultiPoint"",""coordinates"":[]}"
2689_0,0.09343831,"{""type"":""MultiPoint"",""coordinates"":[]}"
2690_0,0.116636395,"{""type"":""MultiPoint"",""coordinates"":[]}"
2691_0,0.34347838,"{""type"":""MultiPoint"",""coordinates"":[]}"
2697_0,0.097858705,"{""type"":""MultiPoint"",""coordinates"":[]}"
2702_0,0.75987554,"{""type"":""MultiPoint"",""coordinates"":[]}"
2703_0,0.29140612,"{""type"":""MultiPoint"",""coordinates"":[]}"
2705_0,0.27398747,"{""type"":""MultiPoint"",""coordinates"":[]}"
2706_0,0.1075159,"{""type"":""MultiPoint"",""coordinates"":[]}"
2707_0,0.22226442,"{""type"":""MultiPoint"",""coordinates"":[]}"
2708_0,0.3392879,"{""type"":""MultiPoint"",""coordinates"":[]}"
2712_0,0.075928405,"{""type"":""MultiPoint"",""coordinates"":[]}"
2713_0,0.11894829,"{""type"":""MultiPoint"",""coordinates"":[]}"
2717_0,0.055369616,"{""type"":""MultiPoint"",""coordinates"":[]}"
2718_0,0.105786815,"{""type"":""MultiPoint"",""coordinates"":[]}"
2720_0,0.29889363,"{""type"":""MultiPoint"",""coordinates"":[]}"
2721_0,0.06513302,"{""type"":""MultiPoint"",""coordinates"":[]}"
2728_0,0.09046068,"{""type"":""MultiPoint"",""coordinates"":[]}"
2729_0,0.062192984,"{""type"":""MultiPoint"",""coordinates"":[]}"
2732_0,0.0686927,"{""type"":""MultiPoint"",""coordinates"":[]}"
2734_0,0.1584743,"{""type"":""MultiPoint"",""coordinates"":[]}"
2736_0,0.29140612,"{""type"":""MultiPoint"",""coordinates"":[]}"
2737_0,0.13963479,"{""type"":""MultiPoint"",""coordinates"":[]}"
2738_0,0.9358026,"{""type"":""MultiPoint"",""coordinates"":[]}"
2751_0,0.49899834,"{""type"":""MultiPoint"",""coordinates"":[]}"
2752_0,0.06918103,"{""type"":""MultiPoint"",""coordinates"":[]}"
2756_0,0.3392879,"{""type"":""MultiPoint"",""coordinates"":[]}"
2758_0,0.9617603,"{""type"":""MultiPoint"",""coordinates"":[]}"
2760_0,0.055721052,"{""type"":""MultiPoint"",""coordinates"":[]}"
2761_0,0.9984116,"{""type"":""MultiPoint"",""coordinates"":[]}"
2762_0,0.010549174,"{""type"":""MultiPoint"",""coordinates"":[]}"
2764_0,0.07513506,"{""type"":""MultiPoint"",""coordinates"":[]}"
2767_0,0.18998411,"{""type"":""MultiPoint"",""coordinates"":[]}"
2776_0,0.10285099,"{""type"":""MultiPoint"",""coordinates"":[]}"
2780_0,0.12343565,"{""type"":""MultiPoint"",""coordinates"":[]}"
2781_0,0.18456773,"{""type"":""MultiPoint"",""coordinates"":[]}"
2782_0,0.098018825,"{""type"":""MultiPoint"",""coordinates"":[]}"
2784_0,0.059212394,"{""type"":""MultiPoint"",""coordinates"":[]}"
2788_0,0.063124426,"{""type"":""MultiPoint"",""coordinates"":[]}"
2789_0,0.010163732,"{""type"":""MultiPoint"",""coordinates"":[]}"
2790_0,0.29258344,"{""type"":""MultiPoint"",""coordinates"":[]}"
2793_0,0.08845048,"{""type"":""MultiPoint"",""coordinates"":[]}"
2796_0,0.3544604,"{""type"":""MultiPoint"",""coordinates"":[]}"
2797_0,0.07669952,"{""type"":""MultiPoint"",""coordinates"":[]}"
2798_0,0.12563357,"{""type"":""MultiPoint"",""coordinates"":[]}"
2799_0,0.063124426,"{""type"":""MultiPoint"",""coordinates"":[]}"
2801_0,0.15370815,"{""type"":""MultiPoint"",""coordinates"":[]}"
2804_0,0.07729754,"{""type"":""MultiPoint"",""coordinates"":[]}"
2806_0,0.078384824,"{""type"":""MultiPoint"",""coordinates"":[]}"
2807_0,0.14159451,"{""type"":""MultiPoint"",""coordinates"":[]}"
2810_0,0.1689819,"{""type"":""MultiPoint"",""coordinates"":[]}"
2813_0,0.14092804,"{""type"":""MultiPoint"",""coordinates"":[]}"
2815_0,0.112022206,"{""type"":""MultiPoint"",""coordinates"":[]}"
2818_0,0.3675075,"{""type"":""MultiPoint"",""coordinates"":[]}"
2822_0,0.18998411,"{""type"":""MultiPoint"",""coordinates"":[]}"
2824_0,0.0879931,"{""type"":""MultiPoint"",""coordinates"":[]}"
2825_0,0.29848582,"{""type"":""MultiPoint"",""coordinates"":[]}"
2828_0,0.020662623,"{""type"":""MultiPoint"",""coordinates"":[]}"
2829_0,0.079422325,"{""type"":""MultiPoint"",""coordinates"":[]}"
2830_0,0.23077728,"{""type"":""MultiPoint"",""coordinates"":[]}"
2832_0,0.15505807,"{""type"":""MultiPoint"",""coordinates"":[]}"
2834_0,0.19359218,"{""type"":""MultiPoint"",""coordinates"":[]}"
2835_0,0.0398029,"{""type"":""MultiPoint"",""coordinates"":[]}"
2838_0,0.011652902,"{""type"":""MultiPoint"",""coordinates"":[]}"
2841_0,0.29031333,"{""type"":""MultiPoint"",""coordinates"":[]}"
2843_0,0.08250383,"{""type"":""MultiPoint"",""coordinates"":[]}"
2844_0,0.060306367,"{""type"":""MultiPoint"",""coordinates"":[]}"
2846_0,0.075928405,"{""type"":""MultiPoint"",""coordinates"":[]}"
2849_0,0.24053097,"{""type"":""MultiPoint"",""coordinates"":[]}"
2852_0,0.38375714,"{""type"":""MultiPoint"",""coordinates"":[]}"
2857_0,0.22559902,"{""type"":""MultiPoint"",""coordinates"":[]}"
2858_0,0.015520881,"{""type"":""MultiPoint"",""coordinates"":[]}"
2859_0,0.26222026,"{""type"":""MultiPoint"",""coordinates"":[]}"
2861_0,0.03296321,"{""type"":""MultiPoint"",""coordinates"":[]}"
2863_0,0.25737295,"{""type"":""MultiPoint"",""coordinates"":[]}"
2865_0,0.04254737,"{""type"":""MultiPoint"",""coordinates"":[]}"
2867_0,0.14917211,"{""type"":""MultiPoint"",""coordinates"":[]}"
2869_0,0.10630077,"{""type"":""MultiPoint"",""coordinates"":[]}"
2872_0,0.03263175,"{""type"":""MultiPoint"",""coordinates"":[]}"
2873_0,0.08250383,"{""type"":""MultiPoint"",""coordinates"":[]}"
2875_0,0.14957029,"{""type"":""MultiPoint"",""coordinates"":[]}"
2879_0,0.07669952,"{""type"":""MultiPoint"",""coordinates"":[]}"
2881_0,0.07718533,"{""type"":""MultiPoint"",""coordinates"":[]}"
2882_0,0.014133324,"{""type"":""MultiPoint"",""coordinates"":[]}"
2884_0,0.0024798817,"{""type"":""MultiPoint"",""coordinates"":[]}"
2885_0,0.367877,"{""type"":""MultiPoint"",""coordinates"":[]}"
2888_0,0.10652547,"{""type"":""MultiPoint"",""coordinates"":[]}"
2889_0,0.48759544,"{""type"":""MultiPoint"",""coordinates"":[]}"
2894_0,0.15095238,"{""type"":""MultiPoint"",""coordinates"":[]}"
2901_0,0.075928405,"{""type"":""MultiPoint"",""coordinates"":[]}"
2913_0,0.96969193,"{""type"":""MultiPoint"",""coordinates"":[]}"
2918_0,0.49899834,"{""type"":""MultiPoint"",""coordinates"":[]}"
2919_0,0.4976047,"{""type"":""MultiPoint"",""coordinates"":[]}"
2921_0,0.105786815,"{""type"":""MultiPoint"",""coordinates"":[]}"
2923_0,0.28131342,"{""type"":""MultiPoint"",""coordinates"":[]}"
2929_0,0.8218752,"{""type"":""MultiPoint"",""coordinates"":[]}"
2931_0,0.14827345,"{""type"":""MultiPoint"",""coordinates"":[]}"
2944_0,0.058871157,"{""type"":""MultiPoint"",""coordinates"":[]}"
2946_0,0.95709825,"{""type"":""MultiPoint"",""coordinates"":[]}"
2948_0,0.25650725,"{""type"":""MultiPoint"",""coordinates"":[]}"
2950_0,0.0867102,"{""type"":""MultiPoint"",""coordinates"":[]}"
2953_0,0.22123322,"{""type"":""MultiPoint"",""coordinates"":[]}"
2954_0,0.7184996,"{""type"":""MultiPoint"",""coordinates"":[]}"
2958_0,0.11743991,"{""type"":""MultiPoint"",""coordinates"":[]}"
2959_0,0.021263884,"{""type"":""MultiPoint"",""coordinates"":[]}"
2962_0,0.59969306,"{""type"":""MultiPoint"",""coordinates"":[]}"
2963_0,0.45365342,"{""type"":""MultiPoint"",""coordinates"":[]}"
2964_0,0.14873289,"{""type"":""MultiPoint"",""coordinates"":[]}"
2965_0,0.6971065,"{""type"":""MultiPoint"",""coordinates"":[]}"
2966_0,0.0043239105,"{""type"":""MultiPoint"",""coordinates"":[]}"
2973_0,0.11285686,"{""type"":""MultiPoint"",""coordinates"":[]}"
2976_0,0.015805513,"{""type"":""MultiPoint"",""coordinates"":[]}"
2978_0,0.03010386,"{""type"":""MultiPoint"",""coordinates"":[]}"
2980_0,0.087028846,"{""type"":""MultiPoint"",""coordinates"":[]}"
2983_0,0.08321394,"{""type"":""MultiPoint"",""coordinates"":[]}"
2984_0,0.35081464,"{""type"":""MultiPoint"",""coordinates"":[]}"
2991_0,0.097796425,"{""type"":""MultiPoint"",""coordinates"":[]}"
2992_0,0.384725,"{""type"":""MultiPoint"",""coordinates"":[]}"
2994_0,0.08602925,"{""type"":""MultiPoint"",""coordinates"":[]}"
2997_0,0.80302227,"{""type"":""MultiPoint"",""coordinates"":[]}"
3000_0,0.62859094,"{""type"":""MultiPoint"",""coordinates"":[]}"
3003_0,0.3703644,"{""type"":""MultiPoint"",""coordinates"":[]}"
3005_0,0.060817193,"{""type"":""MultiPoint"",""coordinates"":[]}"
3008_0,0.61854666,"{""type"":""MultiPoint"",""coordinates"":[]}"
3012_0,0.66489065,"{""type"":""MultiPoint"",""coordinates"":[]}"
3014_0,0.34000006,"{""type"":""MultiPoint"",""coordinates"":[]}"
3015_0,0.14292909,"{""type"":""MultiPoint"",""coordinates"":[]}"
3017_0,0.3413083,"{""type"":""MultiPoint"",""coordinates"":[]}"
3018_0,0.46707267,"{""type"":""MultiPoint"",""coordinates"":[]}"
3019_0,0.36119714,"{""type"":""MultiPoint"",""coordinates"":[]}"
3020_0,0.0046122028,"{""type"":""MultiPoint"",""coordinates"":[]}"
3022_0,0.14462978,"{""type"":""MultiPoint"",""coordinates"":[]}"
3024_0,0.07660376,"{""type"":""MultiPoint"",""coordinates"":[]}"
3025_0,0.014283177,"{""type"":""MultiPoint"",""coordinates"":[]}"
3028_0,0.10948835,"{""type"":""MultiPoint"",""coordinates"":[]}"
3029_0,0.11885514,"{""type"":""MultiPoint"",""coordinates"":[]}"
3031_0,0.29505783,"{""type"":""MultiPoint"",""coordinates"":[]}"
3034_0,0.15426794,"{""type"":""MultiPoint"",""coordinates"":[]}"
3039_0,0.29410505,"{""type"":""MultiPoint"",""coordinates"":[]}"
3041_0,0.10885331,"{""type"":""MultiPoint"",""coordinates"":[]}"
3042_0,0.09194416,"{""type"":""MultiPoint"",""coordinates"":[]}"
3044_0,0.0024157963,"{""type"":""MultiPoint"",""coordinates"":[]}"
3047_0,0.105786815,"{""type"":""MultiPoint"",""coordinates"":[]}"
3048_0,0.24178652,"{""type"":""MultiPoint"",""coordinates"":[]}"
3052_0,0.074546695,"{""type"":""MultiPoint"",""coordinates"":[]}"
3053_0,0.50064844,"{""type"":""MultiPoint"",""coordinates"":[]}"
3054_0,0.3392879,"{""type"":""MultiPoint"",""coordinates"":[]}"
3055_0,0.060420234,"{""type"":""MultiPoint"",""coordinates"":[]}"
3056_0,0.5009644,"{""type"":""MultiPoint"",""coordinates"":[]}"
3057_0,0.021491943,"{""type"":""MultiPoint"",""coordinates"":[]}"
3058_0,0.45365342,"{""type"":""MultiPoint"",""coordinates"":[]}"
3064_0,0.097858705,"{""type"":""MultiPoint"",""coordinates"":[]}"
3065_0,0.18456773,"{""type"":""MultiPoint"",""coordinates"":[]}"
3068_0,0.103687,"{""type"":""MultiPoint"",""coordinates"":[]}"
3071_0,0.384799,"{""type"":""MultiPoint"",""coordinates"":[]}"
3076_0,0.4479865,"{""type"":""MultiPoint"",""coordinates"":[]}"
3077_0,0.045813628,"{""type"":""MultiPoint"",""coordinates"":[]}"
3078_0,0.39666474,"{""type"":""MultiPoint"",""coordinates"":[]}"
3079_0,0.075928405,"{""type"":""MultiPoint"",""coordinates"":[]}"
3080_0,0.43868947,"{""type"":""MultiPoint"",""coordinates"":[]}"
3085_0,0.38543224,"{""type"":""MultiPoint"",""coordinates"":[]}"
3088_0,0.22533713,"{""type"":""MultiPoint"",""coordinates"":[]}"
3089_0,0.3463495,"{""type"":""MultiPoint"",""coordinates"":[]}"
3091_0,0.021088053,"{""type"":""MultiPoint"",""coordinates"":[]}"
3092_0,0.12847452,"{""type"":""MultiPoint"",""coordinates"":[]}"
3101_0,0.099958666,"{""type"":""MultiPoint"",""coordinates"":[]}"
3102_0,0.12563357,"{""type"":""MultiPoint"",""coordinates"":[]}"
3103_0,0.15355068,"{""type"":""MultiPoint"",""coordinates"":[]}"
3104_0,0.2102854,"{""type"":""MultiPoint"",""coordinates"":[]}"
3108_0,0.06765379,"{""type"":""MultiPoint"",""coordinates"":[]}"
3109_0,0.26186296,"{""type"":""MultiPoint"",""coordinates"":[]}"
3111_0,0.23077728,"{""type"":""MultiPoint"",""coordinates"":[]}"
3112_0,0.40892243,"{""type"":""MultiPoint"",""coordinates"":[]}"
3113_0,0.038504034,"{""type"":""MultiPoint"",""coordinates"":[]}"
3114_0,0.06006523,"{""type"":""MultiPoint"",""coordinates"":[]}"
3118_0,0.9907778,"{""type"":""MultiPoint"",""coordinates"":[]}"
3119_0,0.062192984,"{""type"":""MultiPoint"",""coordinates"":[]}"
3123_0,0.5710289,"{""type"":""MultiPoint"",""coordinates"":[]}"
3124_0,0.03296321,"{""type"":""MultiPoint"",""coordinates"":[]}"
3129_0,0.06212306,"{""type"":""MultiPoint"",""coordinates"":[]}"
3130_0,0.084594846,"{""type"":""MultiPoint"",""coordinates"":[]}"
3134_0,0.3362933,"{""type"":""MultiPoint"",""coordinates"":[]}"
3137_0,0.48091325,"{""type"":""MultiPoint"",""coordinates"":[]}"
3145_0,0.95170504,"{""type"":""MultiPoint"",""coordinates"":[]}"
3147_0,0.094657354,"{""type"":""MultiPoint"",""coordinates"":[]}"
3150_0,0.18998411,"{""type"":""MultiPoint"",""coordinates"":[]}"
3153_0,0.3361892,"{""type"":""MultiPoint"",""coordinates"":[]}"
3156_0,0.023014698,"{""type"":""MultiPoint"",""coordinates"":[]}"
3160_0,0.37606007,"{""type"":""MultiPoint"",""coordinates"":[]}"
3162_0,0.19154887,"{""type"":""MultiPoint"",""coordinates"":[]}"
3163_0,0.09838459,"{""type"":""MultiPoint"",""coordinates"":[]}"
3168_0,0.105786815,"{""type"":""MultiPoint"",""coordinates"":[]}"
3171_0,0.6246548,"{""type"":""MultiPoint"",""coordinates"":[]}"
3174_0,0.7389974,"{""type"":""MultiPoint"",""coordinates"":[]}"
3178_0,0.099124804,"{""type"":""MultiPoint"",""coordinates"":[]}"
3180_0,0.14453343,"{""type"":""MultiPoint"",""coordinates"":[]}"
3182_0,0.26922488,"{""type"":""MultiPoint"",""coordinates"":[]}"
3183_0,0.10285099,"{""type"":""MultiPoint"",""coordinates"":[]}"
3184_0,0.18601051,"{""type"":""MultiPoint"",""coordinates"":[]}"
3187_0,0.2382989,"{""type"":""MultiPoint"",""coordinates"":[]}"
3190_0,0.066371836,"{""type"":""MultiPoint"",""coordinates"":[]}"
3191_0,0.061727308,"{""type"":""MultiPoint"",""coordinates"":[]}"
3195_0,0.25047827,"{""type"":""MultiPoint"",""coordinates"":[]}"
3196_0,0.34394097,"{""type"":""MultiPoint"",""coordinates"":[]}"
3199_0,0.08224562,"{""type"":""MultiPoint"",""coordinates"":[]}"
3203_0,0.29012367,"{""type"":""MultiPoint"",""coordinates"":[]}"
3205_0,0.063124426,"{""type"":""MultiPoint"",""coordinates"":[]}"
3206_0,0.13921894,"{""type"":""MultiPoint"",""coordinates"":[]}"
3207_0,0.23077728,"{""type"":""MultiPoint"",""coordinates"":[]}"
3209_0,0.12921064,"{""type"":""MultiPoint"",""coordinates"":[]}"
3212_0,0.11451499,"{""type"":""MultiPoint"",""coordinates"":[]}"
3213_0,0.3287856,"{""type"":""MultiPoint"",""coordinates"":[]}"
3219_0,0.03296321,"{""type"":""MultiPoint"",""coordinates"":[]}"
3221_0,0.5732746,"{""type"":""MultiPoint"",""coordinates"":[]}"
3222_0,0.0767264,"{""type"":""MultiPoint"",""coordinates"":[]}"
3223_0,0.014283177,"{""type"":""MultiPoint"",""coordinates"":[]}"
3225_0,0.35149115,"{""type"":""MultiPoint"",""coordinates"":[]}"
3227_0,0.44846436,"{""type"":""MultiPoint"",""coordinates"":[]}"
3229_0,0.25369346,"{""type"":""MultiPoint"",""coordinates"":[]}"
3230_0,0.07307701,"{""type"":""MultiPoint"",""coordinates"":[]}"
3231_0,0.3268814,"{""type"":""MultiPoint"",""coordinates"":[]}"
3232_0,0.9921843,"{""type"":""MultiPoint"",""coordinates"":[]}"
3238_0,0.11457911,"{""type"":""MultiPoint"",""coordinates"":[]}"
3239_0,0.7313624,"{""type"":""MultiPoint"",""coordinates"":[]}"
3243_0,0.08368953,"{""type"":""MultiPoint"",""coordinates"":[]}"
3244_0,0.15355068,"{""type"":""MultiPoint"",""coordinates"":[]}"
3251_0,0.29086554,"{""type"":""MultiPoint"",""coordinates"":[]}"
3254_0,0.29140612,"{""type"":""MultiPoint"",""coordinates"":[]}"
3258_0,0.08602925,"{""type"":""MultiPoint"",""coordinates"":[]}"
3259_0,0.010488412,"{""type"":""MultiPoint"",""coordinates"":[]}"
3262_0,0.38057765,"{""type"":""MultiPoint"",""coordinates"":[]}"
3263_0,0.3544604,"{""type"":""MultiPoint"",""coordinates"":[]}"
3265_0,0.3959802,"{""type"":""MultiPoint"",""coordinates"":[]}"
3266_0,0.1816489,"{""type"":""MultiPoint"",""coordinates"":[]}"
3267_0,0.02381739,"{""type"":""MultiPoint"",""coordinates"":[]}"
3268_0,0.36122984,"{""type"":""MultiPoint"",""coordinates"":[]}"
3270_0,0.092710234,"{""type"":""MultiPoint"",""coordinates"":[]}"
3278_0,0.07642482,"{""type"":""MultiPoint"",""coordinates"":[]}"
3279_0,0.18877323,"{""type"":""MultiPoint"",""coordinates"":[]}"
3284_0,0.17230389,"{""type"":""MultiPoint"",""coordinates"":[]}"
3285_0,0.18877323,"{""type"":""MultiPoint"",""coordinates"":[]}"
3286_0,0.8040709,"{""type"":""MultiPoint"",""coordinates"":[]}"
3287_0,0.38389233,"{""type"":""MultiPoint"",""coordinates"":[]}"
3288_0,0.18877323,"{""type"":""MultiPoint"",""coordinates"":[]}"
3290_0,0.097796425,"{""type"":""MultiPoint"",""coordinates"":[]}"
3293_0,0.6160339,"{""type"":""MultiPoint"",""coordinates"":[]}"
3295_0,0.55754113,"{""type"":""MultiPoint"",""coordinates"":[]}"
3296_0,0.03356531,"{""type"":""MultiPoint"",""coordinates"":[]}"
3304_0,0.18456773,"{""type"":""MultiPoint"",""coordinates"":[]}"
3305_0,0.10829289,"{""type"":""MultiPoint"",""coordinates"":[]}"
3306_0,0.10285099,"{""type"":""MultiPoint"",""coordinates"":[]}"
3308_0,0.03387099,"{""type"":""MultiPoint"",""coordinates"":[]}"
3309_0,0.08208485,"{""type"":""MultiPoint"",""coordinates"":[]}"
3311_0,0.3548757,"{""type"":""MultiPoint"",""coordinates"":[]}"
3312_0,0.15332198,"{""type"":""MultiPoint"",""coordinates"":[]}"
3313_0,0.019965336,"{""type"":""MultiPoint"",""coordinates"":[]}"
3315_0,0.09320607,"{""type"":""MultiPoint"",""coordinates"":[]}"
3316_0,0.0024879237,"{""type"":""MultiPoint"",""coordinates"":[]}"
3317_0,0.16510339,"{""type"":""MultiPoint"",""coordinates"":[]}"
3319_0,0.44729006,"{""type"":""MultiPoint"",""coordinates"":[]}"
3322_0,0.1715961,"{""type"":""MultiPoint"",""coordinates"":[]}"
3323_0,0.2378419,"{""type"":""MultiPoint"",""coordinates"":[]}"
3325_0,0.28452653,"{""type"":""MultiPoint"",""coordinates"":[]}"
3328_0,0.35924155,"{""type"":""MultiPoint"",""coordinates"":[]}"
3329_0,0.02278664,"{""type"":""MultiPoint"",""coordinates"":[]}"
3331_0,0.14462978,"{""type"":""MultiPoint"",""coordinates"":[]}"
3334_0,0.0139602395,"{""type"":""MultiPoint"",""coordinates"":[]}"
3337_0,0.12666674,"{""type"":""MultiPoint"",""coordinates"":[]}"
3338_0,0.037136648,"{""type"":""MultiPoint"",""coordinates"":[]}"
3340_0,0.09343831,"{""type"":""MultiPoint"",""coordinates"":[]}"
3343_0,0.060817193,"{""type"":""MultiPoint"",""coordinates"":[]}"
3344_0,0.5110848,"{""type"":""MultiPoint"",""coordinates"":[]}"
3348_0,0.073374644,"{""type"":""MultiPoint"",""coordinates"":[]}"
3352_0,0.9927683,"{""type"":""MultiPoint"",""coordinates"":[]}"
3355_0,0.060306367,"{""type"":""MultiPoint"",""coordinates"":[]}"
3357_0,0.18456773,"{""type"":""MultiPoint"",""coordinates"":[]}"
3362_0,0.99834627,"{""type"":""MultiPoint"",""coordinates"":[]}"
3364_0,0.13919297,"{""type"":""MultiPoint"",""coordinates"":[]}"
3365_0,0.07669952,"{""type"":""MultiPoint"",""coordinates"":[]}"
3367_0,0.06790019,"{""type"":""MultiPoint"",""coordinates"":[]}"
3368_0,0.13919297,"{""type"":""MultiPoint"",""coordinates"":[]}"
3372_0,0.08602925,"{""type"":""MultiPoint"",""coordinates"":[]}"
3376_0,0.11229959,"{""type"":""MultiPoint"",""coordinates"":[]}"
3377_0,0.08368953,"{""type"":""MultiPoint"",""coordinates"":[]}"
3393_0,0.08271224,"{""type"":""MultiPoint"",""coordinates"":[]}"
3398_0,0.14356324,"{""type"":""MultiPoint"",""coordinates"":[]}"
3400_0,0.09046068,"{""type"":""MultiPoint"",""coordinates"":[]}"
3402_0,0.03803232,"{""type"":""MultiPoint"",""coordinates"":[]}"
3404_0,0.38543224,"{""type"":""MultiPoint"",""coordinates"":[]}"
3412_0,0.5519618,"{""type"":""MultiPoint"",""coordinates"":[]}"
3414_0,0.017002057,"{""type"":""MultiPoint"",""coordinates"":[]}"
3415_0,0.3287856,"{""type"":""MultiPoint"",""coordinates"":[]}"
3416_0,0.1276894,"{""type"":""MultiPoint"",""coordinates"":[]}"
3419_0,0.0039507416,"{""type"":""MultiPoint"",""coordinates"":[]}"
3422_0,3.090992E-4,"{""type"":""MultiPoint"",""coordinates"":[]}"
3424_0,0.07344521,"{""type"":""MultiPoint"",""coordinates"":[]}"
3430_0,0.097796425,"{""type"":""MultiPoint"",""coordinates"":[]}"
3438_0,0.011621363,"{""type"":""MultiPoint"",""coordinates"":[]}"
3442_0,0.15916133,"{""type"":""MultiPoint"",""coordinates"":[]}"
3446_0,0.43868947,"{""type"":""MultiPoint"",""coordinates"":[]}"
3448_0,0.19359218,"{""type"":""MultiPoint"",""coordinates"":[]}"
3452_0,0.067178525,"{""type"":""MultiPoint"",""coordinates"":[]}"
3453_0,0.19897202,"{""type"":""MultiPoint"",""coordinates"":[]}"
3455_0,0.11374652,"{""type"":""MultiPoint"",""coordinates"":[]}"
3460_0,0.12563357,"{""type"":""MultiPoint"",""coordinates"":[]}"
3464_0,0.084780365,"{""type"":""MultiPoint"",""coordinates"":[]}"
3466_0,0.7351673,"{""type"":""MultiPoint"",""coordinates"":[]}"
3467_0,0.1093405,"{""type"":""MultiPoint"",""coordinates"":[]}"
3468_0,0.29140612,"{""type"":""MultiPoint"",""coordinates"":[]}"
3470_0,0.0015434107,"{""type"":""MultiPoint"",""coordinates"":[]}"
3471_0,0.069844715,"{""type"":""MultiPoint"",""coordinates"":[]}"
3472_0,0.10829289,"{""type"":""MultiPoint"",""coordinates"":[]}"
3473_0,0.5247466,"{""type"":""MultiPoint"",""coordinates"":[]}"
3476_0,0.7351673,"{""type"":""MultiPoint"",""coordinates"":[]}"
3481_0,0.18456773,"{""type"":""MultiPoint"",""coordinates"":[]}"
3487_0,0.1164443,"{""type"":""MultiPoint"",""coordinates"":[]}"
3489_0,0.49899834,"{""type"":""MultiPoint"",""coordinates"":[]}"
3490_0,0.026121335,"{""type"":""MultiPoint"",""coordinates"":[]}"
3494_0,0.33560166,"{""type"":""MultiPoint"",""coordinates"":[]}"
3496_0,0.25626782,"{""type"":""MultiPoint"",""coordinates"":[]}"
3497_0,0.097796425,"{""type"":""MultiPoint"",""coordinates"":[]}"
3500_0,0.05596676,"{""type"":""MultiPoint"",""coordinates"":[]}"
3501_0,0.07082936,"{""type"":""MultiPoint"",""coordinates"":[]}"
3505_0,0.019118372,"{""type"":""MultiPoint"",""coordinates"":[]}"
3508_0,0.84474915,"{""type"":""MultiPoint"",""coordinates"":[]}"
3509_0,0.015520881,"{""type"":""MultiPoint"",""coordinates"":[]}"
3511_0,0.34656256,"{""type"":""MultiPoint"",""coordinates"":[]}"
3516_0,0.14462978,"{""type"":""MultiPoint"",""coordinates"":[]}"
3522_0,0.18877323,"{""type"":""MultiPoint"",""coordinates"":[]}"
3525_0,0.43868947,"{""type"":""MultiPoint"",""coordinates"":[]}"
3530_0,0.060420234,"{""type"":""MultiPoint"",""coordinates"":[]}"
3533_0,0.38543224,"{""type"":""MultiPoint"",""coordinates"":[]}"
3534_0,0.04254737,"{""type"":""MultiPoint"",""coordinates"":[]}"
3535_0,0.043443125,"{""type"":""MultiPoint"",""coordinates"":[]}"
3536_0,0.021088053,"{""type"":""MultiPoint"",""coordinates"":[]}"
3541_0,0.099209204,"{""type"":""MultiPoint"",""coordinates"":[]}"
3543_0,0.35924155,"{""type"":""MultiPoint"",""coordinates"":[]}"
3548_0,0.08602925,"{""type"":""MultiPoint"",""coordinates"":[]}"
3551_0,0.059212394,"{""type"":""MultiPoint"",""coordinates"":[]}"
3553_0,0.088706054,"{""type"":""MultiPoint"",""coordinates"":[]}"
3557_0,0.38543224,"{""type"":""MultiPoint"",""coordinates"":[]}"
3559_0,0.4900596,"{""type"":""MultiPoint"",""coordinates"":[]}"
3560_0,0.19700466,"{""type"":""MultiPoint"",""coordinates"":[]}"
3562_0,0.10285099,"{""type"":""MultiPoint"",""coordinates"":[]}"
3563_0,0.14479223,"{""type"":""MultiPoint"",""coordinates"":[]}"
3567_0,0.28910428,"{""type"":""MultiPoint"",""coordinates"":[]}"
3568_0,0.38124594,"{""type"":""MultiPoint"",""coordinates"":[]}"
3570_0,0.010215646,"{""type"":""MultiPoint"",""coordinates"":[]}"
3571_0,0.094737224,"{""type"":""MultiPoint"",""coordinates"":[]}"
3573_0,0.111659445,"{""type"":""MultiPoint"",""coordinates"":[]}"
3579_0,0.105786815,"{""type"":""MultiPoint"",""coordinates"":[]}"
3583_0,0.17375225,"{""type"":""MultiPoint"",""coordinates"":[]}"
3584_0,0.010467444,"{""type"":""MultiPoint"",""coordinates"":[]}"
3586_0,0.06263004,"{""type"":""MultiPoint"",""coordinates"":[]}"
3587_0,0.0959975,"{""type"":""MultiPoint"",""coordinates"":[]}"
3588_0,0.0025054368,"{""type"":""MultiPoint"",""coordinates"":[]}"
3589_0,0.9981976,"{""type"":""MultiPoint"",""coordinates"":[]}"
3590_0,0.23077728,"{""type"":""MultiPoint"",""coordinates"":[]}"
3591_0,0.018985223,"{""type"":""MultiPoint"",""coordinates"":[]}"
3592_0,0.1093405,"{""type"":""MultiPoint"",""coordinates"":[]}"
3593_0,0.14301676,"{""type"":""MultiPoint"",""coordinates"":[]}"
3594_0,0.030965991,"{""type"":""MultiPoint"",""coordinates"":[]}"
3595_0,0.10285099,"{""type"":""MultiPoint"",""coordinates"":[]}"
3602_0,0.013680672,"{""type"":""MultiPoint"",""coordinates"":[]}"
3604_0,0.0043239105,"{""type"":""MultiPoint"",""coordinates"":[]}"
3609_0,0.074206635,"{""type"":""MultiPoint"",""coordinates"":[]}"
3610_0,0.112022206,"{""type"":""MultiPoint"",""coordinates"":[]}"
3612_0,0.9825767,"{""type"":""MultiPoint"",""coordinates"":[]}"
3616_0,0.44989604,"{""type"":""MultiPoint"",""coordinates"":[]}"
3617_0,0.089793585,"{""type"":""MultiPoint"",""coordinates"":[]}"
3618_0,0.2382989,"{""type"":""MultiPoint"",""coordinates"":[]}"
3622_0,0.15370815,"{""type"":""MultiPoint"",""coordinates"":[]}"
3624_0,0.07234602,"{""type"":""MultiPoint"",""coordinates"":[]}"
3627_0,0.0295578,"{""type"":""MultiPoint"",""coordinates"":[]}"
3634_0,0.0959975,"{""type"":""MultiPoint"",""coordinates"":[]}"
3638_0,0.12563357,"{""type"":""MultiPoint"",""coordinates"":[]}"
3639_0,0.105786815,"{""type"":""MultiPoint"",""coordinates"":[]}"
3642_0,0.13841465,"{""type"":""MultiPoint"",""coordinates"":[]}"
3643_0,0.100321904,"{""type"":""MultiPoint"",""coordinates"":[]}"
3645_0,0.22771835,"{""type"":""MultiPoint"",""coordinates"":[]}"
3648_0,0.37606007,"{""type"":""MultiPoint"",""coordinates"":[]}"
3649_0,0.060420234,"{""type"":""MultiPoint"",""coordinates"":[]}"
3651_0,0.021119766,"{""type"":""MultiPoint"",""coordinates"":[]}"
3652_0,0.106360555,"{""type"":""MultiPoint"",""coordinates"":[]}"
3653_0,0.12732868,"{""type"":""MultiPoint"",""coordinates"":[]}"
3656_0,0.11975249,"{""type"":""MultiPoint"",""coordinates"":[]}"
3660_0,0.065133035,"{""type"":""MultiPoint"",""coordinates"":[]}"
3662_0,0.12776384,"{""type"":""MultiPoint"",""coordinates"":[]}"
3664_0,0.16486116,"{""type"":""MultiPoint"",""coordinates"":[]}"
3666_0,0.3544604,"{""type"":""MultiPoint"",""coordinates"":[]}"
3669_0,0.007946787,"{""type"":""MultiPoint"",""coordinates"":[]}"
3670_0,0.06467753,"{""type"":""MultiPoint"",""coordinates"":[]}"
3675_0,0.038560048,"{""type"":""MultiPoint"",""coordinates"":[]}"
3677_0,0.03310568,"{""type"":""MultiPoint"",""coordinates"":[]}"
3678_0,0.062192984,"{""type"":""MultiPoint"",""coordinates"":[]}"
3681_0,0.05005521,"{""type"":""MultiPoint"",""coordinates"":[]}"
3685_0,0.2199159,"{""type"":""MultiPoint"",""coordinates"":[]}"
3688_0,0.4976047,"{""type"":""MultiPoint"",""coordinates"":[]}"
3690_0,0.14729375,"{""type"":""MultiPoint"",""coordinates"":[]}"
3692_0,0.12818553,"{""type"":""MultiPoint"",""coordinates"":[]}"
3693_0,0.03971774,"{""type"":""MultiPoint"",""coordinates"":[]}"
3695_0,0.7389974,"{""type"":""MultiPoint"",""coordinates"":[]}"
3701_0,0.18579738,"{""type"":""MultiPoint"",""coordinates"":[]}"
3703_0,0.0853373,"{""type"":""MultiPoint"",""coordinates"":[]}"
3704_0,0.022064786,"{""type"":""MultiPoint"",""coordinates"":[]}"
3705_0,0.069598675,"{""type"":""MultiPoint"",""coordinates"":[]}"
3707_0,0.37606007,"{""type"":""MultiPoint"",""coordinates"":[]}"
3708_0,0.011621363,"{""type"":""MultiPoint"",""coordinates"":[]}"
3710_0,0.041583136,"{""type"":""MultiPoint"",""coordinates"":[]}"
3715_0,0.11715272,"{""type"":""MultiPoint"",""coordinates"":[]}"
3719_0,0.14299005,"{""type"":""MultiPoint"",""coordinates"":[]}"
3720_0,0.087551534,"{""type"":""MultiPoint"",""coordinates"":[]}"
3721_0,0.19359218,"{""type"":""MultiPoint"",""coordinates"":[]}"
3723_0,0.12249981,"{""type"":""MultiPoint"",""coordinates"":[]}"
3725_0,0.25650725,"{""type"":""MultiPoint"",""coordinates"":[]}"
3727_0,0.05383953,"{""type"":""MultiPoint"",""coordinates"":[]}"
3729_0,0.3073792,"{""type"":""MultiPoint"",""coordinates"":[]}"
3731_0,0.38543224,"{""type"":""MultiPoint"",""coordinates"":[]}"
3737_0,0.11846946,"{""type"":""MultiPoint"",""coordinates"":[]}"
3739_0,0.17604549,"{""type"":""MultiPoint"",""coordinates"":[]}"
3741_0,0.24355017,"{""type"":""MultiPoint"",""coordinates"":[]}"
3745_0,0.82950103,"{""type"":""MultiPoint"",""coordinates"":[]}"
3746_0,0.21898761,"{""type"":""MultiPoint"",""coordinates"":[]}"
3747_0,0.017389607,"{""type"":""MultiPoint"",""coordinates"":[]}"
3748_0,0.09343831,"{""type"":""MultiPoint"",""coordinates"":[]}"
3750_0,0.09511139,"{""type"":""MultiPoint"",""coordinates"":[]}"
3755_0,0.18835312,"{""type"":""MultiPoint"",""coordinates"":[]}"
3758_0,0.9982206,"{""type"":""MultiPoint"",""coordinates"":[]}"
3759_0,0.20938267,"{""type"":""MultiPoint"",""coordinates"":[]}"
3761_0,0.7464761,"{""type"":""MultiPoint"",""coordinates"":[]}"
3762_0,0.0039507416,"{""type"":""MultiPoint"",""coordinates"":[]}"
3765_0,0.09554416,"{""type"":""MultiPoint"",""coordinates"":[]}"
3772_0,0.32275394,"{""type"":""MultiPoint"",""coordinates"":[]}"
3778_0,0.051366586,"{""type"":""MultiPoint"",""coordinates"":[]}"
3780_0,0.09745304,"{""type"":""MultiPoint"",""coordinates"":[]}"
3782_0,0.1855154,"{""type"":""MultiPoint"",""coordinates"":[]}"
3789_0,0.062192984,"{""type"":""MultiPoint"",""coordinates"":[]}"
3790_0,0.06006523,"{""type"":""MultiPoint"",""coordinates"":[]}"
3793_0,0.14322278,"{""type"":""MultiPoint"",""coordinates"":[]}"
3796_0,0.049695406,"{""type"":""MultiPoint"",""coordinates"":[]}"
3800_0,0.9710411,"{""type"":""MultiPoint"",""coordinates"":[]}"
3802_0,0.46592024,"{""type"":""MultiPoint"",""coordinates"":[]}"
3804_0,0.10402016,"{""type"":""MultiPoint"",""coordinates"":[]}"
3805_0,0.12123924,"{""type"":""MultiPoint"",""coordinates"":[]}"
3806_0,0.0867102,"{""type"":""MultiPoint"",""coordinates"":[]}"
3809_0,0.0075883036,"{""type"":""MultiPoint"",""coordinates"":[]}"
3811_0,0.023014698,"{""type"":""MultiPoint"",""coordinates"":[]}"
3814_0,0.075928405,"{""type"":""MultiPoint"",""coordinates"":[]}"
3819_0,0.24355017,"{""type"":""MultiPoint"",""coordinates"":[]}"
3826_0,0.384725,"{""type"":""MultiPoint"",""coordinates"":[]}"
3827_0,0.18456773,"{""type"":""MultiPoint"",""coordinates"":[]}"
3831_0,0.24566188,"{""type"":""MultiPoint"",""coordinates"":[]}"
3833_0,0.11579308,"{""type"":""MultiPoint"",""coordinates"":[]}"
3834_0,0.08200271,"{""type"":""MultiPoint"",""coordinates"":[]}"
3836_0,0.7184705,"{""type"":""MultiPoint"",""coordinates"":[]}"
3839_0,0.034983844,"{""type"":""MultiPoint"",""coordinates"":[]}"
3842_0,0.07479553,"{""type"":""MultiPoint"",""coordinates"":[]}"
3843_0,0.13919297,"{""type"":""MultiPoint"",""coordinates"":[]}"
3844_0,0.08998143,"{""type"":""MultiPoint"",""coordinates"":[]}"
3845_0,0.5364599,"{""type"":""MultiPoint"",""coordinates"":[]}"
3846_0,0.04254737,"{""type"":""MultiPoint"",""coordinates"":[]}"
3850_0,0.29140612,"{""type"":""MultiPoint"",""coordinates"":[]}"
3851_0,0.29140612,"{""type"":""MultiPoint"",""coordinates"":[]}"
3854_0,0.4802776,"{""type"":""MultiPoint"",""coordinates"":[]}"
3857_0,0.09343831,"{""type"":""MultiPoint"",""coordinates"":[]}"
3861_0,0.0959975,"{""type"":""MultiPoint"",""coordinates"":[]}"
3862_0,0.043471206,"{""type"":""MultiPoint"",""coordinates"":[]}"
3863_0,0.3362124,"{""type"":""MultiPoint"",""coordinates"":[]}"
3865_0,0.04254737,"{""type"":""MultiPoint"",""coordinates"":[]}"
3866_0,0.040167358,"{""type"":""MultiPoint"",""coordinates"":[]}"
3869_0,0.049563915,"{""type"":""MultiPoint"",""coordinates"":[]}"
3870_0,0.070046775,"{""type"":""MultiPoint"",""coordinates"":[]}"
3872_0,0.11374652,"{""type"":""MultiPoint"",""coordinates"":[]}"
3877_0,0.018144088,"{""type"":""MultiPoint"",""coordinates"":[]}"
3878_0,0.030816779,"{""type"":""MultiPoint"",""coordinates"":[]}"
3880_0,0.17796138,"{""type"":""MultiPoint"",""coordinates"":[]}"
3882_0,0.16777518,"{""type"":""MultiPoint"",""coordinates"":[]}"
3883_0,0.09404807,"{""type"":""MultiPoint"",""coordinates"":[]}"
3884_0,0.46358407,"{""type"":""MultiPoint"",""coordinates"":[]}"
3886_0,0.3851201,"{""type"":""MultiPoint"",""coordinates"":[]}"
3887_0,0.1901721,"{""type"":""MultiPoint"",""coordinates"":[]}"
3894_0,0.097796425,"{""type"":""MultiPoint"",""coordinates"":[]}"
3896_0,0.08960526,"{""type"":""MultiPoint"",""coordinates"":[]}"
3897_0,0.029434565,"{""type"":""MultiPoint"",""coordinates"":[]}"
3903_0,0.058098078,"{""type"":""MultiPoint"",""coordinates"":[]}"
3905_0,0.11084138,"{""type"":""MultiPoint"",""coordinates"":[]}"
3906_0,0.3470214,"{""type"":""MultiPoint"",""coordinates"":[]}"
3908_0,0.03296321,"{""type"":""MultiPoint"",""coordinates"":[]}"
3909_0,0.30682242,"{""type"":""MultiPoint"",""coordinates"":[]}"
3913_0,0.22771835,"{""type"":""MultiPoint"",""coordinates"":[]}"
3916_0,0.03296321,"{""type"":""MultiPoint"",""coordinates"":[]}"
3917_0,0.10285099,"{""type"":""MultiPoint"",""coordinates"":[]}"
3919_0,0.07642482,"{""type"":""MultiPoint"",""coordinates"":[]}"
3920_0,0.14292909,"{""type"":""MultiPoint"",""coordinates"":[]}"
3921_0,0.01953822,"{""type"":""MultiPoint"",""coordinates"":[]}"
3926_0,0.2265144,"{""type"":""MultiPoint"",""coordinates"":[]}"
3928_0,0.08381586,"{""type"":""MultiPoint"",""coordinates"":[]}"
3929_0,0.10285099,"{""type"":""MultiPoint"",""coordinates"":[]}"
3932_0,0.21641512,"{""type"":""MultiPoint"",""coordinates"":[]}"
3933_0,0.05285938,"{""type"":""MultiPoint"",""coordinates"":[]}"
3934_0,0.17796138,"{""type"":""MultiPoint"",""coordinates"":[]}"
3941_0,0.12820785,"{""type"":""MultiPoint"",""coordinates"":[]}"
3942_0,0.028266378,"{""type"":""MultiPoint"",""coordinates"":[]}"
3943_0,0.7208867,"{""type"":""MultiPoint"",""coordinates"":[]}"
3945_0,0.17796138,"{""type"":""MultiPoint"",""coordinates"":[]}"
3949_0,0.17502892,"{""type"":""MultiPoint"",""coordinates"":[]}"
3952_0,0.08602925,"{""type"":""MultiPoint"",""coordinates"":[]}"
3953_0,0.014485282,"{""type"":""MultiPoint"",""coordinates"":[]}"
3954_0,0.023044093,"{""type"":""MultiPoint"",""coordinates"":[]}"
3957_0,0.2438891,"{""type"":""MultiPoint"",""coordinates"":[]}"
3959_0,0.1110861,"{""type"":""MultiPoint"",""coordinates"":[]}"
3960_0,0.35924155,"{""type"":""MultiPoint"",""coordinates"":[]}"
3961_0,0.37156898,"{""type"":""MultiPoint"",""coordinates"":[]}"
3962_0,0.022610499,"{""type"":""MultiPoint"",""coordinates"":[]}"
3967_0,0.45033988,"{""type"":""MultiPoint"",""coordinates"":[]}"
3968_0,0.3087802,"{""type"":""MultiPoint"",""coordinates"":[]}"
3970_0,0.4802776,"{""type"":""MultiPoint"",""coordinates"":[]}"
3971_0,0.25737295,"{""type"":""MultiPoint"",""coordinates"":[]}"
3972_0,0.21194719,"{""type"":""MultiPoint"",""coordinates"":[]}"
3973_0,3.3394338E-4,"{""type"":""MultiPoint"",""coordinates"":[]}"
3975_0,0.021491943,"{""type"":""MultiPoint"",""coordinates"":[]}"
3976_0,0.3675075,"{""type"":""MultiPoint"",""coordinates"":[]}"
3977_0,0.12123924,"{""type"":""MultiPoint"",""coordinates"":[]}"
3978_0,0.7440572,"{""type"":""MultiPoint"",""coordinates"":[]}"
3979_0,0.3413083,"{""type"":""MultiPoint"",""coordinates"":[]}"
3980_0,0.22559902,"{""type"":""MultiPoint"",""coordinates"":[]}"
3988_0,0.1441403,"{""type"":""MultiPoint"",""coordinates"":[]}"
3989_0,0.5110848,"{""type"":""MultiPoint"",""coordinates"":[]}"
3993_0,0.24355017,"{""type"":""MultiPoint"",""coordinates"":[]}"
3994_0,0.33560166,"{""type"":""MultiPoint"",""coordinates"":[]}"
3995_0,0.075928405,"{""type"":""MultiPoint"",""coordinates"":[]}"
4003_0,0.29140612,"{""type"":""MultiPoint"",""coordinates"":[]}"
4004_0,0.3675075,"{""type"":""MultiPoint"",""coordinates"":[]}"
4008_0,0.2595038,"{""type"":""MultiPoint"",""coordinates"":[]}"
4009_0,0.9826156,"{""type"":""MultiPoint"",""coordinates"":[]}"
4010_0,0.073374644,"{""type"":""MultiPoint"",""coordinates"":[]}"
4011_0,0.08363126,"{""type"":""MultiPoint"",""coordinates"":[]}"
4017_0,0.012327017,"{""type"":""MultiPoint"",""coordinates"":[]}"
4021_0,0.17152493,"{""type"":""MultiPoint"",""coordinates"":[]}"
4022_0,0.1093405,"{""type"":""MultiPoint"",""coordinates"":[]}"
4028_0,0.07497728,"{""type"":""MultiPoint"",""coordinates"":[]}"
4029_0,0.56050956,"{""type"":""MultiPoint"",""coordinates"":[]}"
4033_0,0.10652547,"{""type"":""MultiPoint"",""coordinates"":[]}"
4034_0,0.14462978,"{""type"":""MultiPoint"",""coordinates"":[]}"
4035_0,0.08802745,"{""type"":""MultiPoint"",""coordinates"":[]}"
4036_0,0.057553586,"{""type"":""MultiPoint"",""coordinates"":[]}"
4038_0,0.2959227,"{""type"":""MultiPoint"",""coordinates"":[]}"
4040_0,0.31565413,"{""type"":""MultiPoint"",""coordinates"":[]}"
4042_0,0.28452653,"{""type"":""MultiPoint"",""coordinates"":[]}"
4043_0,0.15916133,"{""type"":""MultiPoint"",""coordinates"":[]}"
4045_0,0.0034186204,"{""type"":""MultiPoint"",""coordinates"":[]}"
4047_0,0.062192984,"{""type"":""MultiPoint"",""coordinates"":[]}"
4049_0,0.09343831,"{""type"":""MultiPoint"",""coordinates"":[]}"
4050_0,0.32464442,"{""type"":""MultiPoint"",""coordinates"":[]}"
4054_0,0.24177404,"{""type"":""MultiPoint"",""coordinates"":[]}"
4059_0,0.28910428,"{""type"":""MultiPoint"",""coordinates"":[]}"
4061_0,0.14431238,"{""type"":""MultiPoint"",""coordinates"":[]}"
4066_0,0.6156915,"{""type"":""MultiPoint"",""coordinates"":[]}"
4068_0,0.23113486,"{""type"":""MultiPoint"",""coordinates"":[]}"
4069_0,0.030403795,"{""type"":""MultiPoint"",""coordinates"":[]}"
4078_0,0.20065318,"{""type"":""MultiPoint"",""coordinates"":[]}"
4079_0,0.09696673,"{""type"":""MultiPoint"",""coordinates"":[]}"
4083_0,0.0068973256,"{""type"":""MultiPoint"",""coordinates"":[]}"
4086_0,0.0039507416,"{""type"":""MultiPoint"",""coordinates"":[]}"
4090_0,0.09343831,"{""type"":""MultiPoint"",""coordinates"":[]}"
4091_0,0.17007737,"{""type"":""MultiPoint"",""coordinates"":[]}"
4096_0,0.03296321,"{""type"":""MultiPoint"",""coordinates"":[]}"
4101_0,0.019925795,"{""type"":""MultiPoint"",""coordinates"":[]}"
4102_0,0.5457429,"{""type"":""MultiPoint"",""coordinates"":[]}"
4104_0,0.075928405,"{""type"":""MultiPoint"",""coordinates"":[]}"
4105_0,0.9927683,"{""type"":""MultiPoint"",""coordinates"":[]}"
4111_0,0.49785975,"{""type"":""MultiPoint"",""coordinates"":[]}"
4114_0,0.038960647,"{""type"":""MultiPoint"",""coordinates"":[]}"
4116_0,0.52248955,"{""type"":""MultiPoint"",""coordinates"":[]}"
4119_0,0.11257507,"{""type"":""MultiPoint"",""coordinates"":[]}"
4120_0,0.29140612,"{""type"":""MultiPoint"",""coordinates"":[]}"
4122_0,0.11975249,"{""type"":""MultiPoint"",""coordinates"":[]}"
4123_0,0.18998411,"{""type"":""MultiPoint"",""coordinates"":[]}"
4124_0,0.0039507416,"{""type"":""MultiPoint"",""coordinates"":[]}"
4125_0,0.017389607,"{""type"":""MultiPoint"",""coordinates"":[]}"
4126_0,0.38543224,"{""type"":""MultiPoint"",""coordinates"":[]}"
4128_0,0.061440054,"{""type"":""MultiPoint"",""coordinates"":[]}"
4132_0,0.25712207,"{""type"":""MultiPoint"",""coordinates"":[]}"
4133_0,0.18456773,"{""type"":""MultiPoint"",""coordinates"":[]}"
4135_0,0.18998411,"{""type"":""MultiPoint"",""coordinates"":[]}"
4139_0,0.20752937,"{""type"":""MultiPoint"",""coordinates"":[]}"
4144_0,0.105786815,"{""type"":""MultiPoint"",""coordinates"":[]}"
4148_0,0.024329606,"{""type"":""MultiPoint"",""coordinates"":[]}"
4149_0,0.17375225,"{""type"":""MultiPoint"",""coordinates"":[]}"
4150_0,0.14462978,"{""type"":""MultiPoint"",""coordinates"":[]}"
4151_0,0.5422807,"{""type"":""MultiPoint"",""coordinates"":[]}"
4153_0,0.026205495,"{""type"":""MultiPoint"",""coordinates"":[]}"
4156_0,0.5017962,"{""type"":""MultiPoint"",""coordinates"":[]}"
4159_0,0.48066166,"{""type"":""MultiPoint"",""coordinates"":[]}"
4160_0,0.09511139,"{""type"":""MultiPoint"",""coordinates"":[]}"
4163_0,0.017378606,"{""type"":""MultiPoint"",""coordinates"":[]}"
4166_0,0.105786815,"{""type"":""MultiPoint"",""coordinates"":[]}"
4168_0,0.35285872,"{""type"":""MultiPoint"",""coordinates"":[]}"
4169_0,0.6160339,"{""type"":""MultiPoint"",""coordinates"":[]}"
4170_0,0.097796425,"{""type"":""MultiPoint"",""coordinates"":[]}"
4175_0,0.5142247,"{""type"":""MultiPoint"",""coordinates"":[]}"
4177_0,0.15916133,"{""type"":""MultiPoint"",""coordinates"":[]}"
4178_0,0.013537877,"{""type"":""MultiPoint"",""coordinates"":[]}"
4183_0,0.031921264,"{""type"":""MultiPoint"",""coordinates"":[]}"
4187_0,0.7960194,"{""type"":""MultiPoint"",""coordinates"":[]}"
4188_0,0.9344008,"{""type"":""MultiPoint"",""coordinates"":[]}"
4190_0,0.6499985,"{""type"":""MultiPoint"",""coordinates"":[]}"
4192_0,0.19364496,"{""type"":""MultiPoint"",""coordinates"":[]}"
4193_0,0.073374644,"{""type"":""MultiPoint"",""coordinates"":[]}"
4194_0,0.021119766,"{""type"":""MultiPoint"",""coordinates"":[]}"
4196_0,0.384725,"{""type"":""MultiPoint"",""coordinates"":[]}"
4199_0,0.07513506,"{""type"":""MultiPoint"",""coordinates"":[]}"
4201_0,0.19641499,"{""type"":""MultiPoint"",""coordinates"":[]}"
4202_0,0.36584392,"{""type"":""MultiPoint"",""coordinates"":[]}"
4204_0,0.04295066,"{""type"":""MultiPoint"",""coordinates"":[]}"
4206_0,0.18877323,"{""type"":""MultiPoint"",""coordinates"":[]}"
4211_0,0.0922049,"{""type"":""MultiPoint"",""coordinates"":[]}"
4214_0,0.41726714,"{""type"":""MultiPoint"",""coordinates"":[]}"
4215_0,0.9969554,"{""type"":""MultiPoint"",""coordinates"":[]}"
4217_0,0.24883893,"{""type"":""MultiPoint"",""coordinates"":[]}"
4220_0,0.9982206,"{""type"":""MultiPoint"",""coordinates"":[]}"
4222_0,0.38057765,"{""type"":""MultiPoint"",""coordinates"":[]}"
4223_0,0.22354843,"{""type"":""MultiPoint"",""coordinates"":[]}"
4224_0,0.08493749,"{""type"":""MultiPoint"",""coordinates"":[]}"
4225_0,0.020746686,"{""type"":""MultiPoint"",""coordinates"":[]}"
4235_0,0.1824111,"{""type"":""MultiPoint"",""coordinates"":[]}"
4237_0,0.053700235,"{""type"":""MultiPoint"",""coordinates"":[]}"
4238_0,0.057327054,"{""type"":""MultiPoint"",""coordinates"":[]}"
4240_0,0.3463495,"{""type"":""MultiPoint"",""coordinates"":[]}"
4241_0,0.08368953,"{""type"":""MultiPoint"",""coordinates"":[]}"
4243_0,0.11481665,"{""type"":""MultiPoint"",""coordinates"":[]}"
4245_0,0.21998142,"{""type"":""MultiPoint"",""coordinates"":[]}"
4247_0,0.002479882,"{""type"":""MultiPoint"",""coordinates"":[]}"
4249_0,0.070046775,"{""type"":""MultiPoint"",""coordinates"":[]}"
4250_0,0.073374644,"{""type"":""MultiPoint"",""coordinates"":[]}"
4253_0,0.06765379,"{""type"":""MultiPoint"",""coordinates"":[]}"
4258_0,0.25047827,"{""type"":""MultiPoint"",""coordinates"":[]}"
4260_0,0.0014359325,"{""type"":""MultiPoint"",""coordinates"":[]}"
4261_0,0.0025054368,"{""type"":""MultiPoint"",""coordinates"":[]}"
4262_0,0.8031244,"{""type"":""MultiPoint"",""coordinates"":[]}"
4264_0,0.10285099,"{""type"":""MultiPoint"",""coordinates"":[]}"
4265_0,0.08960526,"{""type"":""MultiPoint"",""coordinates"":[]}"
4269_0,0.062192984,"{""type"":""MultiPoint"",""coordinates"":[]}"
4272_0,0.4915333,"{""type"":""MultiPoint"",""coordinates"":[]}"
4273_0,0.048757307,"{""type"":""MultiPoint"",""coordinates"":[]}"
4274_0,0.41266227,"{""type"":""MultiPoint"",""coordinates"":[]}"
4279_0,0.33797872,"{""type"":""MultiPoint"",""coordinates"":[]}"
4281_0,0.9868235,"{""type"":""MultiPoint"",""coordinates"":[]}"
4282_0,0.14462978,"{""type"":""MultiPoint"",""coordinates"":[]}"
4284_0,0.090327226,"{""type"":""MultiPoint"",""coordinates"":[]}"
4285_0,0.09034921,"{""type"":""MultiPoint"",""coordinates"":[]}"
4286_0,0.29140612,"{""type"":""MultiPoint"",""coordinates"":[]}"
4287_0,0.121521965,"{""type"":""MultiPoint"",""coordinates"":[]}"
4289_0,0.063124426,"{""type"":""MultiPoint"",""coordinates"":[]}"
4290_0,0.44953117,"{""type"":""MultiPoint"",""coordinates"":[]}"
4292_0,0.021119766,"{""type"":""MultiPoint"",""coordinates"":[]}"
4296_0,0.31992158,"{""type"":""MultiPoint"",""coordinates"":[]}"
4297_0,0.2425501,"{""type"":""MultiPoint"",""coordinates"":[]}"
4298_0,0.05285938,"{""type"":""MultiPoint"",""coordinates"":[]}"
4299_0,0.14462978,"{""type"":""MultiPoint"",""coordinates"":[]}"
4304_0,0.15916133,"{""type"":""MultiPoint"",""coordinates"":[]}"
4308_0,0.9318647,"{""type"":""MultiPoint"",""coordinates"":[]}"
4310_0,0.075928405,"{""type"":""MultiPoint"",""coordinates"":[]}"
4312_0,0.38057765,"{""type"":""MultiPoint"",""coordinates"":[]}"
4314_0,0.14729375,"{""type"":""MultiPoint"",""coordinates"":[]}"
4316_0,0.18877323,"{""type"":""MultiPoint"",""coordinates"":[]}"
4320_0,0.18877323,"{""type"":""MultiPoint"",""coordinates"":[]}"
4323_0,0.93073046,"{""type"":""MultiPoint"",""coordinates"":[]}"
4325_0,0.45599988,"{""type"":""MultiPoint"",""coordinates"":[]}"
4327_0,0.18877323,"{""type"":""MultiPoint"",""coordinates"":[]}"
4334_0,0.062192984,"{""type"":""MultiPoint"",""coordinates"":[]}"
4336_0,0.107677706,"{""type"":""MultiPoint"",""coordinates"":[]}"
4338_0,0.060420234,"{""type"":""MultiPoint"",""coordinates"":[]}"
4340_0,0.18690279,"{""type"":""MultiPoint"",""coordinates"":[]}"
4341_0,0.14625339,"{""type"":""MultiPoint"",""coordinates"":[]}"
4344_0,0.0139602395,"{""type"":""MultiPoint"",""coordinates"":[]}"
4346_0,0.50027764,"{""type"":""MultiPoint"",""coordinates"":[]}"
4347_0,0.29140612,"{""type"":""MultiPoint"",""coordinates"":[]}"
4348_0,0.075928405,"{""type"":""MultiPoint"",""coordinates"":[]}"
4350_0,0.3675075,"{""type"":""MultiPoint"",""coordinates"":[]}"
4357_0,0.0075883036,"{""type"":""MultiPoint"",""coordinates"":[]}"
4359_0,0.13803168,"{""type"":""MultiPoint"",""coordinates"":[]}"
4361_0,0.3927642,"{""type"":""MultiPoint"",""coordinates"":[]}"
4365_0,0.2786403,"{""type"":""MultiPoint"",""coordinates"":[]}"
4367_0,0.07870284,"{""type"":""MultiPoint"",""coordinates"":[]}"
4369_0,0.059212394,"{""type"":""MultiPoint"",""coordinates"":[]}"
4374_0,0.16913135,"{""type"":""MultiPoint"",""coordinates"":[]}"
4377_0,0.120179564,"{""type"":""MultiPoint"",""coordinates"":[]}"
4382_0,0.043895967,"{""type"":""MultiPoint"",""coordinates"":[]}"
4383_0,0.013634639,"{""type"":""MultiPoint"",""coordinates"":[]}"
4384_0,0.12275387,"{""type"":""MultiPoint"",""coordinates"":[]}"
4385_0,0.18998411,"{""type"":""MultiPoint"",""coordinates"":[]}"
4386_0,0.99834627,"{""type"":""MultiPoint"",""coordinates"":[]}"
4387_0,0.0010910169,"{""type"":""MultiPoint"",""coordinates"":[]}"
4396_0,0.11975249,"{""type"":""MultiPoint"",""coordinates"":[]}"
4397_0,0.0767264,"{""type"":""MultiPoint"",""coordinates"":[]}"
4398_0,0.010519682,"{""type"":""MultiPoint"",""coordinates"":[]}"
4401_0,0.07239563,"{""type"":""MultiPoint"",""coordinates"":[]}"
4402_0,0.054815147,"{""type"":""MultiPoint"",""coordinates"":[]}"
4403_0,0.18456773,"{""type"":""MultiPoint"",""coordinates"":[]}"
4405_0,0.18877323,"{""type"":""MultiPoint"",""coordinates"":[]}"
4406_0,0.19797829,"{""type"":""MultiPoint"",""coordinates"":[]}"
4407_0,0.9904512,"{""type"":""MultiPoint"",""coordinates"":[]}"
4411_0,0.15916133,"{""type"":""MultiPoint"",""coordinates"":[]}"
4413_0,0.43508494,"{""type"":""MultiPoint"",""coordinates"":[]}"
4414_0,0.99834627,"{""type"":""MultiPoint"",""coordinates"":[]}"
4419_0,0.0023103207,"{""type"":""MultiPoint"",""coordinates"":[]}"
4420_0,0.073926896,"{""type"":""MultiPoint"",""coordinates"":[]}"
4421_0,0.036133707,"{""type"":""MultiPoint"",""coordinates"":[]}"
4422_0,0.10285099,"{""type"":""MultiPoint"",""coordinates"":[]}"
4423_0,0.11707677,"{""type"":""MultiPoint"",""coordinates"":[]}"
4426_0,0.011475624,"{""type"":""MultiPoint"",""coordinates"":[]}"
4427_0,0.5364599,"{""type"":""MultiPoint"",""coordinates"":[]}"
4430_0,0.22771835,"{""type"":""MultiPoint"",""coordinates"":[]}"
4432_0,0.088706054,"{""type"":""MultiPoint"",""coordinates"":[]}"
4434_0,0.2226663,"{""type"":""MultiPoint"",""coordinates"":[]}"
4435_0,0.11579308,"{""type"":""MultiPoint"",""coordinates"":[]}"
4437_0,0.36119714,"{""type"":""MultiPoint"",""coordinates"":[]}"
4439_0,0.10165171,"{""type"":""MultiPoint"",""coordinates"":[]}"
4440_0,0.03265573,"{""type"":""MultiPoint"",""coordinates"":[]}"
4446_0,0.09274447,"{""type"":""MultiPoint"",""coordinates"":[]}"
4447_0,0.9965184,"{""type"":""MultiPoint"",""coordinates"":[]}"
4449_0,0.10227254,"{""type"":""MultiPoint"",""coordinates"":[]}"
4451_0,0.3927642,"{""type"":""MultiPoint"",""coordinates"":[]}"
4454_0,0.030608144,"{""type"":""MultiPoint"",""coordinates"":[]}"
4456_0,0.06754969,"{""type"":""MultiPoint"",""coordinates"":[]}"
4460_0,0.056203704,"{""type"":""MultiPoint"",""coordinates"":[]}"
4461_0,0.18456773,"{""type"":""MultiPoint"",""coordinates"":[]}"
4462_0,0.016744774,"{""type"":""MultiPoint"",""coordinates"":[]}"
4468_0,0.14356324,"{""type"":""MultiPoint"",""coordinates"":[]}"
4470_0,0.05383953,"{""type"":""MultiPoint"",""coordinates"":[]}"
4475_0,0.9984116,"{""type"":""MultiPoint"",""coordinates"":[]}"
4477_0,0.0198967,"{""type"":""MultiPoint"",""coordinates"":[]}"
4478_0,0.025203295,"{""type"":""MultiPoint"",""coordinates"":[]}"
4480_0,0.022335274,"{""type"":""MultiPoint"",""coordinates"":[]}"
4481_0,0.46281597,"{""type"":""MultiPoint"",""coordinates"":[]}"
4482_0,0.06765379,"{""type"":""MultiPoint"",""coordinates"":[]}"
4486_0,0.22559902,"{""type"":""MultiPoint"",""coordinates"":[]}"
4487_0,0.12084647,"{""type"":""MultiPoint"",""coordinates"":[]}"
4488_0,0.31415182,"{""type"":""MultiPoint"",""coordinates"":[]}"
4489_0,0.28095347,"{""type"":""MultiPoint"",""coordinates"":[]}"
4491_0,0.95004225,"{""type"":""MultiPoint"",""coordinates"":[]}"
4492_0,0.2691035,"{""type"":""MultiPoint"",""coordinates"":[]}"
4493_0,0.18877323,"{""type"":""MultiPoint"",""coordinates"":[]}"
4494_0,0.22559902,"{""type"":""MultiPoint"",""coordinates"":[]}"
4495_0,0.060306367,"{""type"":""MultiPoint"",""coordinates"":[]}"
4497_0,0.18496272,"{""type"":""MultiPoint"",""coordinates"":[]}"
4498_0,0.08310655,"{""type"":""MultiPoint"",""coordinates"":[]}"
4504_0,0.06316172,"{""type"":""MultiPoint"",""coordinates"":[]}"
4509_0,0.17375225,"{""type"":""MultiPoint"",""coordinates"":[]}"
4510_0,0.8432888,"{""type"":""MultiPoint"",""coordinates"":[]}"
4513_0,0.36359498,"{""type"":""MultiPoint"",""coordinates"":[]}"
4519_0,0.18998411,"{""type"":""MultiPoint"",""coordinates"":[]}"
4520_0,0.07902784,"{""type"":""MultiPoint"",""coordinates"":[]}"
4521_0,0.6160909,"{""type"":""MultiPoint"",""coordinates"":[]}"
4522_0,0.08027557,"{""type"":""MultiPoint"",""coordinates"":[]}"
4525_0,0.11084138,"{""type"":""MultiPoint"",""coordinates"":[]}"
4527_0,0.062192984,"{""type"":""MultiPoint"",""coordinates"":[]}"
4533_0,0.07154436,"{""type"":""MultiPoint"",""coordinates"":[]}"
4534_0,0.71830815,"{""type"":""MultiPoint"",""coordinates"":[]}"
4536_0,0.3675075,"{""type"":""MultiPoint"",""coordinates"":[]}"
4538_0,0.075081296,"{""type"":""MultiPoint"",""coordinates"":[]}"
4539_0,0.04359596,"{""type"":""MultiPoint"",""coordinates"":[]}"
4541_0,0.4802776,"{""type"":""MultiPoint"",""coordinates"":[]}"
4543_0,0.9974687,"{""type"":""MultiPoint"",""coordinates"":[]}"
4546_0,0.0867102,"{""type"":""MultiPoint"",""coordinates"":[]}"
4547_0,0.023014698,"{""type"":""MultiPoint"",""coordinates"":[]}"
4548_0,0.9984116,"{""type"":""MultiPoint"",""coordinates"":[]}"
4550_0,0.11084138,"{""type"":""MultiPoint"",""coordinates"":[]}"
4555_0,0.047356833,"{""type"":""MultiPoint"",""coordinates"":[]}"
4559_0,0.06538044,"{""type"":""MultiPoint"",""coordinates"":[]}"
4561_0,0.097796425,"{""type"":""MultiPoint"",""coordinates"":[]}"
4562_0,0.18998411,"{""type"":""MultiPoint"",""coordinates"":[]}"
4563_0,0.07870284,"{""type"":""MultiPoint"",""coordinates"":[]}"
4565_0,0.13342942,"{""type"":""MultiPoint"",""coordinates"":[]}"
4566_0,0.07592582,"{""type"":""MultiPoint"",""coordinates"":[]}"
4568_0,0.34507236,"{""type"":""MultiPoint"",""coordinates"":[]}"
4570_0,0.29140612,"{""type"":""MultiPoint"",""coordinates"":[]}"
4571_0,0.08365224,"{""type"":""MultiPoint"",""coordinates"":[]}"
4572_0,0.9984116,"{""type"":""MultiPoint"",""coordinates"":[]}"
4574_0,0.08218938,"{""type"":""MultiPoint"",""coordinates"":[]}"
4575_0,0.10690331,"{""type"":""MultiPoint"",""coordinates"":[]}"
4576_0,0.08122719,"{""type"":""MultiPoint"",""coordinates"":[]}"
4577_0,0.08170499,"{""type"":""MultiPoint"",""coordinates"":[]}"
4582_0,0.6107249,"{""type"":""MultiPoint"",""coordinates"":[]}"
4588_0,0.3287856,"{""type"":""MultiPoint"",""coordinates"":[]}"
4589_0,0.6062268,"{""type"":""MultiPoint"",""coordinates"":[]}"
4590_0,0.17204231,"{""type"":""MultiPoint"",""coordinates"":[]}"
4591_0,0.052037284,"{""type"":""MultiPoint"",""coordinates"":[]}"
4592_0,0.023014698,"{""type"":""MultiPoint"",""coordinates"":[]}"
4593_0,0.12478216,"{""type"":""MultiPoint"",""coordinates"":[]}"
4595_0,0.099131584,"{""type"":""MultiPoint"",""coordinates"":[]}"
4599_0,0.24827658,"{""type"":""MultiPoint"",""coordinates"":[]}"
4603_0,0.25188187,"{""type"":""MultiPoint"",""coordinates"":[]}"
4604_0,0.25650725,"{""type"":""MultiPoint"",""coordinates"":[]}"
4605_0,0.070046775,"{""type"":""MultiPoint"",""coordinates"":[]}"
4607_0,0.20011453,"{""type"":""MultiPoint"",""coordinates"":[]}"
4608_0,0.029631855,"{""type"":""MultiPoint"",""coordinates"":[]}"
4610_0,0.021119766,"{""type"":""MultiPoint"",""coordinates"":[]}"
4611_0,0.46592024,"{""type"":""MultiPoint"",""coordinates"":[]}"
4614_0,0.18877323,"{""type"":""MultiPoint"",""coordinates"":[]}"
4620_0,6.1565696E-4,"{""type"":""MultiPoint"",""coordinates"":[]}"
4624_0,0.07513506,"{""type"":""MultiPoint"",""coordinates"":[]}"
4627_0,0.7313624,"{""type"":""MultiPoint"",""coordinates"":[]}"
4628_0,0.05285938,"{""type"":""MultiPoint"",""coordinates"":[]}"
4630_0,0.9981264,"{""type"":""MultiPoint"",""coordinates"":[]}"
4631_0,0.1297358,"{""type"":""MultiPoint"",""coordinates"":[]}"
4632_0,0.18456773,"{""type"":""MultiPoint"",""coordinates"":[]}"
4633_0,0.10952454,"{""type"":""MultiPoint"",""coordinates"":[]}"
4637_0,0.26375195,"{""type"":""MultiPoint"",""coordinates"":[]}"
4639_0,0.96232575,"{""type"":""MultiPoint"",""coordinates"":[]}"
4643_0,0.50064844,"{""type"":""MultiPoint"",""coordinates"":[]}"
4646_0,0.097858705,"{""type"":""MultiPoint"",""coordinates"":[]}"
4647_0,0.14827345,"{""type"":""MultiPoint"",""coordinates"":[]}"
4649_0,0.10952454,"{""type"":""MultiPoint"",""coordinates"":[]}"
4650_0,0.11579308,"{""type"":""MultiPoint"",""coordinates"":[]}"
4657_0,0.021119766,"{""type"":""MultiPoint"",""coordinates"":[]}"
4662_0,0.1164443,"{""type"":""MultiPoint"",""coordinates"":[]}"
4664_0,0.3675075,"{""type"":""MultiPoint"",""coordinates"":[]}"
4666_0,0.3875038,"{""type"":""MultiPoint"",""coordinates"":[]}"
4671_0,0.060817193,"{""type"":""MultiPoint"",""coordinates"":[]}"
4673_0,0.12715232,"{""type"":""MultiPoint"",""coordinates"":[]}"
4674_0,0.10285099,"{""type"":""MultiPoint"",""coordinates"":[]}"
4675_0,0.23077728,"{""type"":""MultiPoint"",""coordinates"":[]}"
4676_0,0.99802935,"{""type"":""MultiPoint"",""coordinates"":[]}"
4678_0,0.2638692,"{""type"":""MultiPoint"",""coordinates"":[]}"
4682_0,0.06718985,"{""type"":""MultiPoint"",""coordinates"":[]}"
4683_0,0.05371757,"{""type"":""MultiPoint"",""coordinates"":[]}"
4684_0,0.060306367,"{""type"":""MultiPoint"",""coordinates"":[]}"
4688_0,0.13276921,"{""type"":""MultiPoint"",""coordinates"":[]}"
4694_0,0.6098472,"{""type"":""MultiPoint"",""coordinates"":[]}"
4696_0,0.96232575,"{""type"":""MultiPoint"",""coordinates"":[]}"
4698_0,0.11229959,"{""type"":""MultiPoint"",""coordinates"":[]}"
4702_0,0.17375225,"{""type"":""MultiPoint"",""coordinates"":[]}"
4704_0,0.060139984,"{""type"":""MultiPoint"",""coordinates"":[]}"
4707_0,0.2438891,"{""type"":""MultiPoint"",""coordinates"":[]}"
4708_0,0.034211073,"{""type"":""MultiPoint"",""coordinates"":[]}"
4710_0,0.019925795,"{""type"":""MultiPoint"",""coordinates"":[]}"
4712_0,0.09265305,"{""type"":""MultiPoint"",""coordinates"":[]}"
4713_0,0.8040709,"{""type"":""MultiPoint"",""coordinates"":[]}"
4714_0,0.16992992,"{""type"":""MultiPoint"",""coordinates"":[]}"
4717_0,0.49096048,"{""type"":""MultiPoint"",""coordinates"":[]}"
4720_0,0.3731105,"{""type"":""MultiPoint"",""coordinates"":[]}"
4721_0,0.07497728,"{""type"":""MultiPoint"",""coordinates"":[]}"
4724_0,0.03251372,"{""type"":""MultiPoint"",""coordinates"":[]}"
4727_0,0.12316772,"{""type"":""MultiPoint"",""coordinates"":[]}"
4730_0,0.01981849,"{""type"":""MultiPoint"",""coordinates"":[]}"
4733_0,0.03296321,"{""type"":""MultiPoint"",""coordinates"":[]}"
4735_0,0.29462412,"{""type"":""MultiPoint"",""coordinates"":[]}"
4736_0,0.04295066,"{""type"":""MultiPoint"",""coordinates"":[]}"
4744_0,0.15039869,"{""type"":""MultiPoint"",""coordinates"":[]}"
4746_0,0.28268552,"{""type"":""MultiPoint"",""coordinates"":[]}"
4747_0,0.014485282,"{""type"":""MultiPoint"",""coordinates"":[]}"
4751_0,0.3851201,"{""type"":""MultiPoint"",""coordinates"":[]}"
4753_0,0.014546178,"{""type"":""MultiPoint"",""coordinates"":[]}"
4755_0,0.0023103207,"{""type"":""MultiPoint"",""coordinates"":[]}"
4759_0,0.15607268,"{""type"":""MultiPoint"",""coordinates"":[]}"
4760_0,0.9901895,"{""type"":""MultiPoint"",""coordinates"":[]}"
4763_0,0.119987525,"{""type"":""MultiPoint"",""coordinates"":[]}"
4764_0,0.7511608,"{""type"":""MultiPoint"",""coordinates"":[]}"
4765_0,0.20011453,"{""type"":""MultiPoint"",""coordinates"":[]}"
4770_0,0.23077728,"{""type"":""MultiPoint"",""coordinates"":[]}"
4771_0,0.19700466,"{""type"":""MultiPoint"",""coordinates"":[]}"
4776_0,0.49290863,"{""type"":""MultiPoint"",""coordinates"":[]}"
4779_0,0.35081464,"{""type"":""MultiPoint"",""coordinates"":[]}"
4780_0,0.9746112,"{""type"":""MultiPoint"",""coordinates"":[]}"
4782_0,0.097796425,"{""type"":""MultiPoint"",""coordinates"":[]}"
4783_0,0.037192237,"{""type"":""MultiPoint"",""coordinates"":[]}"
4787_0,0.61866015,"{""type"":""MultiPoint"",""coordinates"":[]}"
4789_0,0.0767264,"{""type"":""MultiPoint"",""coordinates"":[]}"
4790_0,0.0376472,"{""type"":""MultiPoint"",""coordinates"":[]}"
4791_0,0.012154763,"{""type"":""MultiPoint"",""coordinates"":[]}"
4792_0,0.19359218,"{""type"":""MultiPoint"",""coordinates"":[]}"
4794_0,0.024329606,"{""type"":""MultiPoint"",""coordinates"":[]}"
4796_0,0.18456773,"{""type"":""MultiPoint"",""coordinates"":[]}"
4801_0,0.14356324,"{""type"":""MultiPoint"",""coordinates"":[]}"
4810_0,0.18456773,"{""type"":""MultiPoint"",""coordinates"":[]}"
4811_0,0.08310655,"{""type"":""MultiPoint"",""coordinates"":[]}"
4814_0,0.4607991,"{""type"":""MultiPoint"",""coordinates"":[]}"
4818_0,0.084594846,"{""type"":""MultiPoint"",""coordinates"":[]}"
4822_0,0.062192984,"{""type"":""MultiPoint"",""coordinates"":[]}"
4825_0,0.021119766,"{""type"":""MultiPoint"",""coordinates"":[]}"
4831_0,0.105786815,"{""type"":""MultiPoint"",""coordinates"":[]}"
4834_0,0.42741168,"{""type"":""MultiPoint"",""coordinates"":[]}"
4841_0,0.0012387873,"{""type"":""MultiPoint"",""coordinates"":[]}"
4844_0,0.11766808,"{""type"":""MultiPoint"",""coordinates"":[]}"
4845_0,0.10422066,"{""type"":""MultiPoint"",""coordinates"":[]}"
4848_0,0.034033187,"{""type"":""MultiPoint"",""coordinates"":[]}"
4849_0,0.10014764,"{""type"":""MultiPoint"",""coordinates"":[]}"
4850_0,0.075928405,"{""type"":""MultiPoint"",""coordinates"":[]}"
4851_0,0.13127942,"{""type"":""MultiPoint"",""coordinates"":[]}"
4856_0,0.0024798817,"{""type"":""MultiPoint"",""coordinates"":[]}"
4858_0,0.044486247,"{""type"":""MultiPoint"",""coordinates"":[]}"
4859_0,0.24355017,"{""type"":""MultiPoint"",""coordinates"":[]}"
4861_0,0.06513302,"{""type"":""MultiPoint"",""coordinates"":[]}"
4862_0,0.96232575,"{""type"":""MultiPoint"",""coordinates"":[]}"
4863_0,0.10631123,"{""type"":""MultiPoint"",""coordinates"":[]}"
4864_0,0.12249981,"{""type"":""MultiPoint"",""coordinates"":[]}"
4865_0,0.14462978,"{""type"":""MultiPoint"",""coordinates"":[]}"
4867_0,0.078947805,"{""type"":""MultiPoint"",""coordinates"":[]}"
4871_0,0.11579308,"{""type"":""MultiPoint"",""coordinates"":[]}"
4878_0,0.1110861,"{""type"":""MultiPoint"",""coordinates"":[]}"
4879_0,0.0956628,"{""type"":""MultiPoint"",""coordinates"":[]}"
4881_0,0.015805513,"{""type"":""MultiPoint"",""coordinates"":[]}"
4883_0,0.035375528,"{""type"":""MultiPoint"",""coordinates"":[]}"
4885_0,0.9868235,"{""type"":""MultiPoint"",""coordinates"":[]}"
4888_0,0.93227553,"{""type"":""MultiPoint"",""coordinates"":[]}"
4889_0,0.10285099,"{""type"":""MultiPoint"",""coordinates"":[]}"
4893_0,0.64519674,"{""type"":""MultiPoint"",""coordinates"":[]}"
4896_0,0.021088053,"{""type"":""MultiPoint"",""coordinates"":[]}"
4897_0,0.6160909,"{""type"":""MultiPoint"",""coordinates"":[]}"
4899_0,0.0024157963,"{""type"":""MultiPoint"",""coordinates"":[]}"
4901_0,0.23851906,"{""type"":""MultiPoint"",""coordinates"":[]}"
4903_0,0.12563357,"{""type"":""MultiPoint"",""coordinates"":[]}"
4904_0,0.07660376,"{""type"":""MultiPoint"",""coordinates"":[]}"
4911_0,0.097545445,"{""type"":""MultiPoint"",""coordinates"":[]}"
4913_0,0.24177404,"{""type"":""MultiPoint"",""coordinates"":[]}"
4914_0,0.92817307,"{""type"":""MultiPoint"",""coordinates"":[]}"
4915_0,0.042536378,"{""type"":""MultiPoint"",""coordinates"":[]}"
4917_0,0.086430416,"{""type"":""MultiPoint"",""coordinates"":[]}"
4918_0,0.21252942,"{""type"":""MultiPoint"",""coordinates"":[]}"
4920_0,0.9291915,"{""type"":""MultiPoint"",""coordinates"":[]}"
4921_0,0.15332198,"{""type"":""MultiPoint"",""coordinates"":[]}"
4922_0,0.47487548,"{""type"":""MultiPoint"",""coordinates"":[]}"
4923_0,0.097796425,"{""type"":""MultiPoint"",""coordinates"":[]}"
4925_0,0.087839425,"{""type"":""MultiPoint"",""coordinates"":[]}"
4927_0,0.097796425,"{""type"":""MultiPoint"",""coordinates"":[]}"
4928_0,0.76725113,"{""type"":""MultiPoint"",""coordinates"":[]}"
4929_0,0.018930558,"{""type"":""MultiPoint"",""coordinates"":[]}"
4934_0,0.073374644,"{""type"":""MultiPoint"",""coordinates"":[]}"
4936_0,0.18456773,"{""type"":""MultiPoint"",""coordinates"":[]}"
4939_0,0.20300429,"{""type"":""MultiPoint"",""coordinates"":[]}"
4940_0,0.2438891,"{""type"":""MultiPoint"",""coordinates"":[]}"
4941_0,0.114047475,"{""type"":""MultiPoint"",""coordinates"":[]}"
4942_0,0.11301686,"{""type"":""MultiPoint"",""coordinates"":[]}"
4945_0,0.09924775,"{""type"":""MultiPoint"",""coordinates"":[]}"
4946_0,0.1093405,"{""type"":""MultiPoint"",""coordinates"":[]}"
4948_0,0.3392879,"{""type"":""MultiPoint"",""coordinates"":[]}"
4949_0,0.08566433,"{""type"":""MultiPoint"",""coordinates"":[]}"
4950_0,0.073374644,"{""type"":""MultiPoint"",""coordinates"":[]}"
4954_0,0.06765379,"{""type"":""MultiPoint"",""coordinates"":[]}"
4959_0,0.05858931,"{""type"":""MultiPoint"",""coordinates"":[]}"
4960_0,0.088706054,"{""type"":""MultiPoint"",""coordinates"":[]}"
4964_0,0.9984116,"{""type"":""MultiPoint"",""coordinates"":[]}"
4967_0,0.10285099,"{""type"":""MultiPoint"",""coordinates"":[]}"
4968_0,0.027802013,"{""type"":""MultiPoint"",""coordinates"":[]}"
4969_0,0.074546695,"{""type"":""MultiPoint"",""coordinates"":[]}"
4973_0,0.112658255,"{""type"":""MultiPoint"",""coordinates"":[]}"
4974_0,0.069211595,"{""type"":""MultiPoint"",""coordinates"":[]}"
4979_0,0.10440068,"{""type"":""MultiPoint"",""coordinates"":[]}"
4981_0,0.43868947,"{""type"":""MultiPoint"",""coordinates"":[]}"
4985_0,0.26329228,"{""type"":""MultiPoint"",""coordinates"":[]}"
4986_0,0.3544604,"{""type"":""MultiPoint"",""coordinates"":[]}"
4987_0,0.17502892,"{""type"":""MultiPoint"",""coordinates"":[]}"
4989_0,0.059212394,"{""type"":""MultiPoint"",""coordinates"":[]}"
4994_0,0.097328916,"{""type"":""MultiPoint"",""coordinates"":[]}"
4996_0,0.39523908,"{""type"":""MultiPoint"",""coordinates"":[]}"
4997_0,0.1715961,"{""type"":""MultiPoint"",""coordinates"":[]}"
4998_0,0.07642482,"{""type"":""MultiPoint"",""coordinates"":[]}"
4999_0,0.3392879,"{""type"":""MultiPoint"",""coordinates"":[]}"
5008_0,0.059212394,"{""type"":""MultiPoint"",""coordinates"":[]}"
5011_0,0.062192984,"{""type"":""MultiPoint"",""coordinates"":[]}"
5012_0,0.08035148,"{""type"":""MultiPoint"",""coordinates"":[]}"
5013_0,0.09160324,"{""type"":""MultiPoint"",""coordinates"":[]}"
5015_0,0.052616484,"{""type"":""MultiPoint"",""coordinates"":[]}"
5020_0,0.09343831,"{""type"":""MultiPoint"",""coordinates"":[]}"
5025_0,0.043256093,"{""type"":""MultiPoint"",""coordinates"":[]}"
5027_0,0.059212394,"{""type"":""MultiPoint"",""coordinates"":[]}"
5028_0,0.27031934,"{""type"":""MultiPoint"",""coordinates"":[]}"
5031_0,0.019889027,"{""type"":""MultiPoint"",""coordinates"":[]}"
5033_0,0.03567133,"{""type"":""MultiPoint"",""coordinates"":[]}"
5036_0,0.105786815,"{""type"":""MultiPoint"",""coordinates"":[]}"
5040_0,0.35081464,"{""type"":""MultiPoint"",""coordinates"":[]}"
5041_0,0.38262606,"{""type"":""MultiPoint"",""coordinates"":[]}"
5043_0,0.1392212,"{""type"":""MultiPoint"",""coordinates"":[]}"
5044_0,0.019645432,"{""type"":""MultiPoint"",""coordinates"":[]}"
5050_0,0.07902784,"{""type"":""MultiPoint"",""coordinates"":[]}"
5057_0,0.13049436,"{""type"":""MultiPoint"",""coordinates"":[]}"
5058_0,0.08200271,"{""type"":""MultiPoint"",""coordinates"":[]}"
5059_0,0.03010386,"{""type"":""MultiPoint"",""coordinates"":[]}"
5062_0,0.3875038,"{""type"":""MultiPoint"",""coordinates"":[]}"
5064_0,0.09558582,"{""type"":""MultiPoint"",""coordinates"":[]}"
5066_0,0.18877323,"{""type"":""MultiPoint"",""coordinates"":[]}"
5068_0,0.103687,"{""type"":""MultiPoint"",""coordinates"":[]}"
5071_0,0.13333978,"{""type"":""MultiPoint"",""coordinates"":[]}"
5073_0,0.042656254,"{""type"":""MultiPoint"",""coordinates"":[]}"
5074_0,0.13669321,"{""type"":""MultiPoint"",""coordinates"":[]}"
5075_0,0.18456773,"{""type"":""MultiPoint"",""coordinates"":[]}"
5078_0,0.10285099,"{""type"":""MultiPoint"",""coordinates"":[]}"
5081_0,5.226597E-4,"{""type"":""MultiPoint"",""coordinates"":[]}"
5082_0,0.064113006,"{""type"":""MultiPoint"",""coordinates"":[]}"
5084_0,0.06754464,"{""type"":""MultiPoint"",""coordinates"":[]}"
5088_0,0.04315614,"{""type"":""MultiPoint"",""coordinates"":[]}"
5091_0,0.021491943,"{""type"":""MultiPoint"",""coordinates"":[]}"
5092_0,0.7767333,"{""type"":""MultiPoint"",""coordinates"":[]}"
5094_0,0.3392879,"{""type"":""MultiPoint"",""coordinates"":[]}"
5101_0,0.29140612,"{""type"":""MultiPoint"",""coordinates"":[]}"
5107_0,0.3544604,"{""type"":""MultiPoint"",""coordinates"":[]}"
5109_0,0.38050815,"{""type"":""MultiPoint"",""coordinates"":[]}"
5112_0,0.09343831,"{""type"":""MultiPoint"",""coordinates"":[]}"
5113_0,0.32271597,"{""type"":""MultiPoint"",""coordinates"":[]}"
5115_0,0.11084138,"{""type"":""MultiPoint"",""coordinates"":[]}"
5116_0,0.0025054368,"{""type"":""MultiPoint"",""coordinates"":[]}"
5117_0,0.9756715,"{""type"":""MultiPoint"",""coordinates"":[]}"
5119_0,0.021263884,"{""type"":""MultiPoint"",""coordinates"":[]}"
5122_0,0.0024157963,"{""type"":""MultiPoint"",""coordinates"":[]}"
5123_0,0.10328943,"{""type"":""MultiPoint"",""coordinates"":[]}"
5124_0,0.3140383,"{""type"":""MultiPoint"",""coordinates"":[]}"
5125_0,0.11151295,"{""type"":""MultiPoint"",""coordinates"":[]}"
5127_0,0.45575726,"{""type"":""MultiPoint"",""coordinates"":[]}"
5129_0,0.110418975,"{""type"":""MultiPoint"",""coordinates"":[]}"
5130_0,0.023014698,"{""type"":""MultiPoint"",""coordinates"":[]}"
5131_0,0.9737312,"{""type"":""MultiPoint"",""coordinates"":[]}"
5132_0,0.38050815,"{""type"":""MultiPoint"",""coordinates"":[]}"
5138_0,0.9965921,"{""type"":""MultiPoint"",""coordinates"":[]}"
5140_0,0.38246375,"{""type"":""MultiPoint"",""coordinates"":[]}"
5141_0,0.014485282,"{""type"":""MultiPoint"",""coordinates"":[]}"
5144_0,0.7184996,"{""type"":""MultiPoint"",""coordinates"":[]}"
5145_0,0.18877323,"{""type"":""MultiPoint"",""coordinates"":[]}"
5146_0,0.9984116,"{""type"":""MultiPoint"",""coordinates"":[]}"
5149_0,0.2378419,"{""type"":""MultiPoint"",""coordinates"":[]}"
5150_0,0.6231613,"{""type"":""MultiPoint"",""coordinates"":[]}"
5151_0,0.014546178,"{""type"":""MultiPoint"",""coordinates"":[]}"
5152_0,0.031937007,"{""type"":""MultiPoint"",""coordinates"":[]}"
5153_0,0.10046318,"{""type"":""MultiPoint"",""coordinates"":[]}"
5154_0,0.23345903,"{""type"":""MultiPoint"",""coordinates"":[]}"
5159_0,0.024329606,"{""type"":""MultiPoint"",""coordinates"":[]}"
5165_0,0.075928405,"{""type"":""MultiPoint"",""coordinates"":[]}"
5167_0,0.08310655,"{""type"":""MultiPoint"",""coordinates"":[]}"
5168_0,0.08960526,"{""type"":""MultiPoint"",""coordinates"":[]}"
5174_0,0.14292909,"{""type"":""MultiPoint"",""coordinates"":[]}"
5181_0,0.010215646,"{""type"":""MultiPoint"",""coordinates"":[]}"
5182_0,0.08368953,"{""type"":""MultiPoint"",""coordinates"":[]}"
5193_0,0.062192984,"{""type"":""MultiPoint"",""coordinates"":[]}"
5195_0,0.097796425,"{""type"":""MultiPoint"",""coordinates"":[]}"
5198_0,0.9705818,"{""type"":""MultiPoint"",""coordinates"":[]}"
5199_0,0.8762298,"{""type"":""MultiPoint"",""coordinates"":[]}"
5200_0,0.23320597,"{""type"":""MultiPoint"",""coordinates"":[]}"
5201_0,0.3287856,"{""type"":""MultiPoint"",""coordinates"":[]}"
5202_0,0.0014359325,"{""type"":""MultiPoint"",""coordinates"":[]}"
5206_0,0.25047827,"{""type"":""MultiPoint"",""coordinates"":[]}"
5208_0,0.2509121,"{""type"":""MultiPoint"",""coordinates"":[]}"
5211_0,0.23082739,"{""type"":""MultiPoint"",""coordinates"":[]}"
5212_0,0.12646525,"{""type"":""MultiPoint"",""coordinates"":[]}"
5215_0,0.082051955,"{""type"":""MultiPoint"",""coordinates"":[]}"
5216_0,0.11453178,"{""type"":""MultiPoint"",""coordinates"":[]}"
5220_0,0.47509333,"{""type"":""MultiPoint"",""coordinates"":[]}"
5221_0,0.021088053,"{""type"":""MultiPoint"",""coordinates"":[]}"
5225_0,0.05169699,"{""type"":""MultiPoint"",""coordinates"":[]}"
5226_0,0.059212394,"{""type"":""MultiPoint"",""coordinates"":[]}"
5227_0,0.97183,"{""type"":""MultiPoint"",""coordinates"":[]}"
5228_0,0.16892731,"{""type"":""MultiPoint"",""coordinates"":[]}"
5229_0,0.22595128,"{""type"":""MultiPoint"",""coordinates"":[]}"
5231_0,0.7855009,"{""type"":""MultiPoint"",""coordinates"":[]}"
5236_0,0.039151233,"{""type"":""MultiPoint"",""coordinates"":[]}"
5237_0,0.08960526,"{""type"":""MultiPoint"",""coordinates"":[]}"
5241_0,0.0853373,"{""type"":""MultiPoint"",""coordinates"":[]}"
5244_0,0.18339881,"{""type"":""MultiPoint"",""coordinates"":[]}"
5248_0,0.0024798817,"{""type"":""MultiPoint"",""coordinates"":[]}"
5249_0,0.06469379,"{""type"":""MultiPoint"",""coordinates"":[]}"
5251_0,0.28046545,"{""type"":""MultiPoint"",""coordinates"":[]}"
5255_0,0.25047827,"{""type"":""MultiPoint"",""coordinates"":[]}"
5259_0,0.27848837,"{""type"":""MultiPoint"",""coordinates"":[]}"
5261_0,0.040487148,"{""type"":""MultiPoint"",""coordinates"":[]}"
5262_0,0.08368953,"{""type"":""MultiPoint"",""coordinates"":[]}"
5264_0,0.062192984,"{""type"":""MultiPoint"",""coordinates"":[]}"
5267_0,0.22771835,"{""type"":""MultiPoint"",""coordinates"":[]}"
5271_0,0.25650725,"{""type"":""MultiPoint"",""coordinates"":[]}"
5275_0,0.012327017,"{""type"":""MultiPoint"",""coordinates"":[]}"
5279_0,0.038280845,"{""type"":""MultiPoint"",""coordinates"":[]}"
5281_0,0.09343831,"{""type"":""MultiPoint"",""coordinates"":[]}"
5284_0,0.10285099,"{""type"":""MultiPoint"",""coordinates"":[]}"
5286_0,0.22399658,"{""type"":""MultiPoint"",""coordinates"":[]}"
5288_0,0.02278664,"{""type"":""MultiPoint"",""coordinates"":[]}"
5289_0,0.07710661,"{""type"":""MultiPoint"",""coordinates"":[]}"
5293_0,0.030087385,"{""type"":""MultiPoint"",""coordinates"":[]}"
5296_0,0.29140612,"{""type"":""MultiPoint"",""coordinates"":[]}"
5298_0,0.0031699294,"{""type"":""MultiPoint"",""coordinates"":[]}"
5299_0,0.0334492,"{""type"":""MultiPoint"",""coordinates"":[]}"
5300_0,0.92817307,"{""type"":""MultiPoint"",""coordinates"":[]}"
5302_0,0.10285099,"{""type"":""MultiPoint"",""coordinates"":[]}"
5306_0,0.07513506,"{""type"":""MultiPoint"",""coordinates"":[]}"
5312_0,0.26134706,"{""type"":""MultiPoint"",""coordinates"":[]}"
5317_0,0.097796425,"{""type"":""MultiPoint"",""coordinates"":[]}"
5318_0,0.18456773,"{""type"":""MultiPoint"",""coordinates"":[]}"
5319_0,0.40285224,"{""type"":""MultiPoint"",""coordinates"":[]}"
5320_0,0.062192984,"{""type"":""MultiPoint"",""coordinates"":[]}"
5322_0,0.7313624,"{""type"":""MultiPoint"",""coordinates"":[]}"
5325_0,0.35924155,"{""type"":""MultiPoint"",""coordinates"":[]}"
5329_0,0.14271693,"{""type"":""MultiPoint"",""coordinates"":[]}"
5331_0,0.38857648,"{""type"":""MultiPoint"",""coordinates"":[]}"
5332_0,0.0039507416,"{""type"":""MultiPoint"",""coordinates"":[]}"
5338_0,0.11194303,"{""type"":""MultiPoint"",""coordinates"":[]}"
5339_0,0.100524165,"{""type"":""MultiPoint"",""coordinates"":[]}"
5341_0,0.0024157963,"{""type"":""MultiPoint"",""coordinates"":[]}"
5342_0,0.18456773,"{""type"":""MultiPoint"",""coordinates"":[]}"
5344_0,0.14249611,"{""type"":""MultiPoint"",""coordinates"":[]}"
5348_0,0.6178417,"{""type"":""MultiPoint"",""coordinates"":[]}"
5349_0,0.18456773,"{""type"":""MultiPoint"",""coordinates"":[]}"
5352_0,0.074670486,"{""type"":""MultiPoint"",""coordinates"":[]}"
5354_0,0.3675075,"{""type"":""MultiPoint"",""coordinates"":[]}"
5355_0,0.50064844,"{""type"":""MultiPoint"",""coordinates"":[]}"
5356_0,0.16784386,"{""type"":""MultiPoint"",""coordinates"":[]}"
5357_0,0.10285099,"{""type"":""MultiPoint"",""coordinates"":[]}"
5358_0,0.10695041,"{""type"":""MultiPoint"",""coordinates"":[]}"
5359_0,0.4802776,"{""type"":""MultiPoint"",""coordinates"":[]}"
5365_0,0.060817193,"{""type"":""MultiPoint"",""coordinates"":[]}"
5367_0,0.09281513,"{""type"":""MultiPoint"",""coordinates"":[]}"
5369_0,0.04269243,"{""type"":""MultiPoint"",""coordinates"":[]}"
5370_0,0.103687,"{""type"":""MultiPoint"",""coordinates"":[]}"
5373_0,0.2786403,"{""type"":""MultiPoint"",""coordinates"":[]}"
5375_0,0.110418975,"{""type"":""MultiPoint"",""coordinates"":[]}"
5378_0,0.18456773,"{""type"":""MultiPoint"",""coordinates"":[]}"
5382_0,0.9984116,"{""type"":""MultiPoint"",""coordinates"":[]}"
5383_0,0.0024157963,"{""type"":""MultiPoint"",""coordinates"":[]}"
5384_0,0.28666985,"{""type"":""MultiPoint"",""coordinates"":[]}"
5385_0,0.053770866,"{""type"":""MultiPoint"",""coordinates"":[]}"
5387_0,0.08960526,"{""type"":""MultiPoint"",""coordinates"":[]}"
5392_0,0.04190955,"{""type"":""MultiPoint"",""coordinates"":[]}"
5393_0,0.21194719,"{""type"":""MultiPoint"",""coordinates"":[]}"
5396_0,0.0686927,"{""type"":""MultiPoint"",""coordinates"":[]}"
5397_0,0.060817193,"{""type"":""MultiPoint"",""coordinates"":[]}"
5398_0,0.09179158,"{""type"":""MultiPoint"",""coordinates"":[]}"
5404_0,0.10059872,"{""type"":""MultiPoint"",""coordinates"":[]}"
5408_0,0.26922488,"{""type"":""MultiPoint"",""coordinates"":[]}"
5412_0,0.17365438,"{""type"":""MultiPoint"",""coordinates"":[]}"
5415_0,0.25589645,"{""type"":""MultiPoint"",""coordinates"":[]}"
5418_0,0.021491943,"{""type"":""MultiPoint"",""coordinates"":[]}"
5419_0,0.1824111,"{""type"":""MultiPoint"",""coordinates"":[]}"
5421_0,0.08250383,"{""type"":""MultiPoint"",""coordinates"":[]}"
5422_0,0.105786815,"{""type"":""MultiPoint"",""coordinates"":[]}"
5424_0,0.021491943,"{""type"":""MultiPoint"",""coordinates"":[]}"
5425_0,0.40247852,"{""type"":""MultiPoint"",""coordinates"":[]}"
5430_0,0.11834879,"{""type"":""MultiPoint"",""coordinates"":[]}"
5433_0,0.4612411,"{""type"":""MultiPoint"",""coordinates"":[]}"
5434_0,0.07870284,"{""type"":""MultiPoint"",""coordinates"":[]}"
5435_0,8.924882E-4,"{""type"":""MultiPoint"",""coordinates"":[]}"
5440_0,0.9939764,"{""type"":""MultiPoint"",""coordinates"":[]}"
5443_0,0.103687,"{""type"":""MultiPoint"",""coordinates"":[]}"
5444_0,0.20938267,"{""type"":""MultiPoint"",""coordinates"":[]}"
5445_0,0.02972887,"{""type"":""MultiPoint"",""coordinates"":[]}"
5446_0,0.33717155,"{""type"":""MultiPoint"",""coordinates"":[]}"
5447_0,0.0767264,"{""type"":""MultiPoint"",""coordinates"":[]}"
5455_0,0.09343831,"{""type"":""MultiPoint"",""coordinates"":[]}"
5456_0,0.49899834,"{""type"":""MultiPoint"",""coordinates"":[]}"
5460_0,0.1075159,"{""type"":""MultiPoint"",""coordinates"":[]}"
5461_0,0.01783398,"{""type"":""MultiPoint"",""coordinates"":[]}"
5464_0,0.021119766,"{""type"":""MultiPoint"",""coordinates"":[]}"
5465_0,0.1416121,"{""type"":""MultiPoint"",""coordinates"":[]}"
5467_0,0.22559902,"{""type"":""MultiPoint"",""coordinates"":[]}"
5468_0,0.010215646,"{""type"":""MultiPoint"",""coordinates"":[]}"
5469_0,0.1093405,"{""type"":""MultiPoint"",""coordinates"":[]}"
5471_0,0.06338346,"{""type"":""MultiPoint"",""coordinates"":[]}"
5472_0,0.18496272,"{""type"":""MultiPoint"",""coordinates"":[]}"
5473_0,0.17604549,"{""type"":""MultiPoint"",""coordinates"":[]}"
5474_0,0.5110848,"{""type"":""MultiPoint"",""coordinates"":[]}"
5477_0,0.9628215,"{""type"":""MultiPoint"",""coordinates"":[]}"
5482_0,0.983335,"{""type"":""MultiPoint"",""coordinates"":[]}"
5485_0,0.03296321,"{""type"":""MultiPoint"",""coordinates"":[]}"
5486_0,0.05285938,"{""type"":""MultiPoint"",""coordinates"":[]}"
5487_0,0.26922488,"{""type"":""MultiPoint"",""coordinates"":[]}"
5490_0,0.14827345,"{""type"":""MultiPoint"",""coordinates"":[]}"
5492_0,0.25650725,"{""type"":""MultiPoint"",""coordinates"":[]}"
5499_0,0.08250383,"{""type"":""MultiPoint"",""coordinates"":[]}"
5502_0,0.0011213826,"{""type"":""MultiPoint"",""coordinates"":[]}"
5506_0,0.17375225,"{""type"":""MultiPoint"",""coordinates"":[]}"
5509_0,0.22559902,"{""type"":""MultiPoint"",""coordinates"":[]}"
5510_0,0.37835065,"{""type"":""MultiPoint"",""coordinates"":[]}"
5511_0,0.035140686,"{""type"":""MultiPoint"",""coordinates"":[]}"
5513_0,0.064862125,"{""type"":""MultiPoint"",""coordinates"":[]}"
5514_0,0.11084138,"{""type"":""MultiPoint"",""coordinates"":[]}"
5516_0,0.34370068,"{""type"":""MultiPoint"",""coordinates"":[]}"
5520_0,0.19359218,"{""type"":""MultiPoint"",""coordinates"":[]}"
5524_0,0.105786815,"{""type"":""MultiPoint"",""coordinates"":[]}"
5527_0,0.08983014,"{""type"":""MultiPoint"",""coordinates"":[]}"
5529_0,0.061727386,"{""type"":""MultiPoint"",""coordinates"":[]}"
5530_0,0.09554416,"{""type"":""MultiPoint"",""coordinates"":[]}"
5531_0,0.29140612,"{""type"":""MultiPoint"",""coordinates"":[]}"
5536_0,0.08271224,"{""type"":""MultiPoint"",""coordinates"":[]}"
5537_0,0.101649106,"{""type"":""MultiPoint"",""coordinates"":[]}"
5538_0,0.025693836,"{""type"":""MultiPoint"",""coordinates"":[]}"
5539_0,0.10956627,"{""type"":""MultiPoint"",""coordinates"":[]}"
5545_0,0.010467444,"{""type"":""MultiPoint"",""coordinates"":[]}"
5550_0,0.033504214,"{""type"":""MultiPoint"",""coordinates"":[]}"
5552_0,0.063124426,"{""type"":""MultiPoint"",""coordinates"":[]}"
5553_0,0.11579308,"{""type"":""MultiPoint"",""coordinates"":[]}"
5554_0,0.10285099,"{""type"":""MultiPoint"",""coordinates"":[]}"
5557_0,0.049695406,"{""type"":""MultiPoint"",""coordinates"":[]}"
5559_0,0.23077728,"{""type"":""MultiPoint"",""coordinates"":[]}"
5560_0,0.366994,"{""type"":""MultiPoint"",""coordinates"":[]}"
5561_0,0.049863707,"{""type"":""MultiPoint"",""coordinates"":[]}"
5562_0,0.09864969,"{""type"":""MultiPoint"",""coordinates"":[]}"
5564_0,0.17902705,"{""type"":""MultiPoint"",""coordinates"":[]}"
5566_0,0.07874626,"{""type"":""MultiPoint"",""coordinates"":[]}"
5571_0,0.010519682,"{""type"":""MultiPoint"",""coordinates"":[]}"
5579_0,0.25626782,"{""type"":""MultiPoint"",""coordinates"":[]}"
5582_0,0.10285099,"{""type"":""MultiPoint"",""coordinates"":[]}"
5583_0,0.17796138,"{""type"":""MultiPoint"",""coordinates"":[]}"
5585_0,0.05804437,"{""type"":""MultiPoint"",""coordinates"":[]}"
5587_0,0.11707677,"{""type"":""MultiPoint"",""coordinates"":[]}"
5590_0,0.11374652,"{""type"":""MultiPoint"",""coordinates"":[]}"
5592_0,0.06733112,"{""type"":""MultiPoint"",""coordinates"":[]}"
5597_0,0.0850703,"{""type"":""MultiPoint"",""coordinates"":[]}"
5599_0,0.110263735,"{""type"":""MultiPoint"",""coordinates"":[]}"
5601_0,0.2944757,"{""type"":""MultiPoint"",""coordinates"":[]}"
5603_0,0.2438891,"{""type"":""MultiPoint"",""coordinates"":[]}"
5605_0,0.037136648,"{""type"":""MultiPoint"",""coordinates"":[]}"
5609_0,0.1093405,"{""type"":""MultiPoint"",""coordinates"":[]}"
5610_0,0.048354834,"{""type"":""MultiPoint"",""coordinates"":[]}"
5612_0,0.22559902,"{""type"":""MultiPoint"",""coordinates"":[]}"
5613_0,0.5197454,"{""type"":""MultiPoint"",""coordinates"":[]}"
5619_0,0.14349818,"{""type"":""MultiPoint"",""coordinates"":[]}"
5621_0,0.09343831,"{""type"":""MultiPoint"",""coordinates"":[]}"
5623_0,0.7357671,"{""type"":""MultiPoint"",""coordinates"":[]}"
5624_0,0.6160909,"{""type"":""MultiPoint"",""coordinates"":[]}"
5625_0,0.033794787,"{""type"":""MultiPoint"",""coordinates"":[]}"
5627_0,0.03934034,"{""type"":""MultiPoint"",""coordinates"":[]}"
5631_0,0.049782693,"{""type"":""MultiPoint"",""coordinates"":[]}"
5635_0,0.090327226,"{""type"":""MultiPoint"",""coordinates"":[]}"
5636_0,0.050877232,"{""type"":""MultiPoint"",""coordinates"":[]}"
5637_0,0.15024994,"{""type"":""MultiPoint"",""coordinates"":[]}"
5639_0,0.20392393,"{""type"":""MultiPoint"",""coordinates"":[]}"
5642_0,0.030385124,"{""type"":""MultiPoint"",""coordinates"":[]}"
5643_0,0.062192984,"{""type"":""MultiPoint"",""coordinates"":[]}"
5646_0,0.80302227,"{""type"":""MultiPoint"",""coordinates"":[]}"
5647_0,0.6002986,"{""type"":""MultiPoint"",""coordinates"":[]}"
5649_0,0.42129546,"{""type"":""MultiPoint"",""coordinates"":[]}"
5651_0,0.2959227,"{""type"":""MultiPoint"",""coordinates"":[]}"
5654_0,0.053291447,"{""type"":""MultiPoint"",""coordinates"":[]}"
5655_0,0.08016755,"{""type"":""MultiPoint"",""coordinates"":[]}"
5659_0,0.37606007,"{""type"":""MultiPoint"",""coordinates"":[]}"
5661_0,0.17972563,"{""type"":""MultiPoint"",""coordinates"":[]}"
5664_0,0.100524165,"{""type"":""MultiPoint"",""coordinates"":[]}"
5665_0,0.24177404,"{""type"":""MultiPoint"",""coordinates"":[]}"
5668_0,0.109185554,"{""type"":""MultiPoint"",""coordinates"":[]}"
5669_0,0.1393711,"{""type"":""MultiPoint"",""coordinates"":[]}"
5670_0,0.18456773,"{""type"":""MultiPoint"",""coordinates"":[]}"
5671_0,0.3544604,"{""type"":""MultiPoint"",""coordinates"":[]}"
5672_0,0.5610837,"{""type"":""MultiPoint"",""coordinates"":[]}"
5674_0,0.114047475,"{""type"":""MultiPoint"",""coordinates"":[]}"
5679_0,0.037136648,"{""type"":""MultiPoint"",""coordinates"":[]}"
5683_0,0.14462978,"{""type"":""MultiPoint"",""coordinates"":[]}"
5684_0,0.4112083,"{""type"":""MultiPoint"",""coordinates"":[]}"
5687_0,0.05064461,"{""type"":""MultiPoint"",""coordinates"":[]}"
5688_0,0.097796425,"{""type"":""MultiPoint"",""coordinates"":[]}"
5692_0,0.18456773,"{""type"":""MultiPoint"",""coordinates"":[]}"
5694_0,0.112022206,"{""type"":""MultiPoint"",""coordinates"":[]}"
5696_0,0.29140612,"{""type"":""MultiPoint"",""coordinates"":[]}"
5697_0,0.18456773,"{""type"":""MultiPoint"",""coordinates"":[]}"
5706_0,0.076491505,"{""type"":""MultiPoint"",""coordinates"":[]}"
5707_0,0.18998411,"{""type"":""MultiPoint"",""coordinates"":[]}"
5709_0,0.14462978,"{""type"":""MultiPoint"",""coordinates"":[]}"
5712_0,0.34201124,"{""type"":""MultiPoint"",""coordinates"":[]}"
5714_0,0.28131342,"{""type"":""MultiPoint"",""coordinates"":[]}"
5715_0,0.10285099,"{""type"":""MultiPoint"",""coordinates"":[]}"
5716_0,0.06765379,"{""type"":""MultiPoint"",""coordinates"":[]}"
5719_0,0.13676614,"{""type"":""MultiPoint"",""coordinates"":[]}"
5720_0,0.14509308,"{""type"":""MultiPoint"",""coordinates"":[]}"
5721_0,0.37620056,"{""type"":""MultiPoint"",""coordinates"":[]}"
5722_0,0.0025054368,"{""type"":""MultiPoint"",""coordinates"":[]}"
5726_0,0.115032494,"{""type"":""MultiPoint"",""coordinates"":[]}"
5729_0,0.0049010036,"{""type"":""MultiPoint"",""coordinates"":[]}"
5730_0,0.059429772,"{""type"":""MultiPoint"",""coordinates"":[]}"
5732_0,0.10061891,"{""type"":""MultiPoint"",""coordinates"":[]}"
5734_0,0.04929287,"{""type"":""MultiPoint"",""coordinates"":[]}"
5739_0,0.6924217,"{""type"":""MultiPoint"",""coordinates"":[]}"
5741_0,0.07526206,"{""type"":""MultiPoint"",""coordinates"":[]}"
5742_0,0.059212394,"{""type"":""MultiPoint"",""coordinates"":[]}"
5744_0,0.115032494,"{""type"":""MultiPoint"",""coordinates"":[]}"
5745_0,0.026842505,"{""type"":""MultiPoint"",""coordinates"":[]}"
5748_0,0.105786815,"{""type"":""MultiPoint"",""coordinates"":[]}"
5750_0,0.06460922,"{""type"":""MultiPoint"",""coordinates"":[]}"
5753_0,0.14661965,"{""type"":""MultiPoint"",""coordinates"":[]}"
5757_0,0.99708134,"{""type"":""MultiPoint"",""coordinates"":[]}"
5759_0,0.013554166,"{""type"":""MultiPoint"",""coordinates"":[]}"
5760_0,0.002808498,"{""type"":""MultiPoint"",""coordinates"":[]}"
5761_0,0.10059872,"{""type"":""MultiPoint"",""coordinates"":[]}"
5762_0,0.061440054,"{""type"":""MultiPoint"",""coordinates"":[]}"
5768_0,0.0959975,"{""type"":""MultiPoint"",""coordinates"":[]}"
5769_0,0.0755203,"{""type"":""MultiPoint"",""coordinates"":[]}"
5774_0,0.18998411,"{""type"":""MultiPoint"",""coordinates"":[]}"
5775_0,0.19700466,"{""type"":""MultiPoint"",""coordinates"":[]}"
5778_0,0.063124426,"{""type"":""MultiPoint"",""coordinates"":[]}"
5780_0,0.4976047,"{""type"":""MultiPoint"",""coordinates"":[]}"
5790_0,0.0879931,"{""type"":""MultiPoint"",""coordinates"":[]}"
5791_0,0.0031699294,"{""type"":""MultiPoint"",""coordinates"":[]}"
5792_0,0.18456773,"{""type"":""MultiPoint"",""coordinates"":[]}"
5794_0,0.07264655,"{""type"":""MultiPoint"",""coordinates"":[]}"
5796_0,0.07661565,"{""type"":""MultiPoint"",""coordinates"":[]}"
5798_0,0.3734241,"{""type"":""MultiPoint"",""coordinates"":[]}"
5800_0,0.2438891,"{""type"":""MultiPoint"",""coordinates"":[]}"
5804_0,0.07642482,"{""type"":""MultiPoint"",""coordinates"":[]}"
5805_0,0.10285099,"{""type"":""MultiPoint"",""coordinates"":[]}"
5809_0,0.07566623,"{""type"":""MultiPoint"",""coordinates"":[]}"
5811_0,0.10710071,"{""type"":""MultiPoint"",""coordinates"":[]}"
5825_0,0.075928405,"{""type"":""MultiPoint"",""coordinates"":[]}"
5826_0,0.15024994,"{""type"":""MultiPoint"",""coordinates"":[]}"
5828_0,0.980853,"{""type"":""MultiPoint"",""coordinates"":[]}"
5831_0,0.022064786,"{""type"":""MultiPoint"",""coordinates"":[]}"
5832_0,0.088205114,"{""type"":""MultiPoint"",""coordinates"":[]}"
5833_0,0.08753381,"{""type"":""MultiPoint"",""coordinates"":[]}"
5834_0,0.24177404,"{""type"":""MultiPoint"",""coordinates"":[]}"
5837_0,0.14462978,"{""type"":""MultiPoint"",""coordinates"":[]}"
5839_0,0.11975249,"{""type"":""MultiPoint"",""coordinates"":[]}"
5845_0,0.25047827,"{""type"":""MultiPoint"",""coordinates"":[]}"
5848_0,0.4808693,"{""type"":""MultiPoint"",""coordinates"":[]}"
5849_0,0.40285224,"{""type"":""MultiPoint"",""coordinates"":[]}"
5853_0,0.03296321,"{""type"":""MultiPoint"",""coordinates"":[]}"
5854_0,0.31727493,"{""type"":""MultiPoint"",""coordinates"":[]}"
5857_0,0.24355017,"{""type"":""MultiPoint"",""coordinates"":[]}"
5858_0,0.0394049,"{""type"":""MultiPoint"",""coordinates"":[]}"
5859_0,0.5364599,"{""type"":""MultiPoint"",""coordinates"":[]}"
5861_0,0.09554416,"{""type"":""MultiPoint"",""coordinates"":[]}"
5863_0,0.090327226,"{""type"":""MultiPoint"",""coordinates"":[]}"
5864_0,0.08540255,"{""type"":""MultiPoint"",""coordinates"":[]}"
5865_0,0.32196933,"{""type"":""MultiPoint"",""coordinates"":[]}"
5868_0,0.17859034,"{""type"":""MultiPoint"",""coordinates"":[]}"
5871_0,0.07870284,"{""type"":""MultiPoint"",""coordinates"":[]}"
5873_0,0.07766542,"{""type"":""MultiPoint"",""coordinates"":[]}"
5877_0,0.07807663,"{""type"":""MultiPoint"",""coordinates"":[]}"
5878_0,0.16510339,"{""type"":""MultiPoint"",""coordinates"":[]}"
5881_0,0.41358295,"{""type"":""MultiPoint"",""coordinates"":[]}"
5887_0,0.010378274,"{""type"":""MultiPoint"",""coordinates"":[]}"
5890_0,0.51943034,"{""type"":""MultiPoint"",""coordinates"":[]}"
5896_0,0.075928405,"{""type"":""MultiPoint"",""coordinates"":[]}"
5899_0,0.27398747,"{""type"":""MultiPoint"",""coordinates"":[]}"
5900_0,0.7695759,"{""type"":""MultiPoint"",""coordinates"":[]}"
5901_0,0.08122719,"{""type"":""MultiPoint"",""coordinates"":[]}"
5904_0,0.097796425,"{""type"":""MultiPoint"",""coordinates"":[]}"
5905_0,0.097796425,"{""type"":""MultiPoint"",""coordinates"":[]}"
5911_0,0.60212135,"{""type"":""MultiPoint"",""coordinates"":[]}"
5912_0,0.1393711,"{""type"":""MultiPoint"",""coordinates"":[]}"
5914_0,0.23077728,"{""type"":""MultiPoint"",""coordinates"":[]}"
5915_0,0.03046439,"{""type"":""MultiPoint"",""coordinates"":[]}"
5916_0,0.11084138,"{""type"":""MultiPoint"",""coordinates"":[]}"
5921_0,0.019036612,"{""type"":""MultiPoint"",""coordinates"":[]}"
5924_0,0.2382989,"{""type"":""MultiPoint"",""coordinates"":[]}"
5925_0,0.10771803,"{""type"":""MultiPoint"",""coordinates"":[]}"
5926_0,0.019169748,"{""type"":""MultiPoint"",""coordinates"":[]}"
5928_0,0.12343565,"{""type"":""MultiPoint"",""coordinates"":[]}"
5930_0,0.2701993,"{""type"":""MultiPoint"",""coordinates"":[]}"
5936_0,0.17502892,"{""type"":""MultiPoint"",""coordinates"":[]}"
5943_0,0.097796425,"{""type"":""MultiPoint"",""coordinates"":[]}"
5945_0,0.46497604,"{""type"":""MultiPoint"",""coordinates"":[]}"
5947_0,0.075081296,"{""type"":""MultiPoint"",""coordinates"":[]}"
5948_0,0.03532275,"{""type"":""MultiPoint"",""coordinates"":[]}"
5949_0,0.15640637,"{""type"":""MultiPoint"",""coordinates"":[]}"
5951_0,0.20752937,"{""type"":""MultiPoint"",""coordinates"":[]}"
5956_0,0.07898308,"{""type"":""MultiPoint"",""coordinates"":[]}"
5959_0,0.075081296,"{""type"":""MultiPoint"",""coordinates"":[]}"
5963_0,0.060817193,"{""type"":""MultiPoint"",""coordinates"":[]}"
5968_0,0.14059225,"{""type"":""MultiPoint"",""coordinates"":[]}"
5971_0,0.06918103,"{""type"":""MultiPoint"",""coordinates"":[]}"
5974_0,0.076491505,"{""type"":""MultiPoint"",""coordinates"":[]}"
5977_0,0.10285099,"{""type"":""MultiPoint"",""coordinates"":[]}"
5980_0,0.24883893,"{""type"":""MultiPoint"",""coordinates"":[]}"
5985_0,0.10652547,"{""type"":""MultiPoint"",""coordinates"":[]}"
5991_0,0.03296321,"{""type"":""MultiPoint"",""coordinates"":[]}"
5994_0,0.062192984,"{""type"":""MultiPoint"",""coordinates"":[]}"
5995_0,0.11975249,"{""type"":""MultiPoint"",""coordinates"":[]}"
5999_0,0.08124806,"{""type"":""MultiPoint"",""coordinates"":[]}"
6000_0,0.7960194,"{""type"":""MultiPoint"",""coordinates"":[]}"
6002_0,0.105786815,"{""type"":""MultiPoint"",""coordinates"":[]}"
6005_0,0.96232575,"{""type"":""MultiPoint"",""coordinates"":[]}"
6008_0,0.022384467,"{""type"":""MultiPoint"",""coordinates"":[]}"
6009_0,0.3392879,"{""type"":""MultiPoint"",""coordinates"":[]}"
6012_0,0.49125612,"{""type"":""MultiPoint"",""coordinates"":[]}"
6013_0,0.002808498,"{""type"":""MultiPoint"",""coordinates"":[]}"
6016_0,0.073374644,"{""type"":""MultiPoint"",""coordinates"":[]}"
6017_0,0.40898508,"{""type"":""MultiPoint"",""coordinates"":[]}"
6025_0,0.15039869,"{""type"":""MultiPoint"",""coordinates"":[]}"
6027_0,0.10630077,"{""type"":""MultiPoint"",""coordinates"":[]}"
6028_0,0.49424827,"{""type"":""MultiPoint"",""coordinates"":[]}"
6030_0,0.06589319,"{""type"":""MultiPoint"",""coordinates"":[]}"
6035_0,0.105786815,"{""type"":""MultiPoint"",""coordinates"":[]}"
6039_0,0.0035255025,"{""type"":""MultiPoint"",""coordinates"":[]}"
6040_0,0.08250383,"{""type"":""MultiPoint"",""coordinates"":[]}"
6041_0,0.17502892,"{""type"":""MultiPoint"",""coordinates"":[]}"
6043_0,0.035375528,"{""type"":""MultiPoint"",""coordinates"":[]}"
6044_0,0.08602925,"{""type"":""MultiPoint"",""coordinates"":[]}"
6045_0,0.36359498,"{""type"":""MultiPoint"",""coordinates"":[]}"
6046_0,0.43868947,"{""type"":""MultiPoint"",""coordinates"":[]}"
6047_0,0.11332972,"{""type"":""MultiPoint"",""coordinates"":[]}"
6048_0,0.7184996,"{""type"":""MultiPoint"",""coordinates"":[]}"
6049_0,0.17502892,"{""type"":""MultiPoint"",""coordinates"":[]}"
6050_0,0.13127942,"{""type"":""MultiPoint"",""coordinates"":[]}"
6054_0,0.18456773,"{""type"":""MultiPoint"",""coordinates"":[]}"
6055_0,0.28195822,"{""type"":""MultiPoint"",""coordinates"":[]}"
6056_0,0.8528581,"{""type"":""MultiPoint"",""coordinates"":[]}"
6057_0,0.10285099,"{""type"":""MultiPoint"",""coordinates"":[]}"
6058_0,0.06765379,"{""type"":""MultiPoint"",""coordinates"":[]}"
6061_0,0.10285099,"{""type"":""MultiPoint"",""coordinates"":[]}"
6067_0,0.10829289,"{""type"":""MultiPoint"",""coordinates"":[]}"
6068_0,0.95709825,"{""type"":""MultiPoint"",""coordinates"":[]}"
6071_0,0.10285099,"{""type"":""MultiPoint"",""coordinates"":[]}"
6072_0,0.0025054368,"{""type"":""MultiPoint"",""coordinates"":[]}"
6074_0,0.25047827,"{""type"":""MultiPoint"",""coordinates"":[]}"
6075_0,0.09460962,"{""type"":""MultiPoint"",""coordinates"":[]}"
6077_0,0.10631123,"{""type"":""MultiPoint"",""coordinates"":[]}"
6080_0,0.11629032,"{""type"":""MultiPoint"",""coordinates"":[]}"
6082_0,0.11457911,"{""type"":""MultiPoint"",""coordinates"":[]}"
6087_0,0.22559902,"{""type"":""MultiPoint"",""coordinates"":[]}"
6089_0,8.9468097E-4,"{""type"":""MultiPoint"",""coordinates"":[]}"
6091_0,0.18098575,"{""type"":""MultiPoint"",""coordinates"":[]}"
6098_0,0.17204231,"{""type"":""MultiPoint"",""coordinates"":[]}"
6099_0,0.3544604,"{""type"":""MultiPoint"",""coordinates"":[]}"
6100_0,0.020500967,"{""type"":""MultiPoint"",""coordinates"":[]}"
6103_0,0.18887578,"{""type"":""MultiPoint"",""coordinates"":[]}"
6104_0,0.2889387,"{""type"":""MultiPoint"",""coordinates"":[]}"
6113_0,0.107677706,"{""type"":""MultiPoint"",""coordinates"":[]}"
6118_0,0.19359218,"{""type"":""MultiPoint"",""coordinates"":[]}"
6119_0,0.36119714,"{""type"":""MultiPoint"",""coordinates"":[]}"
6121_0,0.10651422,"{""type"":""MultiPoint"",""coordinates"":[]}"
6122_0,0.010506667,"{""type"":""MultiPoint"",""coordinates"":[]}"
6130_0,0.10285099,"{""type"":""MultiPoint"",""coordinates"":[]}"
6134_0,0.021119766,"{""type"":""MultiPoint"",""coordinates"":[]}"
6135_0,0.006431945,"{""type"":""MultiPoint"",""coordinates"":[]}"
6136_0,0.2438891,"{""type"":""MultiPoint"",""coordinates"":[]}"
6141_0,0.18877323,"{""type"":""MultiPoint"",""coordinates"":[]}"
6142_0,0.06765379,"{""type"":""MultiPoint"",""coordinates"":[]}"
6146_0,0.14453343,"{""type"":""MultiPoint"",""coordinates"":[]}"
6147_0,0.0850703,"{""type"":""MultiPoint"",""coordinates"":[]}"
6148_0,0.25192103,"{""type"":""MultiPoint"",""coordinates"":[]}"
6153_0,0.6246548,"{""type"":""MultiPoint"",""coordinates"":[]}"
6159_0,0.011621363,"{""type"":""MultiPoint"",""coordinates"":[]}"
6164_0,0.3392879,"{""type"":""MultiPoint"",""coordinates"":[]}"
6165_0,0.48827368,"{""type"":""MultiPoint"",""coordinates"":[]}"
6167_0,0.4247521,"{""type"":""MultiPoint"",""coordinates"":[]}"
6170_0,0.08851832,"{""type"":""MultiPoint"",""coordinates"":[]}"
6174_0,0.24355017,"{""type"":""MultiPoint"",""coordinates"":[]}"
6176_0,0.25192103,"{""type"":""MultiPoint"",""coordinates"":[]}"
6177_0,0.094899856,"{""type"":""MultiPoint"",""coordinates"":[]}"
6179_0,0.105786815,"{""type"":""MultiPoint"",""coordinates"":[]}"
6183_0,0.10285099,"{""type"":""MultiPoint"",""coordinates"":[]}"
6184_0,0.10252295,"{""type"":""MultiPoint"",""coordinates"":[]}"
6185_0,0.28627717,"{""type"":""MultiPoint"",""coordinates"":[]}"
6189_0,0.1110861,"{""type"":""MultiPoint"",""coordinates"":[]}"
6191_0,0.18998411,"{""type"":""MultiPoint"",""coordinates"":[]}"
6195_0,0.23861223,"{""type"":""MultiPoint"",""coordinates"":[]}"
6203_0,0.97914904,"{""type"":""MultiPoint"",""coordinates"":[]}"
6204_0,0.09554416,"{""type"":""MultiPoint"",""coordinates"":[]}"
6207_0,0.18998411,"{""type"":""MultiPoint"",""coordinates"":[]}"
6208_0,0.44020504,"{""type"":""MultiPoint"",""coordinates"":[]}"
6210_0,0.08045806,"{""type"":""MultiPoint"",""coordinates"":[]}"
6213_0,0.08602925,"{""type"":""MultiPoint"",""coordinates"":[]}"
6216_0,0.2595038,"{""type"":""MultiPoint"",""coordinates"":[]}"
6221_0,0.09343831,"{""type"":""MultiPoint"",""coordinates"":[]}"
6222_0,0.18998411,"{""type"":""MultiPoint"",""coordinates"":[]}"
6224_0,0.012233182,"{""type"":""MultiPoint"",""coordinates"":[]}"
6227_0,0.12755437,"{""type"":""MultiPoint"",""coordinates"":[]}"
6228_0,0.08602925,"{""type"":""MultiPoint"",""coordinates"":[]}"
6233_0,0.11490105,"{""type"":""MultiPoint"",""coordinates"":[]}"
6234_0,0.3731105,"{""type"":""MultiPoint"",""coordinates"":[]}"
6238_0,0.12343565,"{""type"":""MultiPoint"",""coordinates"":[]}"
6240_0,0.38590002,"{""type"":""MultiPoint"",""coordinates"":[]}"
6242_0,0.10285099,"{""type"":""MultiPoint"",""coordinates"":[]}"
6244_0,0.10061891,"{""type"":""MultiPoint"",""coordinates"":[]}"
6246_0,0.01394184,"{""type"":""MultiPoint"",""coordinates"":[]}"
6249_0,0.25589645,"{""type"":""MultiPoint"",""coordinates"":[]}"
6254_0,0.38543224,"{""type"":""MultiPoint"",""coordinates"":[]}"
6255_0,0.25010142,"{""type"":""MultiPoint"",""coordinates"":[]}"
6262_0,0.075928405,"{""type"":""MultiPoint"",""coordinates"":[]}"
6263_0,0.24009055,"{""type"":""MultiPoint"",""coordinates"":[]}"
6264_0,0.5178324,"{""type"":""MultiPoint"",""coordinates"":[]}"
6266_0,0.11150214,"{""type"":""MultiPoint"",""coordinates"":[]}"
6269_0,0.060817193,"{""type"":""MultiPoint"",""coordinates"":[]}"
6271_0,0.22559902,"{""type"":""MultiPoint"",""coordinates"":[]}"
6272_0,0.03363471,"{""type"":""MultiPoint"",""coordinates"":[]}"
6273_0,0.099711925,"{""type"":""MultiPoint"",""coordinates"":[]}"
6278_0,0.28268552,"{""type"":""MultiPoint"",""coordinates"":[]}"
6280_0,0.2900603,"{""type"":""MultiPoint"",""coordinates"":[]}"
6281_0,0.059212394,"{""type"":""MultiPoint"",""coordinates"":[]}"
6282_0,0.6706327,"{""type"":""MultiPoint"",""coordinates"":[]}"
6284_0,0.11579308,"{""type"":""MultiPoint"",""coordinates"":[]}"
6285_0,0.18877323,"{""type"":""MultiPoint"",""coordinates"":[]}"
6290_0,0.039077517,"{""type"":""MultiPoint"",""coordinates"":[]}"
6292_0,0.6160909,"{""type"":""MultiPoint"",""coordinates"":[]}"
6293_0,0.0014712473,"{""type"":""MultiPoint"",""coordinates"":[]}"
6295_0,0.020205168,"{""type"":""MultiPoint"",""coordinates"":[]}"
6296_0,0.097796425,"{""type"":""MultiPoint"",""coordinates"":[]}"
6297_0,0.18998411,"{""type"":""MultiPoint"",""coordinates"":[]}"
6298_0,0.14301676,"{""type"":""MultiPoint"",""coordinates"":[]}"
6300_0,0.03296321,"{""type"":""MultiPoint"",""coordinates"":[]}"
6302_0,0.51148653,"{""type"":""MultiPoint"",""coordinates"":[]}"
6303_0,0.011621363,"{""type"":""MultiPoint"",""coordinates"":[]}"
6306_0,0.09799205,"{""type"":""MultiPoint"",""coordinates"":[]}"
6308_0,0.097796425,"{""type"":""MultiPoint"",""coordinates"":[]}"
6312_0,0.04344125,"{""type"":""MultiPoint"",""coordinates"":[]}"
6313_0,0.0021370747,"{""type"":""MultiPoint"",""coordinates"":[]}"
6316_0,0.09343831,"{""type"":""MultiPoint"",""coordinates"":[]}"
6324_0,0.04929287,"{""type"":""MultiPoint"",""coordinates"":[]}"
6325_0,0.103556536,"{""type"":""MultiPoint"",""coordinates"":[]}"
6328_0,0.2509121,"{""type"":""MultiPoint"",""coordinates"":[]}"
6332_0,0.16784386,"{""type"":""MultiPoint"",""coordinates"":[]}"
6333_0,0.10285099,"{""type"":""MultiPoint"",""coordinates"":[]}"
6337_0,0.946909,"{""type"":""MultiPoint"",""coordinates"":[]}"
6340_0,0.09554416,"{""type"":""MultiPoint"",""coordinates"":[]}"
6341_0,0.10980927,"{""type"":""MultiPoint"",""coordinates"":[]}"
6346_0,0.32951292,"{""type"":""MultiPoint"",""coordinates"":[]}"
6351_0,0.30367884,"{""type"":""MultiPoint"",""coordinates"":[]}"
6355_0,0.33717155,"{""type"":""MultiPoint"",""coordinates"":[]}"
6360_0,0.35819057,"{""type"":""MultiPoint"",""coordinates"":[]}"
6361_0,0.18144183,"{""type"":""MultiPoint"",""coordinates"":[]}"
6362_0,0.39829385,"{""type"":""MultiPoint"",""coordinates"":[]}"
6363_0,0.022384467,"{""type"":""MultiPoint"",""coordinates"":[]}"
6368_0,0.14729375,"{""type"":""MultiPoint"",""coordinates"":[]}"
6375_0,0.10695041,"{""type"":""MultiPoint"",""coordinates"":[]}"
6377_0,0.023693558,"{""type"":""MultiPoint"",""coordinates"":[]}"
6378_0,0.10285099,"{""type"":""MultiPoint"",""coordinates"":[]}"
6379_0,0.50064844,"{""type"":""MultiPoint"",""coordinates"":[]}"
6381_0,0.8513526,"{""type"":""MultiPoint"",""coordinates"":[]}"
6382_0,0.060817193,"{""type"":""MultiPoint"",""coordinates"":[]}"
6384_0,0.12715232,"{""type"":""MultiPoint"",""coordinates"":[]}"
6385_0,0.3875038,"{""type"":""MultiPoint"",""coordinates"":[]}"
6389_0,0.112022206,"{""type"":""MultiPoint"",""coordinates"":[]}"
6390_0,0.11582556,"{""type"":""MultiPoint"",""coordinates"":[]}"
6392_0,0.11743991,"{""type"":""MultiPoint"",""coordinates"":[]}"
6394_0,0.18456773,"{""type"":""MultiPoint"",""coordinates"":[]}"
6396_0,0.057579122,"{""type"":""MultiPoint"",""coordinates"":[]}"
6397_0,0.08118166,"{""type"":""MultiPoint"",""coordinates"":[]}"
6398_0,0.09452685,"{""type"":""MultiPoint"",""coordinates"":[]}"
6399_0,0.9933653,"{""type"":""MultiPoint"",""coordinates"":[]}"
6403_0,0.027464041,"{""type"":""MultiPoint"",""coordinates"":[]}"
6405_0,0.037136648,"{""type"":""MultiPoint"",""coordinates"":[]}"
6406_0,0.14101142,"{""type"":""MultiPoint"",""coordinates"":[]}"
6408_0,0.105786815,"{""type"":""MultiPoint"",""coordinates"":[]}"
6411_0,0.47973806,"{""type"":""MultiPoint"",""coordinates"":[]}"
6412_0,0.07513506,"{""type"":""MultiPoint"",""coordinates"":[]}"
6413_0,0.14462978,"{""type"":""MultiPoint"",""coordinates"":[]}"
6415_0,0.18998411,"{""type"":""MultiPoint"",""coordinates"":[]}"
6417_0,0.091185756,"{""type"":""MultiPoint"",""coordinates"":[]}"
6418_0,0.7453429,"{""type"":""MultiPoint"",""coordinates"":[]}"
6423_0,0.16548254,"{""type"":""MultiPoint"",""coordinates"":[]}"
6426_0,0.18456773,"{""type"":""MultiPoint"",""coordinates"":[]}"
6427_0,0.38543224,"{""type"":""MultiPoint"",""coordinates"":[]}"
6430_0,0.026572388,"{""type"":""MultiPoint"",""coordinates"":[]}"
6431_0,0.022349652,"{""type"":""MultiPoint"",""coordinates"":[]}"
6436_0,0.051165476,"{""type"":""MultiPoint"",""coordinates"":[]}"
6438_0,0.4601495,"{""type"":""MultiPoint"",""coordinates"":[]}"
6440_0,0.2438891,"{""type"":""MultiPoint"",""coordinates"":[]}"
6442_0,0.10285099,"{""type"":""MultiPoint"",""coordinates"":[]}"
6443_0,0.9907778,"{""type"":""MultiPoint"",""coordinates"":[]}"
6449_0,0.1536948,"{""type"":""MultiPoint"",""coordinates"":[]}"
6450_0,0.075081296,"{""type"":""MultiPoint"",""coordinates"":[]}"
6452_0,0.059212394,"{""type"":""MultiPoint"",""coordinates"":[]}"
6453_0,0.014133324,"{""type"":""MultiPoint"",""coordinates"":[]}"
6456_0,0.10285099,"{""type"":""MultiPoint"",""coordinates"":[]}"
6460_0,0.019118372,"{""type"":""MultiPoint"",""coordinates"":[]}"
6461_0,0.47186595,"{""type"":""MultiPoint"",""coordinates"":[]}"
6462_0,0.021119766,"{""type"":""MultiPoint"",""coordinates"":[]}"
6465_0,0.13978155,"{""type"":""MultiPoint"",""coordinates"":[]}"
6467_0,0.07870284,"{""type"":""MultiPoint"",""coordinates"":[]}"
6472_0,0.0024798817,"{""type"":""MultiPoint"",""coordinates"":[]}"
6476_0,0.4688042,"{""type"":""MultiPoint"",""coordinates"":[]}"
6481_0,0.101116106,"{""type"":""MultiPoint"",""coordinates"":[]}"
6482_0,0.42665553,"{""type"":""MultiPoint"",""coordinates"":[]}"
6485_0,0.9984116,"{""type"":""MultiPoint"",""coordinates"":[]}"
6488_0,0.31466484,"{""type"":""MultiPoint"",""coordinates"":[]}"
6489_0,0.074546695,"{""type"":""MultiPoint"",""coordinates"":[]}"
6494_0,0.17502892,"{""type"":""MultiPoint"",""coordinates"":[]}"
6495_0,0.9705818,"{""type"":""MultiPoint"",""coordinates"":[]}"
6496_0,0.33383775,"{""type"":""MultiPoint"",""coordinates"":[]}"
6505_0,0.0025054368,"{""type"":""MultiPoint"",""coordinates"":[]}"
6506_0,0.062211987,"{""type"":""MultiPoint"",""coordinates"":[]}"
6509_0,0.0867102,"{""type"":""MultiPoint"",""coordinates"":[]}"
6512_0,0.14122738,"{""type"":""MultiPoint"",""coordinates"":[]}"
6513_0,0.025885284,"{""type"":""MultiPoint"",""coordinates"":[]}"
6515_0,0.011621363,"{""type"":""MultiPoint"",""coordinates"":[]}"
6518_0,0.18456773,"{""type"":""MultiPoint"",""coordinates"":[]}"
6520_0,0.12343565,"{""type"":""MultiPoint"",""coordinates"":[]}"
6522_0,0.116636395,"{""type"":""MultiPoint"",""coordinates"":[]}"
6523_0,0.2438891,"{""type"":""MultiPoint"",""coordinates"":[]}"
6524_0,0.06765379,"{""type"":""MultiPoint"",""coordinates"":[]}"
6525_0,0.40504387,"{""type"":""MultiPoint"",""coordinates"":[]}"
6527_0,0.022349652,"{""type"":""MultiPoint"",""coordinates"":[]}"
6528_0,0.4915333,"{""type"":""MultiPoint"",""coordinates"":[]}"
6529_0,0.06714762,"{""type"":""MultiPoint"",""coordinates"":[]}"
6532_0,0.17902705,"{""type"":""MultiPoint"",""coordinates"":[]}"
6533_0,0.29111573,"{""type"":""MultiPoint"",""coordinates"":[]}"
6537_0,0.14500396,"{""type"":""MultiPoint"",""coordinates"":[]}"
6543_0,0.7357671,"{""type"":""MultiPoint"",""coordinates"":[]}"
6544_0,0.1497226,"{""type"":""MultiPoint"",""coordinates"":[]}"
6545_0,0.002808498,"{""type"":""MultiPoint"",""coordinates"":[]}"
6550_0,0.26941776,"{""type"":""MultiPoint"",""coordinates"":[]}"
6551_0,0.014283177,"{""type"":""MultiPoint"",""coordinates"":[]}"
6552_0,0.2769399,"{""type"":""MultiPoint"",""coordinates"":[]}"
6553_0,0.34347838,"{""type"":""MultiPoint"",""coordinates"":[]}"
6565_0,0.029752022,"{""type"":""MultiPoint"",""coordinates"":[]}"
6573_0,0.99708134,"{""type"":""MultiPoint"",""coordinates"":[]}"
6579_0,0.30083594,"{""type"":""MultiPoint"",""coordinates"":[]}"
6581_0,0.72545385,"{""type"":""MultiPoint"",""coordinates"":[]}"
6582_0,0.08022347,"{""type"":""MultiPoint"",""coordinates"":[]}"
6585_0,0.08271224,"{""type"":""MultiPoint"",""coordinates"":[]}"
6589_0,0.16777518,"{""type"":""MultiPoint"",""coordinates"":[]}"
6591_0,0.2936013,"{""type"":""MultiPoint"",""coordinates"":[]}"
6595_0,0.16548254,"{""type"":""MultiPoint"",""coordinates"":[]}"
6596_0,0.08602925,"{""type"":""MultiPoint"",""coordinates"":[]}"
6598_0,0.09554416,"{""type"":""MultiPoint"",""coordinates"":[]}"
6600_0,0.18877323,"{""type"":""MultiPoint"",""coordinates"":[]}"
6601_0,0.016450563,"{""type"":""MultiPoint"",""coordinates"":[]}"
6605_0,0.023014698,"{""type"":""MultiPoint"",""coordinates"":[]}"
6611_0,0.073374644,"{""type"":""MultiPoint"",""coordinates"":[]}"
6612_0,0.030816779,"{""type"":""MultiPoint"",""coordinates"":[]}"
6613_0,0.5791997,"{""type"":""MultiPoint"",""coordinates"":[]}"
6614_0,0.7714504,"{""type"":""MultiPoint"",""coordinates"":[]}"
6616_0,0.10980927,"{""type"":""MultiPoint"",""coordinates"":[]}"
6621_0,0.36359498,"{""type"":""MultiPoint"",""coordinates"":[]}"
6627_0,0.0039506988,"{""type"":""MultiPoint"",""coordinates"":[]}"
6629_0,0.0742835,"{""type"":""MultiPoint"",""coordinates"":[]}"
6632_0,0.19546548,"{""type"":""MultiPoint"",""coordinates"":[]}"
6635_0,0.17902705,"{""type"":""MultiPoint"",""coordinates"":[]}"
6644_0,0.100524165,"{""type"":""MultiPoint"",""coordinates"":[]}"
6645_0,0.26329228,"{""type"":""MultiPoint"",""coordinates"":[]}"
6649_0,0.023014698,"{""type"":""MultiPoint"",""coordinates"":[]}"
6651_0,0.7465803,"{""type"":""MultiPoint"",""coordinates"":[]}"
6659_0,0.10165171,"{""type"":""MultiPoint"",""coordinates"":[]}"
6661_0,0.26821938,"{""type"":""MultiPoint"",""coordinates"":[]}"
6663_0,0.097796425,"{""type"":""MultiPoint"",""coordinates"":[]}"
6671_0,0.73381513,"{""type"":""MultiPoint"",""coordinates"":[]}"
6672_0,0.07669952,"{""type"":""MultiPoint"",""coordinates"":[]}"
6674_0,0.06714762,"{""type"":""MultiPoint"",""coordinates"":[]}"
6675_0,0.1769616,"{""type"":""MultiPoint"",""coordinates"":[]}"
6676_0,0.1093405,"{""type"":""MultiPoint"",""coordinates"":[]}"
6677_0,0.12075049,"{""type"":""MultiPoint"",""coordinates"":[]}"
6683_0,0.25650725,"{""type"":""MultiPoint"",""coordinates"":[]}"
6687_0,0.07827254,"{""type"":""MultiPoint"",""coordinates"":[]}"
6691_0,0.07661565,"{""type"":""MultiPoint"",""coordinates"":[]}"
6692_0,0.641585,"{""type"":""MultiPoint"",""coordinates"":[]}"
6693_0,0.9746112,"{""type"":""MultiPoint"",""coordinates"":[]}"
6694_0,0.0867102,"{""type"":""MultiPoint"",""coordinates"":[]}"
6695_0,0.105786815,"{""type"":""MultiPoint"",""coordinates"":[]}"
6696_0,0.11457911,"{""type"":""MultiPoint"",""coordinates"":[]}"
6697_0,0.0053440435,"{""type"":""MultiPoint"",""coordinates"":[]}"
6702_0,0.36921608,"{""type"":""MultiPoint"",""coordinates"":[]}"
6703_0,0.018534314,"{""type"":""MultiPoint"",""coordinates"":[]}"
6707_0,0.12253187,"{""type"":""MultiPoint"",""coordinates"":[]}"
6711_0,0.23077728,"{""type"":""MultiPoint"",""coordinates"":[]}"
6712_0,0.3589354,"{""type"":""MultiPoint"",""coordinates"":[]}"
6714_0,0.28131342,"{""type"":""MultiPoint"",""coordinates"":[]}"
6717_0,0.100524165,"{""type"":""MultiPoint"",""coordinates"":[]}"
6718_0,0.105786815,"{""type"":""MultiPoint"",""coordinates"":[]}"
6719_0,0.17902705,"{""type"":""MultiPoint"",""coordinates"":[]}"
6720_0,0.099711925,"{""type"":""MultiPoint"",""coordinates"":[]}"
6721_0,0.7176265,"{""type"":""MultiPoint"",""coordinates"":[]}"
6722_0,0.087186486,"{""type"":""MultiPoint"",""coordinates"":[]}"
6723_0,0.11084138,"{""type"":""MultiPoint"",""coordinates"":[]}"
6727_0,0.24439706,"{""type"":""MultiPoint"",""coordinates"":[]}"
6730_0,0.1364308,"{""type"":""MultiPoint"",""coordinates"":[]}"
6734_0,0.07669952,"{""type"":""MultiPoint"",""coordinates"":[]}"
6737_0,0.09343831,"{""type"":""MultiPoint"",""coordinates"":[]}"
6738_0,0.14035104,"{""type"":""MultiPoint"",""coordinates"":[]}"
6741_0,0.32271597,"{""type"":""MultiPoint"",""coordinates"":[]}"
6746_0,0.17230389,"{""type"":""MultiPoint"",""coordinates"":[]}"
6747_0,0.013868708,"{""type"":""MultiPoint"",""coordinates"":[]}"
6748_0,0.22646506,"{""type"":""MultiPoint"",""coordinates"":[]}"
6752_0,0.6178417,"{""type"":""MultiPoint"",""coordinates"":[]}"
6753_0,0.099958666,"{""type"":""MultiPoint"",""coordinates"":[]}"
6763_0,0.10285099,"{""type"":""MultiPoint"",""coordinates"":[]}"
6767_0,0.075928405,"{""type"":""MultiPoint"",""coordinates"":[]}"
6769_0,0.06696024,"{""type"":""MultiPoint"",""coordinates"":[]}"
6781_0,0.25192103,"{""type"":""MultiPoint"",""coordinates"":[]}"
6782_0,0.062192984,"{""type"":""MultiPoint"",""coordinates"":[]}"
6783_0,0.01892963,"{""type"":""MultiPoint"",""coordinates"":[]}"
6784_0,0.9212437,"{""type"":""MultiPoint"",""coordinates"":[]}"
6785_0,0.17204231,"{""type"":""MultiPoint"",""coordinates"":[]}"
6786_0,0.32096305,"{""type"":""MultiPoint"",""coordinates"":[]}"
6787_0,0.16167796,"{""type"":""MultiPoint"",""coordinates"":[]}"
6788_0,0.16553162,"{""type"":""MultiPoint"",""coordinates"":[]}"
6792_0,0.04929287,"{""type"":""MultiPoint"",""coordinates"":[]}"
6795_0,0.25047827,"{""type"":""MultiPoint"",""coordinates"":[]}"
6796_0,0.035022877,"{""type"":""MultiPoint"",""coordinates"":[]}"
6797_0,0.38543224,"{""type"":""MultiPoint"",""coordinates"":[]}"
6798_0,0.097796425,"{""type"":""MultiPoint"",""coordinates"":[]}"
6801_0,0.08851832,"{""type"":""MultiPoint"",""coordinates"":[]}"
6803_0,0.15916133,"{""type"":""MultiPoint"",""coordinates"":[]}"
6804_0,0.0850703,"{""type"":""MultiPoint"",""coordinates"":[]}"
6805_0,0.151,"{""type"":""MultiPoint"",""coordinates"":[]}"
6806_0,0.32348436,"{""type"":""MultiPoint"",""coordinates"":[]}"
6808_0,0.9967477,"{""type"":""MultiPoint"",""coordinates"":[]}"
6809_0,0.075928405,"{""type"":""MultiPoint"",""coordinates"":[]}"
6810_0,0.26329228,"{""type"":""MultiPoint"",""coordinates"":[]}"
6812_0,0.1047962,"{""type"":""MultiPoint"",""coordinates"":[]}"
6813_0,0.08250383,"{""type"":""MultiPoint"",""coordinates"":[]}"
6814_0,0.27267253,"{""type"":""MultiPoint"",""coordinates"":[]}"
6815_0,0.29505783,"{""type"":""MultiPoint"",""coordinates"":[]}"
6816_0,0.13333978,"{""type"":""MultiPoint"",""coordinates"":[]}"
6821_0,0.10059872,"{""type"":""MultiPoint"",""coordinates"":[]}"
6822_0,0.7855009,"{""type"":""MultiPoint"",""coordinates"":[]}"
6825_0,0.08985279,"{""type"":""MultiPoint"",""coordinates"":[]}"
6830_0,0.044486247,"{""type"":""MultiPoint"",""coordinates"":[]}"
6833_0,0.14462978,"{""type"":""MultiPoint"",""coordinates"":[]}"
6835_0,0.11707677,"{""type"":""MultiPoint"",""coordinates"":[]}"
6839_0,0.075928405,"{""type"":""MultiPoint"",""coordinates"":[]}"
6845_0,0.09404807,"{""type"":""MultiPoint"",""coordinates"":[]}"
6846_0,0.41547868,"{""type"":""MultiPoint"",""coordinates"":[]}"
6847_0,0.17375225,"{""type"":""MultiPoint"",""coordinates"":[]}"
6849_0,0.22186464,"{""type"":""MultiPoint"",""coordinates"":[]}"
6851_0,0.7736855,"{""type"":""MultiPoint"",""coordinates"":[]}"
6854_0,0.6246548,"{""type"":""MultiPoint"",""coordinates"":[]}"
6855_0,0.097796425,"{""type"":""MultiPoint"",""coordinates"":[]}"
6858_0,0.0879931,"{""type"":""MultiPoint"",""coordinates"":[]}"
6861_0,0.38057765,"{""type"":""MultiPoint"",""coordinates"":[]}"
6866_0,0.14729375,"{""type"":""MultiPoint"",""coordinates"":[]}"
6870_0,0.15712973,"{""type"":""MultiPoint"",""coordinates"":[]}"
6874_0,0.3454712,"{""type"":""MultiPoint"",""coordinates"":[]}"
6876_0,0.002087298,"{""type"":""MultiPoint"",""coordinates"":[]}"
6877_0,0.32878986,"{""type"":""MultiPoint"",""coordinates"":[]}"
6883_0,0.12058668,"{""type"":""MultiPoint"",""coordinates"":[]}"
6884_0,0.38543224,"{""type"":""MultiPoint"",""coordinates"":[]}"
6890_0,0.19700466,"{""type"":""MultiPoint"",""coordinates"":[]}"
6891_0,0.011412425,"{""type"":""MultiPoint"",""coordinates"":[]}"
6892_0,0.21630241,"{""type"":""MultiPoint"",""coordinates"":[]}"
6893_0,0.0031660413,"{""type"":""MultiPoint"",""coordinates"":[]}"
6894_0,0.097796425,"{""type"":""MultiPoint"",""coordinates"":[]}"
6899_0,0.08170499,"{""type"":""MultiPoint"",""coordinates"":[]}"
6902_0,0.019036612,"{""type"":""MultiPoint"",""coordinates"":[]}"
6906_0,0.04051173,"{""type"":""MultiPoint"",""coordinates"":[]}"
6907_0,0.36087003,"{""type"":""MultiPoint"",""coordinates"":[]}"
6909_0,0.08160862,"{""type"":""MultiPoint"",""coordinates"":[]}"
6910_0,0.13659596,"{""type"":""MultiPoint"",""coordinates"":[]}"
6914_0,0.1110861,"{""type"":""MultiPoint"",""coordinates"":[]}"
6916_0,0.22048676,"{""type"":""MultiPoint"",""coordinates"":[]}"
6917_0,0.021263884,"{""type"":""MultiPoint"",""coordinates"":[]}"
6918_0,0.9969554,"{""type"":""MultiPoint"",""coordinates"":[]}"
6921_0,0.22302133,"{""type"":""MultiPoint"",""coordinates"":[]}"
6922_0,0.0024798817,"{""type"":""MultiPoint"",""coordinates"":[]}"
6924_0,0.070046775,"{""type"":""MultiPoint"",""coordinates"":[]}"
6925_0,0.021119766,"{""type"":""MultiPoint"",""coordinates"":[]}"
6927_0,0.3237516,"{""type"":""MultiPoint"",""coordinates"":[]}"
6929_0,0.07958201,"{""type"":""MultiPoint"",""coordinates"":[]}"
6933_0,0.20583908,"{""type"":""MultiPoint"",""coordinates"":[]}"
6936_0,0.40929034,"{""type"":""MultiPoint"",""coordinates"":[]}"
6940_0,0.09343831,"{""type"":""MultiPoint"",""coordinates"":[]}"
6941_0,0.03296321,"{""type"":""MultiPoint"",""coordinates"":[]}"
6943_0,0.11331291,"{""type"":""MultiPoint"",""coordinates"":[]}"
6946_0,0.10562031,"{""type"":""MultiPoint"",""coordinates"":[]}"
6950_0,0.19797829,"{""type"":""MultiPoint"",""coordinates"":[]}"
6951_0,0.980317,"{""type"":""MultiPoint"",""coordinates"":[]}"
6959_0,0.31791958,"{""type"":""MultiPoint"",""coordinates"":[]}"
6961_0,0.61854666,"{""type"":""MultiPoint"",""coordinates"":[]}"
6962_0,0.021128152,"{""type"":""MultiPoint"",""coordinates"":[]}"
6964_0,0.25192103,"{""type"":""MultiPoint"",""coordinates"":[]}"
6971_0,0.08602925,"{""type"":""MultiPoint"",""coordinates"":[]}"
6972_0,0.099958666,"{""type"":""MultiPoint"",""coordinates"":[]}"
6973_0,0.076491505,"{""type"":""MultiPoint"",""coordinates"":[]}"
6974_0,0.075928405,"{""type"":""MultiPoint"",""coordinates"":[]}"
6977_0,0.41527075,"{""type"":""MultiPoint"",""coordinates"":[]}"
6979_0,0.21455705,"{""type"":""MultiPoint"",""coordinates"":[]}"
6981_0,0.019118372,"{""type"":""MultiPoint"",""coordinates"":[]}"
6982_0,0.0032078726,"{""type"":""MultiPoint"",""coordinates"":[]}"
6986_0,0.062192984,"{""type"":""MultiPoint"",""coordinates"":[]}"
6987_0,0.16716835,"{""type"":""MultiPoint"",""coordinates"":[]}"
6989_0,0.45560682,"{""type"":""MultiPoint"",""coordinates"":[]}"
6990_0,0.08963398,"{""type"":""MultiPoint"",""coordinates"":[]}"
6992_0,0.12883118,"{""type"":""MultiPoint"",""coordinates"":[]}"
6999_0,0.015958287,"{""type"":""MultiPoint"",""coordinates"":[]}"
7000_0,0.31606376,"{""type"":""MultiPoint"",""coordinates"":[]}"
7002_0,0.27649817,"{""type"":""MultiPoint"",""coordinates"":[]}"
7003_0,0.1824619,"{""type"":""MultiPoint"",""coordinates"":[]}"
7005_0,0.062192984,"{""type"":""MultiPoint"",""coordinates"":[]}"
7006_0,0.04254737,"{""type"":""MultiPoint"",""coordinates"":[]}"
7011_0,0.15370815,"{""type"":""MultiPoint"",""coordinates"":[]}"
7014_0,0.17796138,"{""type"":""MultiPoint"",""coordinates"":[]}"
7022_0,0.18456773,"{""type"":""MultiPoint"",""coordinates"":[]}"
7024_0,0.17270221,"{""type"":""MultiPoint"",""coordinates"":[]}"
7026_0,0.11457911,"{""type"":""MultiPoint"",""coordinates"":[]}"
7027_0,0.2806642,"{""type"":""MultiPoint"",""coordinates"":[]}"
7030_0,0.066580884,"{""type"":""MultiPoint"",""coordinates"":[]}"
7031_0,0.1584743,"{""type"":""MultiPoint"",""coordinates"":[]}"
7033_0,0.35924155,"{""type"":""MultiPoint"",""coordinates"":[]}"
7035_0,0.09554416,"{""type"":""MultiPoint"",""coordinates"":[]}"
7039_0,0.12563357,"{""type"":""MultiPoint"",""coordinates"":[]}"
7043_0,0.30083594,"{""type"":""MultiPoint"",""coordinates"":[]}"
7047_0,0.10285099,"{""type"":""MultiPoint"",""coordinates"":[]}"
7051_0,0.06765379,"{""type"":""MultiPoint"",""coordinates"":[]}"
7052_0,0.12563357,"{""type"":""MultiPoint"",""coordinates"":[]}"
7053_0,0.29031333,"{""type"":""MultiPoint"",""coordinates"":[]}"
7061_0,0.9737312,"{""type"":""MultiPoint"",""coordinates"":[]}"
7067_0,0.04316903,"{""type"":""MultiPoint"",""coordinates"":[]}"
7072_0,0.6160909,"{""type"":""MultiPoint"",""coordinates"":[]}"
7076_0,0.3675075,"{""type"":""MultiPoint"",""coordinates"":[]}"
7077_0,0.5182864,"{""type"":""MultiPoint"",""coordinates"":[]}"
7078_0,0.82907695,"{""type"":""MultiPoint"",""coordinates"":[]}"
7080_0,0.5917138,"{""type"":""MultiPoint"",""coordinates"":[]}"
7082_0,0.09343831,"{""type"":""MultiPoint"",""coordinates"":[]}"
7085_0,0.12664977,"{""type"":""MultiPoint"",""coordinates"":[]}"
7090_0,0.09046068,"{""type"":""MultiPoint"",""coordinates"":[]}"
7093_0,0.31565413,"{""type"":""MultiPoint"",""coordinates"":[]}"
7095_0,0.27863988,"{""type"":""MultiPoint"",""coordinates"":[]}"
7096_0,0.98180205,"{""type"":""MultiPoint"",""coordinates"":[]}"
7102_0,0.010467444,"{""type"":""MultiPoint"",""coordinates"":[]}"
7103_0,0.19359218,"{""type"":""MultiPoint"",""coordinates"":[]}"
7105_0,0.13379851,"{""type"":""MultiPoint"",""coordinates"":[]}"
7106_0,0.14292909,"{""type"":""MultiPoint"",""coordinates"":[]}"
7107_0,0.1441403,"{""type"":""MultiPoint"",""coordinates"":[]}"
7112_0,0.9984116,"{""type"":""MultiPoint"",""coordinates"":[]}"
7116_0,0.0960032,"{""type"":""MultiPoint"",""coordinates"":[]}"
7118_0,0.075151384,"{""type"":""MultiPoint"",""coordinates"":[]}"
7119_0,0.020500967,"{""type"":""MultiPoint"",""coordinates"":[]}"
7120_0,0.075081296,"{""type"":""MultiPoint"",""coordinates"":[]}"
7121_0,0.29140612,"{""type"":""MultiPoint"",""coordinates"":[]}"
7122_0,0.05199419,"{""type"":""MultiPoint"",""coordinates"":[]}"
7128_0,0.0048630987,"{""type"":""MultiPoint"",""coordinates"":[]}"
7129_0,0.3875038,"{""type"":""MultiPoint"",""coordinates"":[]}"
7134_0,0.37375474,"{""type"":""MultiPoint"",""coordinates"":[]}"
7137_0,0.9965921,"{""type"":""MultiPoint"",""coordinates"":[]}"
7139_0,0.047256086,"{""type"":""MultiPoint"",""coordinates"":[]}"
7140_0,0.062192984,"{""type"":""MultiPoint"",""coordinates"":[]}"
7143_0,0.25589645,"{""type"":""MultiPoint"",""coordinates"":[]}"
7146_0,0.017836066,"{""type"":""MultiPoint"",""coordinates"":[]}"
7148_0,0.9358026,"{""type"":""MultiPoint"",""coordinates"":[]}"
7149_0,0.64449126,"{""type"":""MultiPoint"",""coordinates"":[]}"
7156_0,0.18456773,"{""type"":""MultiPoint"",""coordinates"":[]}"
7157_0,0.18456773,"{""type"":""MultiPoint"",""coordinates"":[]}"
7160_0,0.4802776,"{""type"":""MultiPoint"",""coordinates"":[]}"
7162_0,0.062192984,"{""type"":""MultiPoint"",""coordinates"":[]}"
7164_0,0.09838459,"{""type"":""MultiPoint"",""coordinates"":[]}"
7166_0,0.25737295,"{""type"":""MultiPoint"",""coordinates"":[]}"
7167_0,0.060420234,"{""type"":""MultiPoint"",""coordinates"":[]}"
7175_0,0.29140612,"{""type"":""MultiPoint"",""coordinates"":[]}"
7176_0,0.022064786,"{""type"":""MultiPoint"",""coordinates"":[]}"
7181_0,0.077882685,"{""type"":""MultiPoint"",""coordinates"":[]}"
7182_0,0.13692324,"{""type"":""MultiPoint"",""coordinates"":[]}"
7184_0,0.09046068,"{""type"":""MultiPoint"",""coordinates"":[]}"
7185_0,0.10404642,"{""type"":""MultiPoint"",""coordinates"":[]}"
7187_0,0.7184996,"{""type"":""MultiPoint"",""coordinates"":[]}"
7189_0,0.41026428,"{""type"":""MultiPoint"",""coordinates"":[]}"
7193_0,0.059212394,"{""type"":""MultiPoint"",""coordinates"":[]}"
7194_0,0.08802745,"{""type"":""MultiPoint"",""coordinates"":[]}"
7197_0,0.075928405,"{""type"":""MultiPoint"",""coordinates"":[]}"
7199_0,0.08602925,"{""type"":""MultiPoint"",""coordinates"":[]}"
7201_0,0.18998411,"{""type"":""MultiPoint"",""coordinates"":[]}"
7206_0,0.14462978,"{""type"":""MultiPoint"",""coordinates"":[]}"
7207_0,0.07827254,"{""type"":""MultiPoint"",""coordinates"":[]}"
7210_0,0.099124804,"{""type"":""MultiPoint"",""coordinates"":[]}"
7213_0,0.2701993,"{""type"":""MultiPoint"",""coordinates"":[]}"
7214_0,0.02763636,"{""type"":""MultiPoint"",""coordinates"":[]}"
7215_0,0.0867102,"{""type"":""MultiPoint"",""coordinates"":[]}"
7216_0,0.18877323,"{""type"":""MultiPoint"",""coordinates"":[]}"
7217_0,0.0867102,"{""type"":""MultiPoint"",""coordinates"":[]}"
7218_0,0.10033204,"{""type"":""MultiPoint"",""coordinates"":[]}"
7221_0,0.20591304,"{""type"":""MultiPoint"",""coordinates"":[]}"
7224_0,0.28910428,"{""type"":""MultiPoint"",""coordinates"":[]}"
7225_0,0.2145869,"{""type"":""MultiPoint"",""coordinates"":[]}"
7226_0,0.5610837,"{""type"":""MultiPoint"",""coordinates"":[]}"
7228_0,0.094737224,"{""type"":""MultiPoint"",""coordinates"":[]}"
7229_0,0.46251598,"{""type"":""MultiPoint"",""coordinates"":[]}"
7230_0,0.019889027,"{""type"":""MultiPoint"",""coordinates"":[]}"
7231_0,0.03955687,"{""type"":""MultiPoint"",""coordinates"":[]}"
7232_0,0.24355017,"{""type"":""MultiPoint"",""coordinates"":[]}"
7234_0,0.41349977,"{""type"":""MultiPoint"",""coordinates"":[]}"
7237_0,0.07669952,"{""type"":""MultiPoint"",""coordinates"":[]}"
7239_0,0.0037256207,"{""type"":""MultiPoint"",""coordinates"":[]}"
7243_0,0.0923414,"{""type"":""MultiPoint"",""coordinates"":[]}"
7244_0,0.105786815,"{""type"":""MultiPoint"",""coordinates"":[]}"
7245_0,0.08200271,"{""type"":""MultiPoint"",""coordinates"":[]}"
7248_0,0.21235617,"{""type"":""MultiPoint"",""coordinates"":[]}"
7250_0,0.0445513,"{""type"":""MultiPoint"",""coordinates"":[]}"
7251_0,0.19700466,"{""type"":""MultiPoint"",""coordinates"":[]}"
7254_0,0.036663428,"{""type"":""MultiPoint"",""coordinates"":[]}"
7257_0,0.0024157963,"{""type"":""MultiPoint"",""coordinates"":[]}"
7262_0,0.11331291,"{""type"":""MultiPoint"",""coordinates"":[]}"
7263_0,0.08250383,"{""type"":""MultiPoint"",""coordinates"":[]}"
7264_0,0.7357671,"{""type"":""MultiPoint"",""coordinates"":[]}"
7266_0,0.08557811,"{""type"":""MultiPoint"",""coordinates"":[]}"
7273_0,0.30498734,"{""type"":""MultiPoint"",""coordinates"":[]}"
7274_0,0.25047827,"{""type"":""MultiPoint"",""coordinates"":[]}"
7275_0,0.17636842,"{""type"":""MultiPoint"",""coordinates"":[]}"
7278_0,6.1565696E-4,"{""type"":""MultiPoint"",""coordinates"":[]}"
7282_0,0.11356337,"{""type"":""MultiPoint"",""coordinates"":[]}"
7284_0,0.010488412,"{""type"":""MultiPoint"",""coordinates"":[]}"
7288_0,0.14462978,"{""type"":""MultiPoint"",""coordinates"":[]}"
7293_0,0.16799027,"{""type"":""MultiPoint"",""coordinates"":[]}"
7298_0,0.11084138,"{""type"":""MultiPoint"",""coordinates"":[]}"
7304_0,0.11084138,"{""type"":""MultiPoint"",""coordinates"":[]}"
7307_0,0.105786815,"{""type"":""MultiPoint"",""coordinates"":[]}"
7308_0,0.15882993,"{""type"":""MultiPoint"",""coordinates"":[]}"
7309_0,0.3794702,"{""type"":""MultiPoint"",""coordinates"":[]}"
7312_0,0.4802776,"{""type"":""MultiPoint"",""coordinates"":[]}"
7315_0,0.11051246,"{""type"":""MultiPoint"",""coordinates"":[]}"
7316_0,3.7218063E-4,"{""type"":""MultiPoint"",""coordinates"":[]}"
7319_0,0.115646884,"{""type"":""MultiPoint"",""coordinates"":[]}"
7320_0,0.19359218,"{""type"":""MultiPoint"",""coordinates"":[]}"
7323_0,0.48759544,"{""type"":""MultiPoint"",""coordinates"":[]}"
7328_0,0.071302,"{""type"":""MultiPoint"",""coordinates"":[]}"
7330_0,0.2509121,"{""type"":""MultiPoint"",""coordinates"":[]}"
7331_0,0.0025054368,"{""type"":""MultiPoint"",""coordinates"":[]}"
7333_0,0.17730062,"{""type"":""MultiPoint"",""coordinates"":[]}"
7338_0,0.30268568,"{""type"":""MultiPoint"",""coordinates"":[]}"
7339_0,0.08920848,"{""type"":""MultiPoint"",""coordinates"":[]}"
7340_0,0.40898508,"{""type"":""MultiPoint"",""coordinates"":[]}"
7342_0,0.12646525,"{""type"":""MultiPoint"",""coordinates"":[]}"
7344_0,0.03532275,"{""type"":""MultiPoint"",""coordinates"":[]}"
7347_0,0.031230854,"{""type"":""MultiPoint"",""coordinates"":[]}"
7350_0,0.2673742,"{""type"":""MultiPoint"",""coordinates"":[]}"
7353_0,0.25391397,"{""type"":""MultiPoint"",""coordinates"":[]}"
7357_0,0.039558683,"{""type"":""MultiPoint"",""coordinates"":[]}"
7359_0,0.11001417,"{""type"":""MultiPoint"",""coordinates"":[]}"
7366_0,0.29140612,"{""type"":""MultiPoint"",""coordinates"":[]}"
7369_0,0.0580547,"{""type"":""MultiPoint"",""coordinates"":[]}"
7371_0,0.0959975,"{""type"":""MultiPoint"",""coordinates"":[]}"
7373_0,0.07710143,"{""type"":""MultiPoint"",""coordinates"":[]}"
7374_0,0.18456773,"{""type"":""MultiPoint"",""coordinates"":[]}"
7378_0,0.3875038,"{""type"":""MultiPoint"",""coordinates"":[]}"
7382_0,0.056976356,"{""type"":""MultiPoint"",""coordinates"":[]}"
7384_0,0.99834627,"{""type"":""MultiPoint"",""coordinates"":[]}"
7387_0,0.0139602395,"{""type"":""MultiPoint"",""coordinates"":[]}"
7388_0,0.9539401,"{""type"":""MultiPoint"",""coordinates"":[]}"
7390_0,0.17270221,"{""type"":""MultiPoint"",""coordinates"":[]}"
7395_0,0.49125612,"{""type"":""MultiPoint"",""coordinates"":[]}"
7397_0,0.060420234,"{""type"":""MultiPoint"",""coordinates"":[]}"
7398_0,0.30083594,"{""type"":""MultiPoint"",""coordinates"":[]}"
7399_0,0.052616484,"{""type"":""MultiPoint"",""coordinates"":[]}"
7400_0,0.101649106,"{""type"":""MultiPoint"",""coordinates"":[]}"
7401_0,0.35081464,"{""type"":""MultiPoint"",""coordinates"":[]}"
7403_0,0.3228318,"{""type"":""MultiPoint"",""coordinates"":[]}"
7405_0,0.29140612,"{""type"":""MultiPoint"",""coordinates"":[]}"
7406_0,0.05285938,"{""type"":""MultiPoint"",""coordinates"":[]}"
7408_0,0.16068025,"{""type"":""MultiPoint"",""coordinates"":[]}"
7409_0,0.5027908,"{""type"":""MultiPoint"",""coordinates"":[]}"
7410_0,0.25047827,"{""type"":""MultiPoint"",""coordinates"":[]}"
7413_0,0.057327054,"{""type"":""MultiPoint"",""coordinates"":[]}"
7417_0,0.3529046,"{""type"":""MultiPoint"",""coordinates"":[]}"
7418_0,0.37620056,"{""type"":""MultiPoint"",""coordinates"":[]}"
7421_0,0.25626782,"{""type"":""MultiPoint"",""coordinates"":[]}"
7422_0,0.13186912,"{""type"":""MultiPoint"",""coordinates"":[]}"
7424_0,0.946909,"{""type"":""MultiPoint"",""coordinates"":[]}"
7426_0,0.9581084,"{""type"":""MultiPoint"",""coordinates"":[]}"
7429_0,0.024213903,"{""type"":""MultiPoint"",""coordinates"":[]}"
7434_0,0.09343831,"{""type"":""MultiPoint"",""coordinates"":[]}"
7435_0,0.09343831,"{""type"":""MultiPoint"",""coordinates"":[]}"
7436_0,0.035787992,"{""type"":""MultiPoint"",""coordinates"":[]}"
7438_0,0.19359218,"{""type"":""MultiPoint"",""coordinates"":[]}"
7442_0,0.050065424,"{""type"":""MultiPoint"",""coordinates"":[]}"
7443_0,0.08341275,"{""type"":""MultiPoint"",""coordinates"":[]}"
7446_0,0.075928405,"{""type"":""MultiPoint"",""coordinates"":[]}"
7447_0,0.7184996,"{""type"":""MultiPoint"",""coordinates"":[]}"
7451_0,0.12819289,"{""type"":""MultiPoint"",""coordinates"":[]}"
7452_0,0.5027908,"{""type"":""MultiPoint"",""coordinates"":[]}"
7454_0,0.06212306,"{""type"":""MultiPoint"",""coordinates"":[]}"
7457_0,0.022336591,"{""type"":""MultiPoint"",""coordinates"":[]}"
7462_0,0.074595734,"{""type"":""MultiPoint"",""coordinates"":[]}"
7465_0,0.021263884,"{""type"":""MultiPoint"",""coordinates"":[]}"
7470_0,0.09880389,"{""type"":""MultiPoint"",""coordinates"":[]}"
7473_0,0.37806743,"{""type"":""MultiPoint"",""coordinates"":[]}"
7474_0,0.07154436,"{""type"":""MultiPoint"",""coordinates"":[]}"
7477_0,0.1082509,"{""type"":""MultiPoint"",""coordinates"":[]}"
7479_0,0.10285099,"{""type"":""MultiPoint"",""coordinates"":[]}"
7480_0,0.06765379,"{""type"":""MultiPoint"",""coordinates"":[]}"
7481_0,0.1998186,"{""type"":""MultiPoint"",""coordinates"":[]}"
7484_0,0.29140612,"{""type"":""MultiPoint"",""coordinates"":[]}"
7495_0,0.34394097,"{""type"":""MultiPoint"",""coordinates"":[]}"
7496_0,0.116804786,"{""type"":""MultiPoint"",""coordinates"":[]}"
7498_0,0.25047827,"{""type"":""MultiPoint"",""coordinates"":[]}"
7499_0,0.3675075,"{""type"":""MultiPoint"",""coordinates"":[]}"
7506_0,0.24566188,"{""type"":""MultiPoint"",""coordinates"":[]}"
7508_0,0.022156408,"{""type"":""MultiPoint"",""coordinates"":[]}"
7509_0,0.014485282,"{""type"":""MultiPoint"",""coordinates"":[]}"
7515_0,0.4976047,"{""type"":""MultiPoint"",""coordinates"":[]}"
7516_0,0.11084138,"{""type"":""MultiPoint"",""coordinates"":[]}"
7518_0,0.17972563,"{""type"":""MultiPoint"",""coordinates"":[]}"
7519_0,0.71468794,"{""type"":""MultiPoint"",""coordinates"":[]}"
7522_0,0.07834225,"{""type"":""MultiPoint"",""coordinates"":[]}"
7525_0,0.9981976,"{""type"":""MultiPoint"",""coordinates"":[]}"
7526_0,0.2382989,"{""type"":""MultiPoint"",""coordinates"":[]}"
7527_0,0.10285099,"{""type"":""MultiPoint"",""coordinates"":[]}"
7528_0,0.088915244,"{""type"":""MultiPoint"",""coordinates"":[]}"
7531_0,0.08817687,"{""type"":""MultiPoint"",""coordinates"":[]}"
7533_0,0.10097202,"{""type"":""MultiPoint"",""coordinates"":[]}"
7534_0,0.6971065,"{""type"":""MultiPoint"",""coordinates"":[]}"
7538_0,0.035828542,"{""type"":""MultiPoint"",""coordinates"":[]}"
7540_0,0.46592024,"{""type"":""MultiPoint"",""coordinates"":[]}"
7542_0,0.7767333,"{""type"":""MultiPoint"",""coordinates"":[]}"
7543_0,0.105786815,"{""type"":""MultiPoint"",""coordinates"":[]}"
7547_0,0.03296321,"{""type"":""MultiPoint"",""coordinates"":[]}"
7548_0,0.13220695,"{""type"":""MultiPoint"",""coordinates"":[]}"
7549_0,0.33560166,"{""type"":""MultiPoint"",""coordinates"":[]}"
7550_0,0.10225775,"{""type"":""MultiPoint"",""coordinates"":[]}"
7552_0,0.0956628,"{""type"":""MultiPoint"",""coordinates"":[]}"
7553_0,0.08122719,"{""type"":""MultiPoint"",""coordinates"":[]}"
7554_0,0.022064786,"{""type"":""MultiPoint"",""coordinates"":[]}"
7555_0,0.5733066,"{""type"":""MultiPoint"",""coordinates"":[]}"
7562_0,0.9984116,"{""type"":""MultiPoint"",""coordinates"":[]}"
7563_0,0.14462978,"{""type"":""MultiPoint"",""coordinates"":[]}"
7564_0,0.17940189,"{""type"":""MultiPoint"",""coordinates"":[]}"
7566_0,0.2959227,"{""type"":""MultiPoint"",""coordinates"":[]}"
7567_0,0.11579308,"{""type"":""MultiPoint"",""coordinates"":[]}"
7568_0,0.23320597,"{""type"":""MultiPoint"",""coordinates"":[]}"
7569_0,0.25650725,"{""type"":""MultiPoint"",""coordinates"":[]}"
7572_0,0.14292909,"{""type"":""MultiPoint"",""coordinates"":[]}"
7573_0,0.07669952,"{""type"":""MultiPoint"",""coordinates"":[]}"
7575_0,0.0843257,"{""type"":""MultiPoint"",""coordinates"":[]}"
7578_0,0.10059872,"{""type"":""MultiPoint"",""coordinates"":[]}"
7579_0,0.14319065,"{""type"":""MultiPoint"",""coordinates"":[]}"
7580_0,0.2509121,"{""type"":""MultiPoint"",""coordinates"":[]}"
7584_0,0.021491943,"{""type"":""MultiPoint"",""coordinates"":[]}"
7585_0,0.29140612,"{""type"":""MultiPoint"",""coordinates"":[]}"
7587_0,0.08170499,"{""type"":""MultiPoint"",""coordinates"":[]}"
7588_0,0.09147206,"{""type"":""MultiPoint"",""coordinates"":[]}"
7591_0,0.13567962,"{""type"":""MultiPoint"",""coordinates"":[]}"
7592_0,0.1689819,"{""type"":""MultiPoint"",""coordinates"":[]}"
7597_0,0.09343831,"{""type"":""MultiPoint"",""coordinates"":[]}"
7598_0,0.72348934,"{""type"":""MultiPoint"",""coordinates"":[]}"
7599_0,0.609355,"{""type"":""MultiPoint"",""coordinates"":[]}"
7600_0,0.15916133,"{""type"":""MultiPoint"",""coordinates"":[]}"
7603_0,0.18998411,"{""type"":""MultiPoint"",""coordinates"":[]}"
7605_0,0.035912257,"{""type"":""MultiPoint"",""coordinates"":[]}"
7611_0,0.16306107,"{""type"":""MultiPoint"",""coordinates"":[]}"
7612_0,0.17604549,"{""type"":""MultiPoint"",""coordinates"":[]}"
7614_0,0.071552195,"{""type"":""MultiPoint"",""coordinates"":[]}"
7615_0,0.7656233,"{""type"":""MultiPoint"",""coordinates"":[]}"
7617_0,0.3675075,"{""type"":""MultiPoint"",""coordinates"":[]}"
7621_0,0.10285099,"{""type"":""MultiPoint"",""coordinates"":[]}"
7622_0,0.022349652,"{""type"":""MultiPoint"",""coordinates"":[]}"
7623_0,0.23312505,"{""type"":""MultiPoint"",""coordinates"":[]}"
7624_0,0.11629032,"{""type"":""MultiPoint"",""coordinates"":[]}"
7625_0,0.099958666,"{""type"":""MultiPoint"",""coordinates"":[]}"
7628_0,0.3794561,"{""type"":""MultiPoint"",""coordinates"":[]}"
7630_0,0.06460922,"{""type"":""MultiPoint"",""coordinates"":[]}"
7631_0,0.2176055,"{""type"":""MultiPoint"",""coordinates"":[]}"
7634_0,0.060817193,"{""type"":""MultiPoint"",""coordinates"":[]}"
7635_0,0.31992158,"{""type"":""MultiPoint"",""coordinates"":[]}"
7637_0,0.12316772,"{""type"":""MultiPoint"",""coordinates"":[]}"
7638_0,0.0024798817,"{""type"":""MultiPoint"",""coordinates"":[]}"
7640_0,0.03010386,"{""type"":""MultiPoint"",""coordinates"":[]}"
7642_0,0.019669281,"{""type"":""MultiPoint"",""coordinates"":[]}"
7643_0,0.38543224,"{""type"":""MultiPoint"",""coordinates"":[]}"
7644_0,0.025907684,"{""type"":""MultiPoint"",""coordinates"":[]}"
7645_0,0.0039507416,"{""type"":""MultiPoint"",""coordinates"":[]}"
7653_0,0.52248955,"{""type"":""MultiPoint"",""coordinates"":[]}"
7654_0,0.11579308,"{""type"":""MultiPoint"",""coordinates"":[]}"
7655_0,0.090166606,"{""type"":""MultiPoint"",""coordinates"":[]}"
7657_0,0.08257291,"{""type"":""MultiPoint"",""coordinates"":[]}"
7658_0,0.15644334,"{""type"":""MultiPoint"",""coordinates"":[]}"
7659_0,0.0039507416,"{""type"":""MultiPoint"",""coordinates"":[]}"
7660_0,0.021119766,"{""type"":""MultiPoint"",""coordinates"":[]}"
7664_0,0.15916133,"{""type"":""MultiPoint"",""coordinates"":[]}"
7667_0,0.07642482,"{""type"":""MultiPoint"",""coordinates"":[]}"
7670_0,0.4231109,"{""type"":""MultiPoint"",""coordinates"":[]}"
7676_0,0.11975249,"{""type"":""MultiPoint"",""coordinates"":[]}"
7677_0,0.18504187,"{""type"":""MultiPoint"",""coordinates"":[]}"
7678_0,0.7340127,"{""type"":""MultiPoint"",""coordinates"":[]}"
7682_0,0.2378419,"{""type"":""MultiPoint"",""coordinates"":[]}"
7683_0,0.12943555,"{""type"":""MultiPoint"",""coordinates"":[]}"
7684_0,0.097796425,"{""type"":""MultiPoint"",""coordinates"":[]}"
7685_0,0.17230389,"{""type"":""MultiPoint"",""coordinates"":[]}"
7688_0,0.20406154,"{""type"":""MultiPoint"",""coordinates"":[]}"
7691_0,0.43868947,"{""type"":""MultiPoint"",""coordinates"":[]}"
7693_0,0.3310171,"{""type"":""MultiPoint"",""coordinates"":[]}"
7695_0,0.017295185,"{""type"":""MultiPoint"",""coordinates"":[]}"
7700_0,0.07846816,"{""type"":""MultiPoint"",""coordinates"":[]}"
7703_0,0.021119766,"{""type"":""MultiPoint"",""coordinates"":[]}"
7709_0,0.021119766,"{""type"":""MultiPoint"",""coordinates"":[]}"
7712_0,0.3875038,"{""type"":""MultiPoint"",""coordinates"":[]}"
7713_0,0.073926896,"{""type"":""MultiPoint"",""coordinates"":[]}"
7715_0,0.9580448,"{""type"":""MultiPoint"",""coordinates"":[]}"
7716_0,0.10059872,"{""type"":""MultiPoint"",""coordinates"":[]}"
7723_0,0.048757307,"{""type"":""MultiPoint"",""coordinates"":[]}"
7724_0,0.03027198,"{""type"":""MultiPoint"",""coordinates"":[]}"
7725_0,0.12646525,"{""type"":""MultiPoint"",""coordinates"":[]}"
7727_0,0.07902784,"{""type"":""MultiPoint"",""coordinates"":[]}"
7736_0,0.54343,"{""type"":""MultiPoint"",""coordinates"":[]}"
7737_0,0.08250383,"{""type"":""MultiPoint"",""coordinates"":[]}"
7738_0,0.5618541,"{""type"":""MultiPoint"",""coordinates"":[]}"
7745_0,0.021491943,"{""type"":""MultiPoint"",""coordinates"":[]}"
7750_0,0.105786815,"{""type"":""MultiPoint"",""coordinates"":[]}"
7755_0,0.07193818,"{""type"":""MultiPoint"",""coordinates"":[]}"
7758_0,0.34768644,"{""type"":""MultiPoint"",""coordinates"":[]}"
7770_0,0.22771835,"{""type"":""MultiPoint"",""coordinates"":[]}"
7772_0,0.07041659,"{""type"":""MultiPoint"",""coordinates"":[]}"
7773_0,0.3544604,"{""type"":""MultiPoint"",""coordinates"":[]}"
7774_0,0.15066893,"{""type"":""MultiPoint"",""coordinates"":[]}"
7776_0,0.10285099,"{""type"":""MultiPoint"",""coordinates"":[]}"
7777_0,0.015416606,"{""type"":""MultiPoint"",""coordinates"":[]}"
7778_0,0.07870284,"{""type"":""MultiPoint"",""coordinates"":[]}"
7785_0,0.19359218,"{""type"":""MultiPoint"",""coordinates"":[]}"
7789_0,0.52248955,"{""type"":""MultiPoint"",""coordinates"":[]}"
7792_0,0.097796425,"{""type"":""MultiPoint"",""coordinates"":[]}"
7793_0,0.2265144,"{""type"":""MultiPoint"",""coordinates"":[]}"
7794_0,0.07082936,"{""type"":""MultiPoint"",""coordinates"":[]}"
7801_0,0.024329606,"{""type"":""MultiPoint"",""coordinates"":[]}"
7807_0,0.10090294,"{""type"":""MultiPoint"",""coordinates"":[]}"
7808_0,0.9984116,"{""type"":""MultiPoint"",""coordinates"":[]}"
7809_0,0.09478758,"{""type"":""MultiPoint"",""coordinates"":[]}"
7812_0,0.100524165,"{""type"":""MultiPoint"",""coordinates"":[]}"
7814_0,0.07513506,"{""type"":""MultiPoint"",""coordinates"":[]}"
7816_0,0.3544604,"{""type"":""MultiPoint"",""coordinates"":[]}"
7817_0,0.97183,"{""type"":""MultiPoint"",""coordinates"":[]}"
7819_0,0.059212394,"{""type"":""MultiPoint"",""coordinates"":[]}"
7824_0,0.48066166,"{""type"":""MultiPoint"",""coordinates"":[]}"
7825_0,0.07513506,"{""type"":""MultiPoint"",""coordinates"":[]}"
7826_0,0.10430134,"{""type"":""MultiPoint"",""coordinates"":[]}"
7827_0,0.07870284,"{""type"":""MultiPoint"",""coordinates"":[]}"
7829_0,0.14714752,"{""type"":""MultiPoint"",""coordinates"":[]}"
7834_0,0.9705818,"{""type"":""MultiPoint"",""coordinates"":[]}"
7837_0,0.9969554,"{""type"":""MultiPoint"",""coordinates"":[]}"
7839_0,0.29140612,"{""type"":""MultiPoint"",""coordinates"":[]}"
7840_0,0.20938267,"{""type"":""MultiPoint"",""coordinates"":[]}"
7843_0,0.10285099,"{""type"":""MultiPoint"",""coordinates"":[]}"
7846_0,0.27726686,"{""type"":""MultiPoint"",""coordinates"":[]}"
7847_0,0.06573479,"{""type"":""MultiPoint"",""coordinates"":[]}"
7848_0,0.11169453,"{""type"":""MultiPoint"",""coordinates"":[]}"
7854_0,0.10285099,"{""type"":""MultiPoint"",""coordinates"":[]}"
7857_0,0.08851832,"{""type"":""MultiPoint"",""coordinates"":[]}"
7859_0,0.10285099,"{""type"":""MultiPoint"",""coordinates"":[]}"
7860_0,0.7709468,"{""type"":""MultiPoint"",""coordinates"":[]}"
7865_0,0.112022206,"{""type"":""MultiPoint"",""coordinates"":[]}"
7866_0,0.074546695,"{""type"":""MultiPoint"",""coordinates"":[]}"
7867_0,0.05677155,"{""type"":""MultiPoint"",""coordinates"":[]}"
7868_0,0.9901895,"{""type"":""MultiPoint"",""coordinates"":[]}"
7869_0,0.20947154,"{""type"":""MultiPoint"",""coordinates"":[]}"
7872_0,0.17862874,"{""type"":""MultiPoint"",""coordinates"":[]}"
7873_0,0.07174893,"{""type"":""MultiPoint"",""coordinates"":[]}"
7874_0,0.0543004,"{""type"":""MultiPoint"",""coordinates"":[]}"
7879_0,0.041731,"{""type"":""MultiPoint"",""coordinates"":[]}"
7882_0,0.3675075,"{""type"":""MultiPoint"",""coordinates"":[]}"
7884_0,0.7184996,"{""type"":""MultiPoint"",""coordinates"":[]}"
7885_0,0.097796425,"{""type"":""MultiPoint"",""coordinates"":[]}"
7887_0,0.09343831,"{""type"":""MultiPoint"",""coordinates"":[]}"
7889_0,0.10285099,"{""type"":""MultiPoint"",""coordinates"":[]}"
7890_0,0.11975249,"{""type"":""MultiPoint"",""coordinates"":[]}"
7891_0,0.35081464,"{""type"":""MultiPoint"",""coordinates"":[]}"
7895_0,0.4802776,"{""type"":""MultiPoint"",""coordinates"":[]}"
7897_0,0.010210123,"{""type"":""MultiPoint"",""coordinates"":[]}"
7898_0,0.12776384,"{""type"":""MultiPoint"",""coordinates"":[]}"
7899_0,0.08250383,"{""type"":""MultiPoint"",""coordinates"":[]}"
7900_0,0.09511139,"{""type"":""MultiPoint"",""coordinates"":[]}"
7901_0,0.7351673,"{""type"":""MultiPoint"",""coordinates"":[]}"
7902_0,0.10285099,"{""type"":""MultiPoint"",""coordinates"":[]}"
7903_0,0.014133324,"{""type"":""MultiPoint"",""coordinates"":[]}"
7908_0,0.38543224,"{""type"":""MultiPoint"",""coordinates"":[]}"
7909_0,0.10952454,"{""type"":""MultiPoint"",""coordinates"":[]}"
7910_0,0.9847435,"{""type"":""MultiPoint"",""coordinates"":[]}"
7912_0,0.23326647,"{""type"":""MultiPoint"",""coordinates"":[]}"
7914_0,2.3092056E-4,"{""type"":""MultiPoint"",""coordinates"":[]}"
7918_0,0.11229959,"{""type"":""MultiPoint"",""coordinates"":[]}"
7921_0,0.29505783,"{""type"":""MultiPoint"",""coordinates"":[]}"
7922_0,0.029517625,"{""type"":""MultiPoint"",""coordinates"":[]}"
7923_0,0.9756715,"{""type"":""MultiPoint"",""coordinates"":[]}"
7926_0,0.366994,"{""type"":""MultiPoint"",""coordinates"":[]}"
7927_0,0.22559902,"{""type"":""MultiPoint"",""coordinates"":[]}"
7929_0,0.09841406,"{""type"":""MultiPoint"",""coordinates"":[]}"
7930_0,0.041415125,"{""type"":""MultiPoint"",""coordinates"":[]}"
7936_0,0.100524165,"{""type"":""MultiPoint"",""coordinates"":[]}"
7939_0,0.38598293,"{""type"":""MultiPoint"",""coordinates"":[]}"
7943_0,0.50027764,"{""type"":""MultiPoint"",""coordinates"":[]}"
7944_0,0.3675075,"{""type"":""MultiPoint"",""coordinates"":[]}"
7949_0,0.14472829,"{""type"":""MultiPoint"",""coordinates"":[]}"
7950_0,0.09549796,"{""type"":""MultiPoint"",""coordinates"":[]}"
7953_0,0.044641316,"{""type"":""MultiPoint"",""coordinates"":[]}"
7957_0,0.029631855,"{""type"":""MultiPoint"",""coordinates"":[]}"
7959_0,0.18456773,"{""type"":""MultiPoint"",""coordinates"":[]}"
7964_0,0.17634463,"{""type"":""MultiPoint"",""coordinates"":[]}"
7965_0,0.19700466,"{""type"":""MultiPoint"",""coordinates"":[]}"
7966_0,0.117967725,"{""type"":""MultiPoint"",""coordinates"":[]}"
7970_0,0.09343831,"{""type"":""MultiPoint"",""coordinates"":[]}"
7972_0,0.49305028,"{""type"":""MultiPoint"",""coordinates"":[]}"
7973_0,0.12171577,"{""type"":""MultiPoint"",""coordinates"":[]}"
7975_0,0.117309704,"{""type"":""MultiPoint"",""coordinates"":[]}"
7976_0,0.3875038,"{""type"":""MultiPoint"",""coordinates"":[]}"
7978_0,0.019118372,"{""type"":""MultiPoint"",""coordinates"":[]}"
7981_0,0.120261066,"{""type"":""MultiPoint"",""coordinates"":[]}"
7982_0,0.3544604,"{""type"":""MultiPoint"",""coordinates"":[]}"
7987_0,0.0665926,"{""type"":""MultiPoint"",""coordinates"":[]}"
7989_0,0.28452653,"{""type"":""MultiPoint"",""coordinates"":[]}"
7990_0,0.48759544,"{""type"":""MultiPoint"",""coordinates"":[]}"
7992_0,0.09194416,"{""type"":""MultiPoint"",""coordinates"":[]}"
7995_0,0.090081125,"{""type"":""MultiPoint"",""coordinates"":[]}"
7999_0,0.5182864,"{""type"":""MultiPoint"",""coordinates"":[]}"
8003_0,0.2872208,"{""type"":""MultiPoint"",""coordinates"":[]}"
8015_0,0.097796425,"{""type"":""MultiPoint"",""coordinates"":[]}"
8018_0,0.18456773,"{""type"":""MultiPoint"",""coordinates"":[]}"
8020_0,0.5219009,"{""type"":""MultiPoint"",""coordinates"":[]}"
8024_0,0.24566188,"{""type"":""MultiPoint"",""coordinates"":[]}"
8025_0,0.11743991,"{""type"":""MultiPoint"",""coordinates"":[]}"
8030_0,0.0023940047,"{""type"":""MultiPoint"",""coordinates"":[]}"
8032_0,0.059212394,"{""type"":""MultiPoint"",""coordinates"":[]}"
8033_0,0.075928405,"{""type"":""MultiPoint"",""coordinates"":[]}"
8034_0,0.32130992,"{""type"":""MultiPoint"",""coordinates"":[]}"
8040_0,0.2786403,"{""type"":""MultiPoint"",""coordinates"":[]}"
8049_0,8.9404575E-4,"{""type"":""MultiPoint"",""coordinates"":[]}"
8054_0,0.17115282,"{""type"":""MultiPoint"",""coordinates"":[]}"
8055_0,0.008147313,"{""type"":""MultiPoint"",""coordinates"":[]}"
8056_0,0.18456773,"{""type"":""MultiPoint"",""coordinates"":[]}"
8057_0,0.0767264,"{""type"":""MultiPoint"",""coordinates"":[]}"
8058_0,0.012327017,"{""type"":""MultiPoint"",""coordinates"":[]}"
8061_0,0.2039233,"{""type"":""MultiPoint"",""coordinates"":[]}"
8063_0,0.28095347,"{""type"":""MultiPoint"",""coordinates"":[]}"
8067_0,0.50064844,"{""type"":""MultiPoint"",""coordinates"":[]}"
8071_0,0.3794702,"{""type"":""MultiPoint"",""coordinates"":[]}"
8073_0,0.018148784,"{""type"":""MultiPoint"",""coordinates"":[]}"
8074_0,0.07669952,"{""type"":""MultiPoint"",""coordinates"":[]}"
8076_0,0.29140612,"{""type"":""MultiPoint"",""coordinates"":[]}"
8077_0,0.059212394,"{""type"":""MultiPoint"",""coordinates"":[]}"
8079_0,0.9965921,"{""type"":""MultiPoint"",""coordinates"":[]}"
8080_0,0.077151574,"{""type"":""MultiPoint"",""coordinates"":[]}"
8083_0,0.09343831,"{""type"":""MultiPoint"",""coordinates"":[]}"
8084_0,0.027579414,"{""type"":""MultiPoint"",""coordinates"":[]}"
8087_0,0.0024798817,"{""type"":""MultiPoint"",""coordinates"":[]}"
8092_0,0.066119984,"{""type"":""MultiPoint"",""coordinates"":[]}"
8093_0,0.12715232,"{""type"":""MultiPoint"",""coordinates"":[]}"
8100_0,0.1469843,"{""type"":""MultiPoint"",""coordinates"":[]}"
8101_0,0.014485282,"{""type"":""MultiPoint"",""coordinates"":[]}"
8105_0,0.18413903,"{""type"":""MultiPoint"",""coordinates"":[]}"
8106_0,0.1075159,"{""type"":""MultiPoint"",""coordinates"":[]}"
8109_0,0.24177404,"{""type"":""MultiPoint"",""coordinates"":[]}"
8111_0,0.18098575,"{""type"":""MultiPoint"",""coordinates"":[]}"
8113_0,0.12990949,"{""type"":""MultiPoint"",""coordinates"":[]}"
8114_0,2.912218E-4,"{""type"":""MultiPoint"",""coordinates"":[]}"
8115_0,0.28131342,"{""type"":""MultiPoint"",""coordinates"":[]}"
8117_0,0.059212394,"{""type"":""MultiPoint"",""coordinates"":[]}"
8121_0,0.32464442,"{""type"":""MultiPoint"",""coordinates"":[]}"
8122_0,0.10631123,"{""type"":""MultiPoint"",""coordinates"":[]}"
8123_0,0.21096049,"{""type"":""MultiPoint"",""coordinates"":[]}"
8126_0,0.02278664,"{""type"":""MultiPoint"",""coordinates"":[]}"
8129_0,0.0755203,"{""type"":""MultiPoint"",""coordinates"":[]}"
8132_0,0.10285099,"{""type"":""MultiPoint"",""coordinates"":[]}"
8133_0,0.05685705,"{""type"":""MultiPoint"",""coordinates"":[]}"
8144_0,0.041004635,"{""type"":""MultiPoint"",""coordinates"":[]}"
8149_0,0.57159233,"{""type"":""MultiPoint"",""coordinates"":[]}"
8152_0,0.12504251,"{""type"":""MultiPoint"",""coordinates"":[]}"
8154_0,0.07338073,"{""type"":""MultiPoint"",""coordinates"":[]}"
8157_0,0.10285099,"{""type"":""MultiPoint"",""coordinates"":[]}"
8160_0,0.08368953,"{""type"":""MultiPoint"",""coordinates"":[]}"
8165_0,0.103687,"{""type"":""MultiPoint"",""coordinates"":[]}"
8168_0,0.082366966,"{""type"":""MultiPoint"",""coordinates"":[]}"
8170_0,0.06288137,"{""type"":""MultiPoint"",""coordinates"":[]}"
8172_0,0.07962965,"{""type"":""MultiPoint"",""coordinates"":[]}"
8174_0,0.105786815,"{""type"":""MultiPoint"",""coordinates"":[]}"
8175_0,0.03010386,"{""type"":""MultiPoint"",""coordinates"":[]}"
8176_0,0.084594846,"{""type"":""MultiPoint"",""coordinates"":[]}"
8179_0,0.11579308,"{""type"":""MultiPoint"",""coordinates"":[]}"
8181_0,0.10630077,"{""type"":""MultiPoint"",""coordinates"":[]}"
8182_0,0.14462978,"{""type"":""MultiPoint"",""coordinates"":[]}"
8185_0,0.02278664,"{""type"":""MultiPoint"",""coordinates"":[]}"
8190_0,0.03387099,"{""type"":""MultiPoint"",""coordinates"":[]}"
8191_0,0.27221164,"{""type"":""MultiPoint"",""coordinates"":[]}"
8193_0,0.19797829,"{""type"":""MultiPoint"",""coordinates"":[]}"
8195_0,0.062192984,"{""type"":""MultiPoint"",""coordinates"":[]}"
8196_0,0.021088053,"{""type"":""MultiPoint"",""coordinates"":[]}"
8197_0,0.010184338,"{""type"":""MultiPoint"",""coordinates"":[]}"
8198_0,0.22684367,"{""type"":""MultiPoint"",""coordinates"":[]}"
8211_0,0.01340976,"{""type"":""MultiPoint"",""coordinates"":[]}"
8216_0,0.0039507053,"{""type"":""MultiPoint"",""coordinates"":[]}"
8217_0,0.17347814,"{""type"":""MultiPoint"",""coordinates"":[]}"
8220_0,0.29140612,"{""type"":""MultiPoint"",""coordinates"":[]}"
8221_0,0.9722918,"{""type"":""MultiPoint"",""coordinates"":[]}"
8223_0,0.40892243,"{""type"":""MultiPoint"",""coordinates"":[]}"
8226_0,0.22646506,"{""type"":""MultiPoint"",""coordinates"":[]}"
8227_0,0.012327017,"{""type"":""MultiPoint"",""coordinates"":[]}"
8229_0,0.2959227,"{""type"":""MultiPoint"",""coordinates"":[]}"
8232_0,0.107677706,"{""type"":""MultiPoint"",""coordinates"":[]}"
8235_0,0.1666878,"{""type"":""MultiPoint"",""coordinates"":[]}"
8237_0,0.99708134,"{""type"":""MultiPoint"",""coordinates"":[]}"
8240_0,0.9919505,"{""type"":""MultiPoint"",""coordinates"":[]}"
8241_0,0.0070755268,"{""type"":""MultiPoint"",""coordinates"":[]}"
8242_0,0.15261163,"{""type"":""MultiPoint"",""coordinates"":[]}"
8249_0,0.038905624,"{""type"":""MultiPoint"",""coordinates"":[]}"
8251_0,0.042788167,"{""type"":""MultiPoint"",""coordinates"":[]}"
8253_0,0.19364496,"{""type"":""MultiPoint"",""coordinates"":[]}"
8255_0,0.00771889,"{""type"":""MultiPoint"",""coordinates"":[]}"
8257_0,0.12990949,"{""type"":""MultiPoint"",""coordinates"":[]}"
8260_0,0.34347838,"{""type"":""MultiPoint"",""coordinates"":[]}"
8261_0,0.097796425,"{""type"":""MultiPoint"",""coordinates"":[]}"
8266_0,0.25192103,"{""type"":""MultiPoint"",""coordinates"":[]}"
8269_0,0.031937007,"{""type"":""MultiPoint"",""coordinates"":[]}"
8270_0,0.13672152,"{""type"":""MultiPoint"",""coordinates"":[]}"
8271_0,0.194598,"{""type"":""MultiPoint"",""coordinates"":[]}"
8272_0,0.15253785,"{""type"":""MultiPoint"",""coordinates"":[]}"
8273_0,0.5588425,"{""type"":""MultiPoint"",""coordinates"":[]}"
8274_0,0.052881654,"{""type"":""MultiPoint"",""coordinates"":[]}"
8276_0,0.0867102,"{""type"":""MultiPoint"",""coordinates"":[]}"
8278_0,0.25650725,"{""type"":""MultiPoint"",""coordinates"":[]}"
8279_0,0.0075144735,"{""type"":""MultiPoint"",""coordinates"":[]}"
8280_0,0.48702824,"{""type"":""MultiPoint"",""coordinates"":[]}"
8281_0,0.031937007,"{""type"":""MultiPoint"",""coordinates"":[]}"
8283_0,0.060817193,"{""type"":""MultiPoint"",""coordinates"":[]}"
8289_0,0.17502892,"{""type"":""MultiPoint"",""coordinates"":[]}"
8293_0,0.16944925,"{""type"":""MultiPoint"",""coordinates"":[]}"
8296_0,0.099859014,"{""type"":""MultiPoint"",""coordinates"":[]}"
8299_0,0.1297358,"{""type"":""MultiPoint"",""coordinates"":[]}"
8302_0,0.54971164,"{""type"":""MultiPoint"",""coordinates"":[]}"
8303_0,0.32196933,"{""type"":""MultiPoint"",""coordinates"":[]}"
8304_0,0.09460962,"{""type"":""MultiPoint"",""coordinates"":[]}"
8309_0,0.9318647,"{""type"":""MultiPoint"",""coordinates"":[]}"
8310_0,0.024831124,"{""type"":""MultiPoint"",""coordinates"":[]}"
8311_0,0.11975249,"{""type"":""MultiPoint"",""coordinates"":[]}"
8313_0,0.28952622,"{""type"":""MultiPoint"",""coordinates"":[]}"
8315_0,0.3392879,"{""type"":""MultiPoint"",""coordinates"":[]}"
8316_0,0.1029513,"{""type"":""MultiPoint"",""coordinates"":[]}"
8318_0,0.2382989,"{""type"":""MultiPoint"",""coordinates"":[]}"
8320_0,0.06886628,"{""type"":""MultiPoint"",""coordinates"":[]}"
8321_0,0.4802776,"{""type"":""MultiPoint"",""coordinates"":[]}"
8323_0,0.018176649,"{""type"":""MultiPoint"",""coordinates"":[]}"
8324_0,0.20698869,"{""type"":""MultiPoint"",""coordinates"":[]}"
8327_0,0.13333978,"{""type"":""MultiPoint"",""coordinates"":[]}"
8329_0,0.18456773,"{""type"":""MultiPoint"",""coordinates"":[]}"
8331_0,0.15916133,"{""type"":""MultiPoint"",""coordinates"":[]}"
8332_0,0.001044856,"{""type"":""MultiPoint"",""coordinates"":[]}"
8333_0,0.228541,"{""type"":""MultiPoint"",""coordinates"":[]}"
8335_0,0.107677706,"{""type"":""MultiPoint"",""coordinates"":[]}"
8336_0,0.103687,"{""type"":""MultiPoint"",""coordinates"":[]}"
8337_0,0.105786815,"{""type"":""MultiPoint"",""coordinates"":[]}"
8343_0,0.03790116,"{""type"":""MultiPoint"",""coordinates"":[]}"
8344_0,0.28452653,"{""type"":""MultiPoint"",""coordinates"":[]}"
8346_0,0.08851832,"{""type"":""MultiPoint"",""coordinates"":[]}"
8349_0,0.011621363,"{""type"":""MultiPoint"",""coordinates"":[]}"
8353_0,0.10100296,"{""type"":""MultiPoint"",""coordinates"":[]}"
8354_0,0.057553586,"{""type"":""MultiPoint"",""coordinates"":[]}"
8356_0,0.97612566,"{""type"":""MultiPoint"",""coordinates"":[]}"
8357_0,0.0767264,"{""type"":""MultiPoint"",""coordinates"":[]}"
8361_0,0.055208884,"{""type"":""MultiPoint"",""coordinates"":[]}"
8362_0,0.021647938,"{""type"":""MultiPoint"",""coordinates"":[]}"
8364_0,0.9981264,"{""type"":""MultiPoint"",""coordinates"":[]}"
8366_0,0.062192984,"{""type"":""MultiPoint"",""coordinates"":[]}"
8368_0,0.04107817,"{""type"":""MultiPoint"",""coordinates"":[]}"
8371_0,0.097796425,"{""type"":""MultiPoint"",""coordinates"":[]}"
8376_0,0.06754969,"{""type"":""MultiPoint"",""coordinates"":[]}"
8377_0,0.09558582,"{""type"":""MultiPoint"",""coordinates"":[]}"
8379_0,0.100524165,"{""type"":""MultiPoint"",""coordinates"":[]}"
8383_0,0.13693358,"{""type"":""MultiPoint"",""coordinates"":[]}"
8384_0,0.18799058,"{""type"":""MultiPoint"",""coordinates"":[]}"
8386_0,0.9737312,"{""type"":""MultiPoint"",""coordinates"":[]}"
8394_0,0.21252942,"{""type"":""MultiPoint"",""coordinates"":[]}"
8397_0,0.0139602395,"{""type"":""MultiPoint"",""coordinates"":[]}"
8398_0,0.5364599,"{""type"":""MultiPoint"",""coordinates"":[]}"
8400_0,0.011962677,"{""type"":""MultiPoint"",""coordinates"":[]}"
8402_0,0.24177404,"{""type"":""MultiPoint"",""coordinates"":[]}"
8404_0,0.07669952,"{""type"":""MultiPoint"",""coordinates"":[]}"
8406_0,0.028852254,"{""type"":""MultiPoint"",""coordinates"":[]}"
8407_0,0.19546548,"{""type"":""MultiPoint"",""coordinates"":[]}"
8414_0,0.08310655,"{""type"":""MultiPoint"",""coordinates"":[]}"
8416_0,0.077151574,"{""type"":""MultiPoint"",""coordinates"":[]}"
8417_0,0.9984116,"{""type"":""MultiPoint"",""coordinates"":[]}"
8418_0,0.17375225,"{""type"":""MultiPoint"",""coordinates"":[]}"
8419_0,0.09343831,"{""type"":""MultiPoint"",""coordinates"":[]}"
8421_0,0.10033204,"{""type"":""MultiPoint"",""coordinates"":[]}"
8427_0,0.96710306,"{""type"":""MultiPoint"",""coordinates"":[]}"
8431_0,0.018239975,"{""type"":""MultiPoint"",""coordinates"":[]}"
8432_0,0.25047827,"{""type"":""MultiPoint"",""coordinates"":[]}"
8433_0,0.29140612,"{""type"":""MultiPoint"",""coordinates"":[]}"
8435_0,0.22782949,"{""type"":""MultiPoint"",""coordinates"":[]}"
8437_0,0.2713834,"{""type"":""MultiPoint"",""coordinates"":[]}"
8438_0,0.5009644,"{""type"":""MultiPoint"",""coordinates"":[]}"
8439_0,0.08271224,"{""type"":""MultiPoint"",""coordinates"":[]}"
8442_0,0.103687,"{""type"":""MultiPoint"",""coordinates"":[]}"
8445_0,0.23077728,"{""type"":""MultiPoint"",""coordinates"":[]}"
8446_0,0.021263884,"{""type"":""MultiPoint"",""coordinates"":[]}"
8448_0,0.23312505,"{""type"":""MultiPoint"",""coordinates"":[]}"
8450_0,0.17230389,"{""type"":""MultiPoint"",""coordinates"":[]}"
8452_0,0.29140612,"{""type"":""MultiPoint"",""coordinates"":[]}"
8455_0,0.24355017,"{""type"":""MultiPoint"",""coordinates"":[]}"
8456_0,0.26647973,"{""type"":""MultiPoint"",""coordinates"":[]}"
8457_0,0.10285099,"{""type"":""MultiPoint"",""coordinates"":[]}"
8460_0,0.14980307,"{""type"":""MultiPoint"",""coordinates"":[]}"
8464_0,0.03296321,"{""type"":""MultiPoint"",""coordinates"":[]}"
8466_0,0.10061891,"{""type"":""MultiPoint"",""coordinates"":[]}"
8467_0,0.3544604,"{""type"":""MultiPoint"",""coordinates"":[]}"
8473_0,0.41358295,"{""type"":""MultiPoint"",""coordinates"":[]}"
8474_0,0.09343831,"{""type"":""MultiPoint"",""coordinates"":[]}"
8477_0,0.0787607,"{""type"":""MultiPoint"",""coordinates"":[]}"
8484_0,0.36087003,"{""type"":""MultiPoint"",""coordinates"":[]}"
8485_0,0.1110861,"{""type"":""MultiPoint"",""coordinates"":[]}"
8488_0,0.09790403,"{""type"":""MultiPoint"",""coordinates"":[]}"
8492_0,0.66489065,"{""type"":""MultiPoint"",""coordinates"":[]}"
8495_0,0.11885514,"{""type"":""MultiPoint"",""coordinates"":[]}"
8498_0,0.8528581,"{""type"":""MultiPoint"",""coordinates"":[]}"
8499_0,0.29140612,"{""type"":""MultiPoint"",""coordinates"":[]}"
8501_0,0.14259537,"{""type"":""MultiPoint"",""coordinates"":[]}"
8504_0,0.09194416,"{""type"":""MultiPoint"",""coordinates"":[]}"
8507_0,0.059212394,"{""type"":""MultiPoint"",""coordinates"":[]}"
8508_0,0.4285069,"{""type"":""MultiPoint"",""coordinates"":[]}"
8512_0,0.06765379,"{""type"":""MultiPoint"",""coordinates"":[]}"
8513_0,0.31032404,"{""type"":""MultiPoint"",""coordinates"":[]}"
8514_0,0.95468616,"{""type"":""MultiPoint"",""coordinates"":[]}"
8519_0,0.14453343,"{""type"":""MultiPoint"",""coordinates"":[]}"
8523_0,0.1715961,"{""type"":""MultiPoint"",""coordinates"":[]}"
8524_0,0.08200271,"{""type"":""MultiPoint"",""coordinates"":[]}"
8529_0,0.17230389,"{""type"":""MultiPoint"",""coordinates"":[]}"
8530_0,0.12462965,"{""type"":""MultiPoint"",""coordinates"":[]}"
8533_0,0.097796425,"{""type"":""MultiPoint"",""coordinates"":[]}"
8538_0,0.021088053,"{""type"":""MultiPoint"",""coordinates"":[]}"
8541_0,0.15259017,"{""type"":""MultiPoint"",""coordinates"":[]}"
8542_0,0.38050815,"{""type"":""MultiPoint"",""coordinates"":[]}"
8543_0,0.288916,"{""type"":""MultiPoint"",""coordinates"":[]}"
8549_0,0.10562055,"{""type"":""MultiPoint"",""coordinates"":[]}"
8555_0,0.23297796,"{""type"":""MultiPoint"",""coordinates"":[]}"
8556_0,0.08605909,"{""type"":""MultiPoint"",""coordinates"":[]}"
8557_0,0.9984116,"{""type"":""MultiPoint"",""coordinates"":[]}"
8559_0,0.13659714,"{""type"":""MultiPoint"",""coordinates"":[]}"
8560_0,0.074595734,"{""type"":""MultiPoint"",""coordinates"":[]}"
8563_0,0.56708694,"{""type"":""MultiPoint"",""coordinates"":[]}"
8564_0,0.30994403,"{""type"":""MultiPoint"",""coordinates"":[]}"
8565_0,0.033180647,"{""type"":""MultiPoint"",""coordinates"":[]}"
8568_0,0.15652148,"{""type"":""MultiPoint"",""coordinates"":[]}"
8570_0,0.10285099,"{""type"":""MultiPoint"",""coordinates"":[]}"
8572_0,0.12646525,"{""type"":""MultiPoint"",""coordinates"":[]}"
8577_0,0.22559902,"{""type"":""MultiPoint"",""coordinates"":[]}"
8578_0,0.03387099,"{""type"":""MultiPoint"",""coordinates"":[]}"
8581_0,0.08920848,"{""type"":""MultiPoint"",""coordinates"":[]}"
8582_0,0.24355017,"{""type"":""MultiPoint"",""coordinates"":[]}"
8584_0,0.23858245,"{""type"":""MultiPoint"",""coordinates"":[]}"
8585_0,0.6946753,"{""type"":""MultiPoint"",""coordinates"":[]}"
8588_0,0.12646525,"{""type"":""MultiPoint"",""coordinates"":[]}"
8589_0,0.64268625,"{""type"":""MultiPoint"",""coordinates"":[]}"
8590_0,0.11975249,"{""type"":""MultiPoint"",""coordinates"":[]}"
8594_0,0.9921104,"{""type"":""MultiPoint"",""coordinates"":[]}"
8595_0,0.11946426,"{""type"":""MultiPoint"",""coordinates"":[]}"
8598_0,0.14765212,"{""type"":""MultiPoint"",""coordinates"":[]}"
8603_0,0.002795578,"{""type"":""MultiPoint"",""coordinates"":[]}"
8604_0,0.0043239105,"{""type"":""MultiPoint"",""coordinates"":[]}"
8606_0,0.06918103,"{""type"":""MultiPoint"",""coordinates"":[]}"
8611_0,0.03005696,"{""type"":""MultiPoint"",""coordinates"":[]}"
8615_0,0.609355,"{""type"":""MultiPoint"",""coordinates"":[]}"
8616_0,0.06765379,"{""type"":""MultiPoint"",""coordinates"":[]}"
8622_0,0.01569803,"{""type"":""MultiPoint"",""coordinates"":[]}"
8623_0,0.051165476,"{""type"":""MultiPoint"",""coordinates"":[]}"
8625_0,0.2691035,"{""type"":""MultiPoint"",""coordinates"":[]}"
8629_0,0.017389607,"{""type"":""MultiPoint"",""coordinates"":[]}"
8633_0,0.26860398,"{""type"":""MultiPoint"",""coordinates"":[]}"
8634_0,0.29846126,"{""type"":""MultiPoint"",""coordinates"":[]}"
8638_0,0.36632556,"{""type"":""MultiPoint"",""coordinates"":[]}"
8639_0,0.062192984,"{""type"":""MultiPoint"",""coordinates"":[]}"
8644_0,0.0959975,"{""type"":""MultiPoint"",""coordinates"":[]}"
8647_0,0.105786815,"{""type"":""MultiPoint"",""coordinates"":[]}"
8650_0,0.25987953,"{""type"":""MultiPoint"",""coordinates"":[]}"
8656_0,0.10285099,"{""type"":""MultiPoint"",""coordinates"":[]}"
8659_0,0.23281257,"{""type"":""MultiPoint"",""coordinates"":[]}"
8660_0,0.013207978,"{""type"":""MultiPoint"",""coordinates"":[]}"
8664_0,0.22559902,"{""type"":""MultiPoint"",""coordinates"":[]}"
8666_0,0.18998411,"{""type"":""MultiPoint"",""coordinates"":[]}"
8669_0,0.6224672,"{""type"":""MultiPoint"",""coordinates"":[]}"
8671_0,0.18456773,"{""type"":""MultiPoint"",""coordinates"":[]}"
8674_0,0.07354527,"{""type"":""MultiPoint"",""coordinates"":[]}"
8675_0,0.12646525,"{""type"":""MultiPoint"",""coordinates"":[]}"
8678_0,0.47945124,"{""type"":""MultiPoint"",""coordinates"":[]}"
8680_0,0.06765379,"{""type"":""MultiPoint"",""coordinates"":[]}"
8681_0,0.10059872,"{""type"":""MultiPoint"",""coordinates"":[]}"
8683_0,0.151,"{""type"":""MultiPoint"",""coordinates"":[]}"
8686_0,0.08224562,"{""type"":""MultiPoint"",""coordinates"":[]}"
8688_0,0.15151241,"{""type"":""MultiPoint"",""coordinates"":[]}"
8693_0,0.07154436,"{""type"":""MultiPoint"",""coordinates"":[]}"
8698_0,0.2438891,"{""type"":""MultiPoint"",""coordinates"":[]}"
8699_0,0.08985279,"{""type"":""MultiPoint"",""coordinates"":[]}"
8702_0,0.2265144,"{""type"":""MultiPoint"",""coordinates"":[]}"
8704_0,0.18456773,"{""type"":""MultiPoint"",""coordinates"":[]}"
8706_0,0.18877323,"{""type"":""MultiPoint"",""coordinates"":[]}"
8708_0,0.075928405,"{""type"":""MultiPoint"",""coordinates"":[]}"
8712_0,0.6081262,"{""type"":""MultiPoint"",""coordinates"":[]}"
8715_0,0.18456773,"{""type"":""MultiPoint"",""coordinates"":[]}"
8717_0,0.022242725,"{""type"":""MultiPoint"",""coordinates"":[]}"
8719_0,0.097796425,"{""type"":""MultiPoint"",""coordinates"":[]}"
8720_0,0.17505595,"{""type"":""MultiPoint"",""coordinates"":[]}"
8724_0,0.0053440435,"{""type"":""MultiPoint"",""coordinates"":[]}"
8728_0,0.024329606,"{""type"":""MultiPoint"",""coordinates"":[]}"
8729_0,0.7090576,"{""type"":""MultiPoint"",""coordinates"":[]}"
8730_0,0.0853373,"{""type"":""MultiPoint"",""coordinates"":[]}"
8731_0,0.12347895,"{""type"":""MultiPoint"",""coordinates"":[]}"
8733_0,0.10285099,"{""type"":""MultiPoint"",""coordinates"":[]}"
8737_0,0.18456773,"{""type"":""MultiPoint"",""coordinates"":[]}"
8738_0,0.01890808,"{""type"":""MultiPoint"",""coordinates"":[]}"
8741_0,0.2535022,"{""type"":""MultiPoint"",""coordinates"":[]}"
8743_0,0.13919297,"{""type"":""MultiPoint"",""coordinates"":[]}"
8745_0,0.14462978,"{""type"":""MultiPoint"",""coordinates"":[]}"
8747_0,0.076491505,"{""type"":""MultiPoint"",""coordinates"":[]}"
8751_0,0.14462978,"{""type"":""MultiPoint"",""coordinates"":[]}"
8754_0,0.097796425,"{""type"":""MultiPoint"",""coordinates"":[]}"
8755_0,0.08817687,"{""type"":""MultiPoint"",""coordinates"":[]}"
8758_0,0.4976047,"{""type"":""MultiPoint"",""coordinates"":[]}"
8761_0,0.17796138,"{""type"":""MultiPoint"",""coordinates"":[]}"
8763_0,0.075928405,"{""type"":""MultiPoint"",""coordinates"":[]}"
8764_0,0.123395376,"{""type"":""MultiPoint"",""coordinates"":[]}"
8765_0,0.22536777,"{""type"":""MultiPoint"",""coordinates"":[]}"
8767_0,0.14271693,"{""type"":""MultiPoint"",""coordinates"":[]}"
8770_0,0.012593548,"{""type"":""MultiPoint"",""coordinates"":[]}"
8771_0,0.29086554,"{""type"":""MultiPoint"",""coordinates"":[]}"
8773_0,0.043471206,"{""type"":""MultiPoint"",""coordinates"":[]}"
8775_0,0.021088053,"{""type"":""MultiPoint"",""coordinates"":[]}"
8778_0,0.66489065,"{""type"":""MultiPoint"",""coordinates"":[]}"
8779_0,0.11285686,"{""type"":""MultiPoint"",""coordinates"":[]}"
8780_0,0.1356467,"{""type"":""MultiPoint"",""coordinates"":[]}"
8784_0,0.30083594,"{""type"":""MultiPoint"",""coordinates"":[]}"
8787_0,0.12990949,"{""type"":""MultiPoint"",""coordinates"":[]}"
8788_0,0.017632352,"{""type"":""MultiPoint"",""coordinates"":[]}"
8789_0,0.08271224,"{""type"":""MultiPoint"",""coordinates"":[]}"
8790_0,0.23312505,"{""type"":""MultiPoint"",""coordinates"":[]}"
8795_0,0.053750552,"{""type"":""MultiPoint"",""coordinates"":[]}"
8801_0,0.18456773,"{""type"":""MultiPoint"",""coordinates"":[]}"
8807_0,0.18998411,"{""type"":""MultiPoint"",""coordinates"":[]}"
8811_0,0.070969984,"{""type"":""MultiPoint"",""coordinates"":[]}"
8814_0,0.10285099,"{""type"":""MultiPoint"",""coordinates"":[]}"
8815_0,0.116636395,"{""type"":""MultiPoint"",""coordinates"":[]}"
8816_0,0.26275405,"{""type"":""MultiPoint"",""coordinates"":[]}"
8818_0,0.19700466,"{""type"":""MultiPoint"",""coordinates"":[]}"
8825_0,0.12646525,"{""type"":""MultiPoint"",""coordinates"":[]}"
8828_0,0.0023103207,"{""type"":""MultiPoint"",""coordinates"":[]}"
8831_0,0.09947689,"{""type"":""MultiPoint"",""coordinates"":[]}"
8832_0,0.0033278158,"{""type"":""MultiPoint"",""coordinates"":[]}"
8839_0,0.32271597,"{""type"":""MultiPoint"",""coordinates"":[]}"
8840_0,0.30268568,"{""type"":""MultiPoint"",""coordinates"":[]}"
8843_0,0.11451499,"{""type"":""MultiPoint"",""coordinates"":[]}"
8845_0,0.10285099,"{""type"":""MultiPoint"",""coordinates"":[]}"
8851_0,0.9967477,"{""type"":""MultiPoint"",""coordinates"":[]}"
8854_0,0.95004225,"{""type"":""MultiPoint"",""coordinates"":[]}"
8862_0,0.47059858,"{""type"":""MultiPoint"",""coordinates"":[]}"
8863_0,0.9969554,"{""type"":""MultiPoint"",""coordinates"":[]}"
8865_0,0.058871157,"{""type"":""MultiPoint"",""coordinates"":[]}"
8866_0,0.08271224,"{""type"":""MultiPoint"",""coordinates"":[]}"
8873_0,0.07669952,"{""type"":""MultiPoint"",""coordinates"":[]}"
8875_0,0.3392879,"{""type"":""MultiPoint"",""coordinates"":[]}"
8877_0,0.20811607,"{""type"":""MultiPoint"",""coordinates"":[]}"
8879_0,0.10285099,"{""type"":""MultiPoint"",""coordinates"":[]}"
8880_0,0.07234602,"{""type"":""MultiPoint"",""coordinates"":[]}"
8882_0,0.10952454,"{""type"":""MultiPoint"",""coordinates"":[]}"
8889_0,0.03296321,"{""type"":""MultiPoint"",""coordinates"":[]}"
8893_0,0.3731105,"{""type"":""MultiPoint"",""coordinates"":[]}"
8896_0,0.24883893,"{""type"":""MultiPoint"",""coordinates"":[]}"
8898_0,0.15770884,"{""type"":""MultiPoint"",""coordinates"":[]}"
8899_0,0.10662864,"{""type"":""MultiPoint"",""coordinates"":[]}"
8900_0,0.097796425,"{""type"":""MultiPoint"",""coordinates"":[]}"
8906_0,0.4306667,"{""type"":""MultiPoint"",""coordinates"":[]}"
8908_0,0.5017962,"{""type"":""MultiPoint"",""coordinates"":[]}"
8910_0,0.36119714,"{""type"":""MultiPoint"",""coordinates"":[]}"
8912_0,0.100524165,"{""type"":""MultiPoint"",""coordinates"":[]}"
8913_0,0.059212394,"{""type"":""MultiPoint"",""coordinates"":[]}"
8919_0,0.24355017,"{""type"":""MultiPoint"",""coordinates"":[]}"
8923_0,0.55754113,"{""type"":""MultiPoint"",""coordinates"":[]}"
8925_0,0.09046312,"{""type"":""MultiPoint"",""coordinates"":[]}"
8926_0,0.9756715,"{""type"":""MultiPoint"",""coordinates"":[]}"
8926_1,0.16908874,"{""type"":""MultiPoint"",""coordinates"":[]}"
8927_0,0.18456773,"{""type"":""MultiPoint"",""coordinates"":[]}"
8928_0,0.4285069,"{""type"":""MultiPoint"",""coordinates"":[]}"
8931_0,0.022064786,"{""type"":""MultiPoint"",""coordinates"":[]}"
8932_0,0.23077728,"{""type"":""MultiPoint"",""coordinates"":[]}"
8935_0,0.08602925,"{""type"":""MultiPoint"",""coordinates"":[]}"
8936_0,0.4318182,"{""type"":""MultiPoint"",""coordinates"":[]}"
8937_0,0.10285099,"{""type"":""MultiPoint"",""coordinates"":[]}"
8942_0,0.070046775,"{""type"":""MultiPoint"",""coordinates"":[]}"
8943_0,0.114047475,"{""type"":""MultiPoint"",""coordinates"":[]}"
8944_0,0.0139602395,"{""type"":""MultiPoint"",""coordinates"":[]}"
8946_0,0.50064844,"{""type"":""MultiPoint"",""coordinates"":[]}"
8950_0,0.062192984,"{""type"":""MultiPoint"",""coordinates"":[]}"
8951_0,0.9251598,"{""type"":""MultiPoint"",""coordinates"":[]}"
8954_0,0.021119766,"{""type"":""MultiPoint"",""coordinates"":[]}"
8959_0,0.09343831,"{""type"":""MultiPoint"",""coordinates"":[]}"
8965_0,0.09470192,"{""type"":""MultiPoint"",""coordinates"":[]}"
8967_0,0.07513506,"{""type"":""MultiPoint"",""coordinates"":[]}"
8973_0,0.3675075,"{""type"":""MultiPoint"",""coordinates"":[]}"
8974_0,0.9984116,"{""type"":""MultiPoint"",""coordinates"":[]}"
8975_0,0.0024798817,"{""type"":""MultiPoint"",""coordinates"":[]}"
8977_0,0.99708134,"{""type"":""MultiPoint"",""coordinates"":[]}"
8978_0,0.114286534,"{""type"":""MultiPoint"",""coordinates"":[]}"
8979_0,0.1093405,"{""type"":""MultiPoint"",""coordinates"":[]}"
8981_0,0.03296321,"{""type"":""MultiPoint"",""coordinates"":[]}"
8982_0,0.0043532006,"{""type"":""MultiPoint"",""coordinates"":[]}"
8990_0,0.22559902,"{""type"":""MultiPoint"",""coordinates"":[]}"
8991_0,0.99802935,"{""type"":""MultiPoint"",""coordinates"":[]}"
8992_0,0.6192352,"{""type"":""MultiPoint"",""coordinates"":[]}"
8996_0,0.05181758,"{""type"":""MultiPoint"",""coordinates"":[]}"
8998_0,0.097796425,"{""type"":""MultiPoint"",""coordinates"":[]}"
9000_0,0.0039507416,"{""type"":""MultiPoint"",""coordinates"":[]}"
9002_0,0.08200271,"{""type"":""MultiPoint"",""coordinates"":[]}"
9003_0,0.022064786,"{""type"":""MultiPoint"",""coordinates"":[]}"
9005_0,0.011475624,"{""type"":""MultiPoint"",""coordinates"":[]}"
9006_0,0.18456773,"{""type"":""MultiPoint"",""coordinates"":[]}"
9008_0,0.100524165,"{""type"":""MultiPoint"",""coordinates"":[]}"
9009_0,0.0039507416,"{""type"":""MultiPoint"",""coordinates"":[]}"
9010_0,0.18456773,"{""type"":""MultiPoint"",""coordinates"":[]}"
9012_0,0.9984116,"{""type"":""MultiPoint"",""coordinates"":[]}"
9013_0,0.22349611,"{""type"":""MultiPoint"",""coordinates"":[]}"
9015_0,0.06258107,"{""type"":""MultiPoint"",""coordinates"":[]}"
9018_0,0.11806557,"{""type"":""MultiPoint"",""coordinates"":[]}"
9020_0,0.060981326,"{""type"":""MultiPoint"",""coordinates"":[]}"
9022_0,0.023014698,"{""type"":""MultiPoint"",""coordinates"":[]}"
9023_0,0.012593548,"{""type"":""MultiPoint"",""coordinates"":[]}"
9024_0,0.18835312,"{""type"":""MultiPoint"",""coordinates"":[]}"
9029_0,0.15217134,"{""type"":""MultiPoint"",""coordinates"":[]}"
9031_0,0.062192984,"{""type"":""MultiPoint"",""coordinates"":[]}"
9034_0,0.92365324,"{""type"":""MultiPoint"",""coordinates"":[]}"
9041_0,0.097796425,"{""type"":""MultiPoint"",""coordinates"":[]}"
9044_0,0.15024994,"{""type"":""MultiPoint"",""coordinates"":[]}"
9046_0,0.14739703,"{""type"":""MultiPoint"",""coordinates"":[]}"
9047_0,0.13767032,"{""type"":""MultiPoint"",""coordinates"":[]}"
9048_0,0.32951292,"{""type"":""MultiPoint"",""coordinates"":[]}"
9050_0,0.09880389,"{""type"":""MultiPoint"",""coordinates"":[]}"
9053_0,0.22559902,"{""type"":""MultiPoint"",""coordinates"":[]}"
9055_0,0.22559902,"{""type"":""MultiPoint"",""coordinates"":[]}"
9056_0,0.028439859,"{""type"":""MultiPoint"",""coordinates"":[]}"
9060_0,0.32878986,"{""type"":""MultiPoint"",""coordinates"":[]}"
9062_0,0.9358026,"{""type"":""MultiPoint"",""coordinates"":[]}"
9068_0,0.03387099,"{""type"":""MultiPoint"",""coordinates"":[]}"
9070_0,0.01709801,"{""type"":""MultiPoint"",""coordinates"":[]}"
9071_0,0.028991824,"{""type"":""MultiPoint"",""coordinates"":[]}"
9072_0,0.17952333,"{""type"":""MultiPoint"",""coordinates"":[]}"
9074_0,0.14031753,"{""type"":""MultiPoint"",""coordinates"":[]}"
9080_0,0.05287206,"{""type"":""MultiPoint"",""coordinates"":[]}"
9082_0,0.2786403,"{""type"":""MultiPoint"",""coordinates"":[]}"
9083_0,0.09947689,"{""type"":""MultiPoint"",""coordinates"":[]}"
9085_0,0.12646525,"{""type"":""MultiPoint"",""coordinates"":[]}"
9086_0,0.4802776,"{""type"":""MultiPoint"",""coordinates"":[]}"
9087_0,0.19179617,"{""type"":""MultiPoint"",""coordinates"":[]}"
9088_0,0.7656233,"{""type"":""MultiPoint"",""coordinates"":[]}"
9091_0,0.50064844,"{""type"":""MultiPoint"",""coordinates"":[]}"
9093_0,0.22559902,"{""type"":""MultiPoint"",""coordinates"":[]}"
9098_0,0.08960526,"{""type"":""MultiPoint"",""coordinates"":[]}"
9102_0,0.060817193,"{""type"":""MultiPoint"",""coordinates"":[]}"
9108_0,0.09194416,"{""type"":""MultiPoint"",""coordinates"":[]}"
9110_0,0.08365224,"{""type"":""MultiPoint"",""coordinates"":[]}"
9112_0,0.03010386,"{""type"":""MultiPoint"",""coordinates"":[]}"
9113_0,0.2265144,"{""type"":""MultiPoint"",""coordinates"":[]}"
9120_0,0.99517864,"{""type"":""MultiPoint"",""coordinates"":[]}"
9122_0,0.08170499,"{""type"":""MultiPoint"",""coordinates"":[]}"
9123_0,0.765573,"{""type"":""MultiPoint"",""coordinates"":[]}"
9124_0,0.25650725,"{""type"":""MultiPoint"",""coordinates"":[]}"
9125_0,0.08250383,"{""type"":""MultiPoint"",""coordinates"":[]}"
9126_0,0.23048483,"{""type"":""MultiPoint"",""coordinates"":[]}"
9129_0,0.36119714,"{""type"":""MultiPoint"",""coordinates"":[]}"
9130_0,0.03387099,"{""type"":""MultiPoint"",""coordinates"":[]}"
9131_0,0.022315003,"{""type"":""MultiPoint"",""coordinates"":[]}"
9132_0,0.10829289,"{""type"":""MultiPoint"",""coordinates"":[]}"
9134_0,0.112022206,"{""type"":""MultiPoint"",""coordinates"":[]}"
9138_0,0.2382989,"{""type"":""MultiPoint"",""coordinates"":[]}"
9139_0,0.34658757,"{""type"":""MultiPoint"",""coordinates"":[]}"
9140_0,0.9933653,"{""type"":""MultiPoint"",""coordinates"":[]}"
9143_0,0.21354556,"{""type"":""MultiPoint"",""coordinates"":[]}"
9145_0,0.25047827,"{""type"":""MultiPoint"",""coordinates"":[]}"
9146_0,0.37606007,"{""type"":""MultiPoint"",""coordinates"":[]}"
9147_0,0.23113486,"{""type"":""MultiPoint"",""coordinates"":[]}"
9148_0,0.4690827,"{""type"":""MultiPoint"",""coordinates"":[]}"
9149_0,0.10631123,"{""type"":""MultiPoint"",""coordinates"":[]}"
9150_0,0.9984116,"{""type"":""MultiPoint"",""coordinates"":[]}"
9151_0,0.18825167,"{""type"":""MultiPoint"",""coordinates"":[]}"
9152_0,0.9981264,"{""type"":""MultiPoint"",""coordinates"":[]}"
9156_0,0.059212394,"{""type"":""MultiPoint"",""coordinates"":[]}"
9158_0,0.059212394,"{""type"":""MultiPoint"",""coordinates"":[]}"
9166_0,0.29111573,"{""type"":""MultiPoint"",""coordinates"":[]}"
9172_0,0.9919505,"{""type"":""MultiPoint"",""coordinates"":[]}"
9174_0,0.075928405,"{""type"":""MultiPoint"",""coordinates"":[]}"
9176_0,0.03599263,"{""type"":""MultiPoint"",""coordinates"":[]}"
9177_0,0.6246548,"{""type"":""MultiPoint"",""coordinates"":[]}"
9179_0,0.1689819,"{""type"":""MultiPoint"",""coordinates"":[]}"
9184_0,0.5989505,"{""type"":""MultiPoint"",""coordinates"":[]}"
9188_0,0.24566188,"{""type"":""MultiPoint"",""coordinates"":[]}"
9190_0,0.07082936,"{""type"":""MultiPoint"",""coordinates"":[]}"
9193_0,0.024329606,"{""type"":""MultiPoint"",""coordinates"":[]}"
9196_0,0.097796425,"{""type"":""MultiPoint"",""coordinates"":[]}"
9199_0,0.23077728,"{""type"":""MultiPoint"",""coordinates"":[]}"
9203_0,0.2786403,"{""type"":""MultiPoint"",""coordinates"":[]}"
9206_0,0.11331291,"{""type"":""MultiPoint"",""coordinates"":[]}"
9208_0,0.18456773,"{""type"":""MultiPoint"",""coordinates"":[]}"
9211_0,0.09343831,"{""type"":""MultiPoint"",""coordinates"":[]}"
9212_0,0.38543224,"{""type"":""MultiPoint"",""coordinates"":[]}"
9216_0,0.38956642,"{""type"":""MultiPoint"",""coordinates"":[]}"
9217_0,0.055208884,"{""type"":""MultiPoint"",""coordinates"":[]}"
9220_0,0.7389974,"{""type"":""MultiPoint"",""coordinates"":[]}"
9221_0,0.0959975,"{""type"":""MultiPoint"",""coordinates"":[]}"
9222_0,0.15916133,"{""type"":""MultiPoint"",""coordinates"":[]}"
9224_0,0.35924155,"{""type"":""MultiPoint"",""coordinates"":[]}"
9225_0,0.08310655,"{""type"":""MultiPoint"",""coordinates"":[]}"
9227_0,0.29258344,"{""type"":""MultiPoint"",""coordinates"":[]}"
9230_0,0.67564315,"{""type"":""MultiPoint"",""coordinates"":[]}"
9231_0,0.11579308,"{""type"":""MultiPoint"",""coordinates"":[]}"
9232_0,0.17796138,"{""type"":""MultiPoint"",""coordinates"":[]}"
9235_0,0.08677007,"{""type"":""MultiPoint"",""coordinates"":[]}"
9237_0,0.14729375,"{""type"":""MultiPoint"",""coordinates"":[]}"
9238_0,0.021119766,"{""type"":""MultiPoint"",""coordinates"":[]}"
9243_0,0.19836001,"{""type"":""MultiPoint"",""coordinates"":[]}"
9246_0,0.0024798817,"{""type"":""MultiPoint"",""coordinates"":[]}"
9251_0,0.35924155,"{""type"":""MultiPoint"",""coordinates"":[]}"
9253_0,0.08310655,"{""type"":""MultiPoint"",""coordinates"":[]}"
9255_0,0.077646285,"{""type"":""MultiPoint"",""coordinates"":[]}"
9258_0,0.43094435,"{""type"":""MultiPoint"",""coordinates"":[]}"
9259_0,0.08988301,"{""type"":""MultiPoint"",""coordinates"":[]}"
9263_0,0.062192984,"{""type"":""MultiPoint"",""coordinates"":[]}"
9265_0,0.0023103207,"{""type"":""MultiPoint"",""coordinates"":[]}"
9266_0,0.07796733,"{""type"":""MultiPoint"",""coordinates"":[]}"
9267_0,0.36087003,"{""type"":""MultiPoint"",""coordinates"":[]}"
9268_0,0.097796425,"{""type"":""MultiPoint"",""coordinates"":[]}"
9270_0,0.07592582,"{""type"":""MultiPoint"",""coordinates"":[]}"
9271_0,0.10285099,"{""type"":""MultiPoint"",""coordinates"":[]}"
9272_0,0.31138578,"{""type"":""MultiPoint"",""coordinates"":[]}"
9276_0,0.036524687,"{""type"":""MultiPoint"",""coordinates"":[]}"
9277_0,0.18456773,"{""type"":""MultiPoint"",""coordinates"":[]}"
9279_0,0.3497699,"{""type"":""MultiPoint"",""coordinates"":[]}"
9280_0,0.015752748,"{""type"":""MultiPoint"",""coordinates"":[]}"
9281_0,0.47806734,"{""type"":""MultiPoint"",""coordinates"":[]}"
9282_0,0.07513506,"{""type"":""MultiPoint"",""coordinates"":[]}"
9283_0,0.100524165,"{""type"":""MultiPoint"",""coordinates"":[]}"
9285_0,0.20474204,"{""type"":""MultiPoint"",""coordinates"":[]}"
9293_0,0.24566188,"{""type"":""MultiPoint"",""coordinates"":[]}"
9294_0,0.21194719,"{""type"":""MultiPoint"",""coordinates"":[]}"
9295_0,0.14059225,"{""type"":""MultiPoint"",""coordinates"":[]}"
9298_0,0.105786815,"{""type"":""MultiPoint"",""coordinates"":[]}"
9300_0,0.63361526,"{""type"":""MultiPoint"",""coordinates"":[]}"
9302_0,0.8031244,"{""type"":""MultiPoint"",""coordinates"":[]}"
9304_0,0.014283177,"{""type"":""MultiPoint"",""coordinates"":[]}"
9308_0,0.07807663,"{""type"":""MultiPoint"",""coordinates"":[]}"
9310_0,0.1110861,"{""type"":""MultiPoint"",""coordinates"":[]}"
9313_0,0.366994,"{""type"":""MultiPoint"",""coordinates"":[]}"
9316_0,0.099711925,"{""type"":""MultiPoint"",""coordinates"":[]}"
9320_0,0.073374644,"{""type"":""MultiPoint"",""coordinates"":[]}"
9321_0,0.097796425,"{""type"":""MultiPoint"",""coordinates"":[]}"
9322_0,0.10285099,"{""type"":""MultiPoint"",""coordinates"":[]}"
9326_0,0.36119714,"{""type"":""MultiPoint"",""coordinates"":[]}"
9328_0,0.097796425,"{""type"":""MultiPoint"",""coordinates"":[]}"
9329_0,0.12123924,"{""type"":""MultiPoint"",""coordinates"":[]}"
9331_0,0.04254737,"{""type"":""MultiPoint"",""coordinates"":[]}"
9332_0,0.0850703,"{""type"":""MultiPoint"",""coordinates"":[]}"
9333_0,0.063124426,"{""type"":""MultiPoint"",""coordinates"":[]}"
9335_0,0.11457911,"{""type"":""MultiPoint"",""coordinates"":[]}"
9342_0,0.013661071,"{""type"":""MultiPoint"",""coordinates"":[]}"
9347_0,0.07563819,"{""type"":""MultiPoint"",""coordinates"":[]}"
9348_0,0.13919297,"{""type"":""MultiPoint"",""coordinates"":[]}"
9351_0,0.105786815,"{""type"":""MultiPoint"",""coordinates"":[]}"
9354_0,0.08960526,"{""type"":""MultiPoint"",""coordinates"":[]}"
9356_0,0.27783403,"{""type"":""MultiPoint"",""coordinates"":[]}"
9357_0,0.98686725,"{""type"":""MultiPoint"",""coordinates"":[]}"
9364_0,0.059212394,"{""type"":""MultiPoint"",""coordinates"":[]}"
9366_0,0.384725,"{""type"":""MultiPoint"",""coordinates"":[]}"
9367_0,0.1393711,"{""type"":""MultiPoint"",""coordinates"":[]}"
9370_0,0.32878986,"{""type"":""MultiPoint"",""coordinates"":[]}"
9373_0,0.107677706,"{""type"":""MultiPoint"",""coordinates"":[]}"
9375_0,0.023202542,"{""type"":""MultiPoint"",""coordinates"":[]}"
9377_0,0.22559902,"{""type"":""MultiPoint"",""coordinates"":[]}"
9378_0,0.029631855,"{""type"":""MultiPoint"",""coordinates"":[]}"
9383_0,0.0025054368,"{""type"":""MultiPoint"",""coordinates"":[]}"
9389_0,0.16737679,"{""type"":""MultiPoint"",""coordinates"":[]}"
9391_0,0.12075049,"{""type"":""MultiPoint"",""coordinates"":[]}"
9393_0,0.063124426,"{""type"":""MultiPoint"",""coordinates"":[]}"
9395_0,0.1536948,"{""type"":""MultiPoint"",""coordinates"":[]}"
9398_0,0.04254737,"{""type"":""MultiPoint"",""coordinates"":[]}"
9400_0,0.11084138,"{""type"":""MultiPoint"",""coordinates"":[]}"
9403_0,0.011621363,"{""type"":""MultiPoint"",""coordinates"":[]}"
9404_0,0.9982206,"{""type"":""MultiPoint"",""coordinates"":[]}"
9405_0,0.21898761,"{""type"":""MultiPoint"",""coordinates"":[]}"
9407_0,0.10952454,"{""type"":""MultiPoint"",""coordinates"":[]}"
9408_0,0.025893278,"{""type"":""MultiPoint"",""coordinates"":[]}"
9409_0,0.6178417,"{""type"":""MultiPoint"",""coordinates"":[]}"
9410_0,0.120261066,"{""type"":""MultiPoint"",""coordinates"":[]}"
9413_0,0.07669952,"{""type"":""MultiPoint"",""coordinates"":[]}"
9417_0,0.2006495,"{""type"":""MultiPoint"",""coordinates"":[]}"
9420_0,0.07642482,"{""type"":""MultiPoint"",""coordinates"":[]}"
9421_0,0.10829289,"{""type"":""MultiPoint"",""coordinates"":[]}"
9424_0,0.08924675,"{""type"":""MultiPoint"",""coordinates"":[]}"
9426_0,0.34347838,"{""type"":""MultiPoint"",""coordinates"":[]}"
9428_0,0.12755437,"{""type"":""MultiPoint"",""coordinates"":[]}"
9430_0,0.11457911,"{""type"":""MultiPoint"",""coordinates"":[]}"
9431_0,0.08851832,"{""type"":""MultiPoint"",""coordinates"":[]}"
9439_0,0.63578343,"{""type"":""MultiPoint"",""coordinates"":[]}"
9443_0,0.16892731,"{""type"":""MultiPoint"",""coordinates"":[]}"
9447_0,0.17505595,"{""type"":""MultiPoint"",""coordinates"":[]}"
9448_0,0.11301686,"{""type"":""MultiPoint"",""coordinates"":[]}"
9450_0,1.8906004E-4,"{""type"":""MultiPoint"",""coordinates"":[]}"
9451_0,0.07082936,"{""type"":""MultiPoint"",""coordinates"":[]}"
9452_0,0.25047827,"{""type"":""MultiPoint"",""coordinates"":[]}"
9453_0,0.4976047,"{""type"":""MultiPoint"",""coordinates"":[]}"
9454_0,0.112022206,"{""type"":""MultiPoint"",""coordinates"":[]}"
9455_0,0.3544604,"{""type"":""MultiPoint"",""coordinates"":[]}"
9458_0,0.17215721,"{""type"":""MultiPoint"",""coordinates"":[]}"
9459_0,0.08802745,"{""type"":""MultiPoint"",""coordinates"":[]}"
9460_0,0.05130638,"{""type"":""MultiPoint"",""coordinates"":[]}"
9463_0,0.106549285,"{""type"":""MultiPoint"",""coordinates"":[]}"
9465_0,0.015520881,"{""type"":""MultiPoint"",""coordinates"":[]}"
9467_0,0.20050494,"{""type"":""MultiPoint"",""coordinates"":[]}"
9468_0,0.09082572,"{""type"":""MultiPoint"",""coordinates"":[]}"
9469_0,0.026842505,"{""type"":""MultiPoint"",""coordinates"":[]}"
9471_0,0.28952622,"{""type"":""MultiPoint"",""coordinates"":[]}"
9474_0,0.7695759,"{""type"":""MultiPoint"",""coordinates"":[]}"
9475_0,0.3477539,"{""type"":""MultiPoint"",""coordinates"":[]}"
9476_0,0.013537878,"{""type"":""MultiPoint"",""coordinates"":[]}"
9477_0,0.22123347,"{""type"":""MultiPoint"",""coordinates"":[]}"
9485_0,0.07273146,"{""type"":""MultiPoint"",""coordinates"":[]}"
9490_0,0.49474582,"{""type"":""MultiPoint"",""coordinates"":[]}"
9493_0,0.022349652,"{""type"":""MultiPoint"",""coordinates"":[]}"
9494_0,0.20050494,"{""type"":""MultiPoint"",""coordinates"":[]}"
9497_0,0.3675075,"{""type"":""MultiPoint"",""coordinates"":[]}"
9501_0,0.22559902,"{""type"":""MultiPoint"",""coordinates"":[]}"
9502_0,0.12646525,"{""type"":""MultiPoint"",""coordinates"":[]}"
9504_0,0.94960654,"{""type"":""MultiPoint"",""coordinates"":[]}"
9505_0,8.924882E-4,"{""type"":""MultiPoint"",""coordinates"":[]}"
9507_0,0.17270221,"{""type"":""MultiPoint"",""coordinates"":[]}"
9509_0,0.0039507416,"{""type"":""MultiPoint"",""coordinates"":[]}"
9513_0,0.12794626,"{""type"":""MultiPoint"",""coordinates"":[]}"
9514_0,0.41996625,"{""type"":""MultiPoint"",""coordinates"":[]}"
9516_0,0.30268568,"{""type"":""MultiPoint"",""coordinates"":[]}"
9519_0,0.010215646,"{""type"":""MultiPoint"",""coordinates"":[]}"
9521_0,0.14729375,"{""type"":""MultiPoint"",""coordinates"":[]}"
9522_0,0.18456773,"{""type"":""MultiPoint"",""coordinates"":[]}"
9525_0,0.35005757,"{""type"":""MultiPoint"",""coordinates"":[]}"
9528_0,0.3675075,"{""type"":""MultiPoint"",""coordinates"":[]}"
9530_0,0.0850703,"{""type"":""MultiPoint"",""coordinates"":[]}"
9532_0,0.42129546,"{""type"":""MultiPoint"",""coordinates"":[]}"
9533_0,0.06006523,"{""type"":""MultiPoint"",""coordinates"":[]}"
9534_0,0.23048483,"{""type"":""MultiPoint"",""coordinates"":[]}"
9538_0,0.073926896,"{""type"":""MultiPoint"",""coordinates"":[]}"
9539_0,0.35658762,"{""type"":""MultiPoint"",""coordinates"":[]}"
9541_0,0.14271693,"{""type"":""MultiPoint"",""coordinates"":[]}"
9543_0,0.25489366,"{""type"":""MultiPoint"",""coordinates"":[]}"
9546_0,0.13287143,"{""type"":""MultiPoint"",""coordinates"":[]}"
9551_0,0.3392879,"{""type"":""MultiPoint"",""coordinates"":[]}"
9553_0,0.36810735,"{""type"":""MultiPoint"",""coordinates"":[]}"
9564_0,0.01493863,"{""type"":""MultiPoint"",""coordinates"":[]}"
9566_0,0.7351673,"{""type"":""MultiPoint"",""coordinates"":[]}"
9568_0,0.024329606,"{""type"":""MultiPoint"",""coordinates"":[]}"
9570_0,0.105786815,"{""type"":""MultiPoint"",""coordinates"":[]}"
9571_0,0.8762298,"{""type"":""MultiPoint"",""coordinates"":[]}"
9573_0,0.14259537,"{""type"":""MultiPoint"",""coordinates"":[]}"
9576_0,0.08411647,"{""type"":""MultiPoint"",""coordinates"":[]}"
9578_0,0.011621363,"{""type"":""MultiPoint"",""coordinates"":[]}"
9581_0,0.6231613,"{""type"":""MultiPoint"",""coordinates"":[]}"
9582_0,0.021088053,"{""type"":""MultiPoint"",""coordinates"":[]}"
9586_0,0.105786815,"{""type"":""MultiPoint"",""coordinates"":[]}"
9588_0,0.09600898,"{""type"":""MultiPoint"",""coordinates"":[]}"
9590_0,0.4143059,"{""type"":""MultiPoint"",""coordinates"":[]}"
9593_0,0.023014698,"{""type"":""MultiPoint"",""coordinates"":[]}"
9594_0,0.10580755,"{""type"":""MultiPoint"",""coordinates"":[]}"
9595_0,0.097796425,"{""type"":""MultiPoint"",""coordinates"":[]}"
9597_0,0.0959975,"{""type"":""MultiPoint"",""coordinates"":[]}"
9598_0,0.075928405,"{""type"":""MultiPoint"",""coordinates"":[]}"
9601_0,0.107677706,"{""type"":""MultiPoint"",""coordinates"":[]}"
9602_0,0.35560936,"{""type"":""MultiPoint"",""coordinates"":[]}"
9604_0,0.019341672,"{""type"":""MultiPoint"",""coordinates"":[]}"
9606_0,0.051229768,"{""type"":""MultiPoint"",""coordinates"":[]}"
9613_0,0.057547484,"{""type"":""MultiPoint"",""coordinates"":[]}"
9615_0,0.18456773,"{""type"":""MultiPoint"",""coordinates"":[]}"
9622_0,0.062192984,"{""type"":""MultiPoint"",""coordinates"":[]}"
9623_0,0.105786815,"{""type"":""MultiPoint"",""coordinates"":[]}"
9625_0,0.021263884,"{""type"":""MultiPoint"",""coordinates"":[]}"
9627_0,0.37417516,"{""type"":""MultiPoint"",""coordinates"":[]}"
9628_0,0.06714762,"{""type"":""MultiPoint"",""coordinates"":[]}"
9632_0,0.8528581,"{""type"":""MultiPoint"",""coordinates"":[]}"
9633_0,0.35658762,"{""type"":""MultiPoint"",""coordinates"":[]}"
9635_0,0.08200271,"{""type"":""MultiPoint"",""coordinates"":[]}"
9639_0,0.10710071,"{""type"":""MultiPoint"",""coordinates"":[]}"
9641_0,0.0039507416,"{""type"":""MultiPoint"",""coordinates"":[]}"
9642_0,0.16777518,"{""type"":""MultiPoint"",""coordinates"":[]}"
9645_0,0.2944757,"{""type"":""MultiPoint"",""coordinates"":[]}"
9647_0,0.0853373,"{""type"":""MultiPoint"",""coordinates"":[]}"
9648_0,0.18456773,"{""type"":""MultiPoint"",""coordinates"":[]}"
9652_0,0.13480245,"{""type"":""MultiPoint"",""coordinates"":[]}"
9655_0,0.07520397,"{""type"":""MultiPoint"",""coordinates"":[]}"
9656_0,0.24566188,"{""type"":""MultiPoint"",""coordinates"":[]}"
9658_0,0.9358026,"{""type"":""MultiPoint"",""coordinates"":[]}"
9659_0,0.24385718,"{""type"":""MultiPoint"",""coordinates"":[]}"
9660_0,0.15587533,"{""type"":""MultiPoint"",""coordinates"":[]}"
9664_0,0.07669952,"{""type"":""MultiPoint"",""coordinates"":[]}"
9667_0,0.0388238,"{""type"":""MultiPoint"",""coordinates"":[]}"
9668_0,0.18456773,"{""type"":""MultiPoint"",""coordinates"":[]}"
9670_0,0.022156408,"{""type"":""MultiPoint"",""coordinates"":[]}"
9671_0,0.15712973,"{""type"":""MultiPoint"",""coordinates"":[]}"
9673_0,0.11084138,"{""type"":""MultiPoint"",""coordinates"":[]}"
9675_0,0.18456773,"{""type"":""MultiPoint"",""coordinates"":[]}"
9676_0,0.07354527,"{""type"":""MultiPoint"",""coordinates"":[]}"
9678_0,0.088706054,"{""type"":""MultiPoint"",""coordinates"":[]}"
9684_0,0.14279582,"{""type"":""MultiPoint"",""coordinates"":[]}"
9690_0,0.021088053,"{""type"":""MultiPoint"",""coordinates"":[]}"
9691_0,0.9705818,"{""type"":""MultiPoint"",""coordinates"":[]}"
9693_0,0.22559902,"{""type"":""MultiPoint"",""coordinates"":[]}"
9702_0,0.015752748,"{""type"":""MultiPoint"",""coordinates"":[]}"
9703_0,0.7351673,"{""type"":""MultiPoint"",""coordinates"":[]}"
9704_0,0.051229768,"{""type"":""MultiPoint"",""coordinates"":[]}"
9708_0,0.46281597,"{""type"":""MultiPoint"",""coordinates"":[]}"
9710_0,0.7695759,"{""type"":""MultiPoint"",""coordinates"":[]}"
9713_0,0.09274447,"{""type"":""MultiPoint"",""coordinates"":[]}"
9714_0,0.059212394,"{""type"":""MultiPoint"",""coordinates"":[]}"
9718_0,0.2076316,"{""type"":""MultiPoint"",""coordinates"":[]}"
9719_0,0.10285099,"{""type"":""MultiPoint"",""coordinates"":[]}"
9721_0,0.04254737,"{""type"":""MultiPoint"",""coordinates"":[]}"
9724_0,0.03296321,"{""type"":""MultiPoint"",""coordinates"":[]}"
9725_0,0.29462412,"{""type"":""MultiPoint"",""coordinates"":[]}"
9726_0,0.99708134,"{""type"":""MultiPoint"",""coordinates"":[]}"
9730_0,0.17328624,"{""type"":""MultiPoint"",""coordinates"":[]}"
9731_0,0.35924155,"{""type"":""MultiPoint"",""coordinates"":[]}"
9734_0,0.063124426,"{""type"":""MultiPoint"",""coordinates"":[]}"
9736_0,0.08960526,"{""type"":""MultiPoint"",""coordinates"":[]}"
9738_0,0.21437073,"{""type"":""MultiPoint"",""coordinates"":[]}"
9742_0,0.0015798287,"{""type"":""MultiPoint"",""coordinates"":[]}"
9746_0,0.14301676,"{""type"":""MultiPoint"",""coordinates"":[]}"
9748_0,0.09004597,"{""type"":""MultiPoint"",""coordinates"":[]}"
9752_0,0.0665926,"{""type"":""MultiPoint"",""coordinates"":[]}"
9762_0,0.05654828,"{""type"":""MultiPoint"",""coordinates"":[]}"
9764_0,0.09343831,"{""type"":""MultiPoint"",""coordinates"":[]}"
9765_0,0.32951292,"{""type"":""MultiPoint"",""coordinates"":[]}"
9766_0,0.09558582,"{""type"":""MultiPoint"",""coordinates"":[]}"
9767_0,0.18456773,"{""type"":""MultiPoint"",""coordinates"":[]}"
9768_0,0.29505783,"{""type"":""MultiPoint"",""coordinates"":[]}"
9771_0,0.06754969,"{""type"":""MultiPoint"",""coordinates"":[]}"
9773_0,0.091178074,"{""type"":""MultiPoint"",""coordinates"":[]}"
9774_0,0.23077728,"{""type"":""MultiPoint"",""coordinates"":[]}"
9782_0,0.9982206,"{""type"":""MultiPoint"",""coordinates"":[]}"
9783_0,0.105786815,"{""type"":""MultiPoint"",""coordinates"":[]}"
9784_0,0.27644998,"{""type"":""MultiPoint"",""coordinates"":[]}"
9789_0,0.5364599,"{""type"":""MultiPoint"",""coordinates"":[]}"
9792_0,0.100524165,"{""type"":""MultiPoint"",""coordinates"":[]}"
9796_0,0.99731183,"{""type"":""MultiPoint"",""coordinates"":[]}"
9797_0,0.42129546,"{""type"":""MultiPoint"",""coordinates"":[]}"
9798_0,0.10631123,"{""type"":""MultiPoint"",""coordinates"":[]}"
9799_0,0.090327226,"{""type"":""MultiPoint"",""coordinates"":[]}"
9806_0,0.05680474,"{""type"":""MultiPoint"",""coordinates"":[]}"
9807_0,0.062192984,"{""type"":""MultiPoint"",""coordinates"":[]}"
9811_0,0.036019072,"{""type"":""MultiPoint"",""coordinates"":[]}"
9814_0,0.20161475,"{""type"":""MultiPoint"",""coordinates"":[]}"
9815_0,0.03532275,"{""type"":""MultiPoint"",""coordinates"":[]}"
9817_0,0.015805513,"{""type"":""MultiPoint"",""coordinates"":[]}"
9818_0,0.019118372,"{""type"":""MultiPoint"",""coordinates"":[]}"
9820_0,0.17502892,"{""type"":""MultiPoint"",""coordinates"":[]}"
9822_0,0.14059225,"{""type"":""MultiPoint"",""coordinates"":[]}"
9823_0,0.022983612,"{""type"":""MultiPoint"",""coordinates"":[]}"
9827_0,0.9705818,"{""type"":""MultiPoint"",""coordinates"":[]}"
9828_0,0.9901895,"{""type"":""MultiPoint"",""coordinates"":[]}"
9829_0,0.29505783,"{""type"":""MultiPoint"",""coordinates"":[]}"
9832_0,0.12563357,"{""type"":""MultiPoint"",""coordinates"":[]}"
9835_0,0.11840572,"{""type"":""MultiPoint"",""coordinates"":[]}"
9839_0,0.031937007,"{""type"":""MultiPoint"",""coordinates"":[]}"
9842_0,0.07513506,"{""type"":""MultiPoint"",""coordinates"":[]}"
9845_0,0.08033993,"{""type"":""MultiPoint"",""coordinates"":[]}"
9848_0,0.0039507416,"{""type"":""MultiPoint"",""coordinates"":[]}"
9849_0,0.011621363,"{""type"":""MultiPoint"",""coordinates"":[]}"
9850_0,0.0039507053,"{""type"":""MultiPoint"",""coordinates"":[]}"
9854_0,0.09864969,"{""type"":""MultiPoint"",""coordinates"":[]}"
9855_0,0.008962605,"{""type"":""MultiPoint"",""coordinates"":[]}"
9856_0,0.10285099,"{""type"":""MultiPoint"",""coordinates"":[]}"
9860_0,0.3212601,"{""type"":""MultiPoint"",""coordinates"":[]}"
9863_0,0.047262166,"{""type"":""MultiPoint"",""coordinates"":[]}"
9865_0,0.8347813,"{""type"":""MultiPoint"",""coordinates"":[]}"
9870_0,0.10285099,"{""type"":""MultiPoint"",""coordinates"":[]}"
9871_0,0.17902705,"{""type"":""MultiPoint"",""coordinates"":[]}"
9875_0,0.10285099,"{""type"":""MultiPoint"",""coordinates"":[]}"
9879_0,0.027579414,"{""type"":""MultiPoint"",""coordinates"":[]}"
9886_0,0.08985279,"{""type"":""MultiPoint"",""coordinates"":[]}"
9887_0,0.29846126,"{""type"":""MultiPoint"",""coordinates"":[]}"
9889_0,0.2438891,"{""type"":""MultiPoint"",""coordinates"":[]}"
9890_0,0.18877323,"{""type"":""MultiPoint"",""coordinates"":[]}"
9893_0,0.29846126,"{""type"":""MultiPoint"",""coordinates"":[]}"
9894_0,0.099958666,"{""type"":""MultiPoint"",""coordinates"":[]}"
9896_0,0.00834778,"{""type"":""MultiPoint"",""coordinates"":[]}"
9898_0,0.2786403,"{""type"":""MultiPoint"",""coordinates"":[]}"
9899_0,0.114047475,"{""type"":""MultiPoint"",""coordinates"":[]}"
9901_0,0.9581084,"{""type"":""MultiPoint"",""coordinates"":[]}"
9904_0,0.18998411,"{""type"":""MultiPoint"",""coordinates"":[]}"
9905_0,0.074546695,"{""type"":""MultiPoint"",""coordinates"":[]}"
9910_0,0.022349652,"{""type"":""MultiPoint"",""coordinates"":[]}"
9911_0,0.18784806,"{""type"":""MultiPoint"",""coordinates"":[]}"
9912_0,0.41567925,"{""type"":""MultiPoint"",""coordinates"":[]}"
9921_0,0.015520881,"{""type"":""MultiPoint"",""coordinates"":[]}"
9924_0,0.70401317,"{""type"":""MultiPoint"",""coordinates"":[]}"
9926_0,0.07462469,"{""type"":""MultiPoint"",""coordinates"":[]}"
9929_0,0.10735258,"{""type"":""MultiPoint"",""coordinates"":[]}"
9930_0,0.075928405,"{""type"":""MultiPoint"",""coordinates"":[]}"
9932_0,0.14248633,"{""type"":""MultiPoint"",""coordinates"":[]}"
9934_0,0.12563357,"{""type"":""MultiPoint"",""coordinates"":[]}"
9935_0,0.14729375,"{""type"":""MultiPoint"",""coordinates"":[]}"
9936_0,0.02092735,"{""type"":""MultiPoint"",""coordinates"":[]}"
9937_0,0.07592582,"{""type"":""MultiPoint"",""coordinates"":[]}"
9939_0,0.03199333,"{""type"":""MultiPoint"",""coordinates"":[]}"
9945_0,0.2438891,"{""type"":""MultiPoint"",""coordinates"":[]}"
9953_0,0.11975249,"{""type"":""MultiPoint"",""coordinates"":[]}"
9955_0,0.0025054368,"{""type"":""MultiPoint"",""coordinates"":[]}"
9959_0,0.2382989,"{""type"":""MultiPoint"",""coordinates"":[]}"
9972_0,0.72348934,"{""type"":""MultiPoint"",""coordinates"":[]}"
9973_0,0.1356467,"{""type"":""MultiPoint"",""coordinates"":[]}"
9974_0,0.14462978,"{""type"":""MultiPoint"",""coordinates"":[]}"
9981_0,0.11790736,"{""type"":""MultiPoint"",""coordinates"":[]}"
9983_0,0.5114439,"{""type"":""MultiPoint"",""coordinates"":[]}"
9987_0,0.023014698,"{""type"":""MultiPoint"",""coordinates"":[]}"
9990_0,0.11374652,"{""type"":""MultiPoint"",""coordinates"":[]}"
9998_0,0.19700466,"{""type"":""MultiPoint"",""coordinates"":[]}"
10002_0,0.097796425,"{""type"":""MultiPoint"",""coordinates"":[]}"
10003_0,0.13789302,"{""type"":""MultiPoint"",""coordinates"":[]}"
10004_0,0.44675156,"{""type"":""MultiPoint"",""coordinates"":[]}"
10007_0,0.097796425,"{""type"":""MultiPoint"",""coordinates"":[]}"
10008_0,0.0722995,"{""type"":""MultiPoint"",""coordinates"":[]}"
10009_0,0.99517864,"{""type"":""MultiPoint"",""coordinates"":[]}"
10010_0,0.26329228,"{""type"":""MultiPoint"",""coordinates"":[]}"
10014_0,0.18456773,"{""type"":""MultiPoint"",""coordinates"":[]}"
10015_0,0.21245502,"{""type"":""MultiPoint"",""coordinates"":[]}"
10016_0,0.9984116,"{""type"":""MultiPoint"",""coordinates"":[]}"
10020_0,0.2265144,"{""type"":""MultiPoint"",""coordinates"":[]}"
10021_0,0.9984116,"{""type"":""MultiPoint"",""coordinates"":[]}"
10023_0,0.05206794,"{""type"":""MultiPoint"",""coordinates"":[]}"
10024_0,0.4802776,"{""type"":""MultiPoint"",""coordinates"":[]}"
10025_0,0.23312505,"{""type"":""MultiPoint"",""coordinates"":[]}"
10026_0,0.15830621,"{""type"":""MultiPoint"",""coordinates"":[]}"
10027_0,0.17270221,"{""type"":""MultiPoint"",""coordinates"":[]}"
10028_0,0.17902705,"{""type"":""MultiPoint"",""coordinates"":[]}"
10029_0,0.010262445,"{""type"":""MultiPoint"",""coordinates"":[]}"
10033_0,0.21952288,"{""type"":""MultiPoint"",""coordinates"":[]}"
10035_0,0.7960194,"{""type"":""MultiPoint"",""coordinates"":[]}"
10039_0,0.31163284,"{""type"":""MultiPoint"",""coordinates"":[]}"
10042_0,0.08368953,"{""type"":""MultiPoint"",""coordinates"":[]}"
10044_0,0.9692725,"{""type"":""MultiPoint"",""coordinates"":[]}"
10047_0,0.011621363,"{""type"":""MultiPoint"",""coordinates"":[]}"
10053_0,0.097858705,"{""type"":""MultiPoint"",""coordinates"":[]}"
10055_0,0.9901895,"{""type"":""MultiPoint"",""coordinates"":[]}"
10057_0,0.3731105,"{""type"":""MultiPoint"",""coordinates"":[]}"
10058_0,0.12646525,"{""type"":""MultiPoint"",""coordinates"":[]}"
10059_0,0.011475624,"{""type"":""MultiPoint"",""coordinates"":[]}"
10061_0,0.28344768,"{""type"":""MultiPoint"",""coordinates"":[]}"
10064_0,0.01394184,"{""type"":""MultiPoint"",""coordinates"":[]}"
10065_0,0.1093405,"{""type"":""MultiPoint"",""coordinates"":[]}"
10069_0,0.088706054,"{""type"":""MultiPoint"",""coordinates"":[]}"
10071_0,0.08986419,"{""type"":""MultiPoint"",""coordinates"":[]}"
10072_0,0.01980571,"{""type"":""MultiPoint"",""coordinates"":[]}"
10077_0,0.14020295,"{""type"":""MultiPoint"",""coordinates"":[]}"
10079_0,0.15916133,"{""type"":""MultiPoint"",""coordinates"":[]}"
10080_0,0.057327054,"{""type"":""MultiPoint"",""coordinates"":[]}"
10081_0,0.11707677,"{""type"":""MultiPoint"",""coordinates"":[]}"
10086_0,0.18456773,"{""type"":""MultiPoint"",""coordinates"":[]}"
10088_0,0.25650725,"{""type"":""MultiPoint"",""coordinates"":[]}"
10089_0,0.06765379,"{""type"":""MultiPoint"",""coordinates"":[]}"
10092_0,0.075928405,"{""type"":""MultiPoint"",""coordinates"":[]}"
10098_0,0.17636842,"{""type"":""MultiPoint"",""coordinates"":[]}"
10099_0,0.49899834,"{""type"":""MultiPoint"",""coordinates"":[]}"
10101_0,0.09554416,"{""type"":""MultiPoint"",""coordinates"":[]}"
10104_0,0.24355017,"{""type"":""MultiPoint"",""coordinates"":[]}"
10116_0,0.028932964,"{""type"":""MultiPoint"",""coordinates"":[]}"
10119_0,0.32464442,"{""type"":""MultiPoint"",""coordinates"":[]}"
10120_0,0.10990917,"{""type"":""MultiPoint"",""coordinates"":[]}"
10122_0,0.6916973,"{""type"":""MultiPoint"",""coordinates"":[]}"
10127_0,0.45373678,"{""type"":""MultiPoint"",""coordinates"":[]}"
10130_0,0.50064844,"{""type"":""MultiPoint"",""coordinates"":[]}"
10132_0,0.019118797,"{""type"":""MultiPoint"",""coordinates"":[]}"
10135_0,0.062192984,"{""type"":""MultiPoint"",""coordinates"":[]}"
10138_0,0.10285099,"{""type"":""MultiPoint"",""coordinates"":[]}"
10140_0,0.01981849,"{""type"":""MultiPoint"",""coordinates"":[]}"
10141_0,0.12024756,"{""type"":""MultiPoint"",""coordinates"":[]}"
10146_0,0.10162102,"{""type"":""MultiPoint"",""coordinates"":[]}"
10147_0,0.3023574,"{""type"":""MultiPoint"",""coordinates"":[]}"
10149_0,0.2656395,"{""type"":""MultiPoint"",""coordinates"":[]}"
10150_0,0.15398954,"{""type"":""MultiPoint"",""coordinates"":[]}"
10153_0,0.1689819,"{""type"":""MultiPoint"",""coordinates"":[]}"
10156_0,0.25047827,"{""type"":""MultiPoint"",""coordinates"":[]}"
10157_0,0.00728865,"{""type"":""MultiPoint"",""coordinates"":[]}"
10162_0,0.25626782,"{""type"":""MultiPoint"",""coordinates"":[]}"
10164_0,0.18877323,"{""type"":""MultiPoint"",""coordinates"":[]}"
10165_0,0.29367673,"{""type"":""MultiPoint"",""coordinates"":[]}"
10166_0,0.3446045,"{""type"":""MultiPoint"",""coordinates"":[]}"
10167_0,0.08985279,"{""type"":""MultiPoint"",""coordinates"":[]}"
10170_0,0.19359218,"{""type"":""MultiPoint"",""coordinates"":[]}"
10180_0,0.99333227,"{""type"":""MultiPoint"",""coordinates"":[]}"
10185_0,0.35924155,"{""type"":""MultiPoint"",""coordinates"":[]}"
10186_0,0.4900526,"{""type"":""MultiPoint"",""coordinates"":[]}"
10187_0,0.10651422,"{""type"":""MultiPoint"",""coordinates"":[]}"
10190_0,0.36087003,"{""type"":""MultiPoint"",""coordinates"":[]}"
10194_0,0.18877323,"{""type"":""MultiPoint"",""coordinates"":[]}"
10195_0,0.27966306,"{""type"":""MultiPoint"",""coordinates"":[]}"
10196_0,0.18456773,"{""type"":""MultiPoint"",""coordinates"":[]}"
10197_0,0.055014424,"{""type"":""MultiPoint"",""coordinates"":[]}"
10199_0,0.10651422,"{""type"":""MultiPoint"",""coordinates"":[]}"
10201_0,0.18456773,"{""type"":""MultiPoint"",""coordinates"":[]}"
10202_0,0.070139445,"{""type"":""MultiPoint"",""coordinates"":[]}"
10204_0,0.08368953,"{""type"":""MultiPoint"",""coordinates"":[]}"
10206_0,0.080468476,"{""type"":""MultiPoint"",""coordinates"":[]}"
10209_0,0.09476072,"{""type"":""MultiPoint"",""coordinates"":[]}"
10211_0,0.3392879,"{""type"":""MultiPoint"",""coordinates"":[]}"
10217_0,0.6035624,"{""type"":""MultiPoint"",""coordinates"":[]}"
10218_0,0.33560166,"{""type"":""MultiPoint"",""coordinates"":[]}"
10219_0,0.26430073,"{""type"":""MultiPoint"",""coordinates"":[]}"
10221_0,0.07513506,"{""type"":""MultiPoint"",""coordinates"":[]}"
10223_0,0.0024798817,"{""type"":""MultiPoint"",""coordinates"":[]}"
10225_0,0.11629032,"{""type"":""MultiPoint"",""coordinates"":[]}"
10230_0,0.2632114,"{""type"":""MultiPoint"",""coordinates"":[]}"
10233_0,0.25987086,"{""type"":""MultiPoint"",""coordinates"":[]}"
10234_0,0.29140612,"{""type"":""MultiPoint"",""coordinates"":[]}"
10237_0,0.14462978,"{""type"":""MultiPoint"",""coordinates"":[]}"
10238_0,0.9318647,"{""type"":""MultiPoint"",""coordinates"":[]}"
10243_0,0.3851201,"{""type"":""MultiPoint"",""coordinates"":[]}"
10245_0,0.01583969,"{""type"":""MultiPoint"",""coordinates"":[]}"
10246_0,0.08321394,"{""type"":""MultiPoint"",""coordinates"":[]}"
10252_0,0.06696024,"{""type"":""MultiPoint"",""coordinates"":[]}"
10253_0,0.9901895,"{""type"":""MultiPoint"",""coordinates"":[]}"
10259_0,0.11374652,"{""type"":""MultiPoint"",""coordinates"":[]}"
10260_0,0.070969984,"{""type"":""MultiPoint"",""coordinates"":[]}"
10265_0,0.024329606,"{""type"":""MultiPoint"",""coordinates"":[]}"
10266_0,0.015520881,"{""type"":""MultiPoint"",""coordinates"":[]}"
10267_0,0.053101547,"{""type"":""MultiPoint"",""coordinates"":[]}"
10269_0,0.9967477,"{""type"":""MultiPoint"",""coordinates"":[]}"
10274_0,0.025120847,"{""type"":""MultiPoint"",""coordinates"":[]}"
10275_0,0.057327054,"{""type"":""MultiPoint"",""coordinates"":[]}"
10276_0,0.11579308,"{""type"":""MultiPoint"",""coordinates"":[]}"
10280_0,0.18061113,"{""type"":""MultiPoint"",""coordinates"":[]}"
10281_0,0.25192103,"{""type"":""MultiPoint"",""coordinates"":[]}"
10283_0,0.105786815,"{""type"":""MultiPoint"",""coordinates"":[]}"
10284_0,0.45860672,"{""type"":""MultiPoint"",""coordinates"":[]}"
10285_0,0.07642482,"{""type"":""MultiPoint"",""coordinates"":[]}"
10288_0,0.083174974,"{""type"":""MultiPoint"",""coordinates"":[]}"
10289_0,0.07358108,"{""type"":""MultiPoint"",""coordinates"":[]}"
10293_0,0.112022206,"{""type"":""MultiPoint"",""coordinates"":[]}"
10294_0,0.105786815,"{""type"":""MultiPoint"",""coordinates"":[]}"
10299_0,0.03296321,"{""type"":""MultiPoint"",""coordinates"":[]}"
10301_0,0.08379157,"{""type"":""MultiPoint"",""coordinates"":[]}"
10303_0,0.10285099,"{""type"":""MultiPoint"",""coordinates"":[]}"
10304_0,0.19359218,"{""type"":""MultiPoint"",""coordinates"":[]}"
10307_0,0.021491943,"{""type"":""MultiPoint"",""coordinates"":[]}"
10308_0,0.0025054368,"{""type"":""MultiPoint"",""coordinates"":[]}"
10311_0,0.9969554,"{""type"":""MultiPoint"",""coordinates"":[]}"
10316_0,0.9982206,"{""type"":""MultiPoint"",""coordinates"":[]}"
10319_0,0.015805513,"{""type"":""MultiPoint"",""coordinates"":[]}"
10322_0,0.9756715,"{""type"":""MultiPoint"",""coordinates"":[]}"
10325_0,0.15797865,"{""type"":""MultiPoint"",""coordinates"":[]}"
10330_0,0.062192984,"{""type"":""MultiPoint"",""coordinates"":[]}"
10331_0,0.03251372,"{""type"":""MultiPoint"",""coordinates"":[]}"
10333_0,0.08250383,"{""type"":""MultiPoint"",""coordinates"":[]}"
10334_0,0.010488413,"{""type"":""MultiPoint"",""coordinates"":[]}"
10335_0,0.14998704,"{""type"":""MultiPoint"",""coordinates"":[]}"
10336_0,0.11185759,"{""type"":""MultiPoint"",""coordinates"":[]}"
10338_0,0.04929287,"{""type"":""MultiPoint"",""coordinates"":[]}"
10339_0,0.083605066,"{""type"":""MultiPoint"",""coordinates"":[]}"
10341_0,0.9927683,"{""type"":""MultiPoint"",""coordinates"":[]}"
10342_0,0.03387099,"{""type"":""MultiPoint"",""coordinates"":[]}"
10343_0,0.18456773,"{""type"":""MultiPoint"",""coordinates"":[]}"
10351_0,0.017002057,"{""type"":""MultiPoint"",""coordinates"":[]}"
10352_0,0.50386345,"{""type"":""MultiPoint"",""coordinates"":[]}"
10353_0,0.13767032,"{""type"":""MultiPoint"",""coordinates"":[]}"
10355_0,0.36978626,"{""type"":""MultiPoint"",""coordinates"":[]}"
10358_0,0.019645432,"{""type"":""MultiPoint"",""coordinates"":[]}"
10360_0,0.14772283,"{""type"":""MultiPoint"",""coordinates"":[]}"
10361_0,0.2325411,"{""type"":""MultiPoint"",""coordinates"":[]}"
10362_0,0.10285099,"{""type"":""MultiPoint"",""coordinates"":[]}"
10368_0,0.30083594,"{""type"":""MultiPoint"",""coordinates"":[]}"
10370_0,0.075928405,"{""type"":""MultiPoint"",""coordinates"":[]}"
10371_0,0.1110861,"{""type"":""MultiPoint"",""coordinates"":[]}"
10372_0,0.097796425,"{""type"":""MultiPoint"",""coordinates"":[]}"
10374_0,0.14430824,"{""type"":""MultiPoint"",""coordinates"":[]}"
10376_0,0.38642108,"{""type"":""MultiPoint"",""coordinates"":[]}"
10385_0,0.035113607,"{""type"":""MultiPoint"",""coordinates"":[]}"
10391_0,0.105786815,"{""type"":""MultiPoint"",""coordinates"":[]}"
10394_0,0.18098575,"{""type"":""MultiPoint"",""coordinates"":[]}"
10398_0,0.14443187,"{""type"":""MultiPoint"",""coordinates"":[]}"
10404_0,0.063124426,"{""type"":""MultiPoint"",""coordinates"":[]}"
10406_0,0.054815147,"{""type"":""MultiPoint"",""coordinates"":[]}"
10410_0,0.08250383,"{""type"":""MultiPoint"",""coordinates"":[]}"
10411_0,0.07669952,"{""type"":""MultiPoint"",""coordinates"":[]}"
10412_0,0.060817193,"{""type"":""MultiPoint"",""coordinates"":[]}"
10416_0,0.057553586,"{""type"":""MultiPoint"",""coordinates"":[]}"
10417_0,0.008123509,"{""type"":""MultiPoint"",""coordinates"":[]}"
10420_0,0.1093405,"{""type"":""MultiPoint"",""coordinates"":[]}"
10423_0,0.0023103207,"{""type"":""MultiPoint"",""coordinates"":[]}"
10425_0,0.010488413,"{""type"":""MultiPoint"",""coordinates"":[]}"
10426_0,0.017007934,"{""type"":""MultiPoint"",""coordinates"":[]}"
10427_0,0.25712207,"{""type"":""MultiPoint"",""coordinates"":[]}"
10430_0,0.10285099,"{""type"":""MultiPoint"",""coordinates"":[]}"
10437_0,0.08200271,"{""type"":""MultiPoint"",""coordinates"":[]}"
10440_0,0.13377078,"{""type"":""MultiPoint"",""coordinates"":[]}"
10443_0,0.10285099,"{""type"":""MultiPoint"",""coordinates"":[]}"
10445_0,0.21437073,"{""type"":""MultiPoint"",""coordinates"":[]}"
10446_0,0.25047827,"{""type"":""MultiPoint"",""coordinates"":[]}"
10448_0,0.06765379,"{""type"":""MultiPoint"",""coordinates"":[]}"
10449_0,0.33383775,"{""type"":""MultiPoint"",""coordinates"":[]}"
10451_0,0.3993319,"{""type"":""MultiPoint"",""coordinates"":[]}"
10456_0,0.23077728,"{""type"":""MultiPoint"",""coordinates"":[]}"
10459_0,0.22186464,"{""type"":""MultiPoint"",""coordinates"":[]}"
10461_0,0.07234602,"{""type"":""MultiPoint"",""coordinates"":[]}"
10462_0,0.075081296,"{""type"":""MultiPoint"",""coordinates"":[]}"
10463_0,0.075081296,"{""type"":""MultiPoint"",""coordinates"":[]}"
10465_0,0.094299346,"{""type"":""MultiPoint"",""coordinates"":[]}"
10469_0,0.07513506,"{""type"":""MultiPoint"",""coordinates"":[]}"
10471_0,0.18456773,"{""type"":""MultiPoint"",""coordinates"":[]}"
10475_0,0.074546695,"{""type"":""MultiPoint"",""coordinates"":[]}"
10476_0,0.16033787,"{""type"":""MultiPoint"",""coordinates"":[]}"
10480_0,0.12540835,"{""type"":""MultiPoint"",""coordinates"":[]}"
10485_0,0.0543004,"{""type"":""MultiPoint"",""coordinates"":[]}"
10486_0,0.097796425,"{""type"":""MultiPoint"",""coordinates"":[]}"
10489_0,0.020500967,"{""type"":""MultiPoint"",""coordinates"":[]}"
10493_0,0.021119766,"{""type"":""MultiPoint"",""coordinates"":[]}"
10498_0,0.95468616,"{""type"":""MultiPoint"",""coordinates"":[]}"
10502_0,0.18877323,"{""type"":""MultiPoint"",""coordinates"":[]}"
10506_0,0.087839425,"{""type"":""MultiPoint"",""coordinates"":[]}"
10510_0,0.097796425,"{""type"":""MultiPoint"",""coordinates"":[]}"
10511_0,0.084566176,"{""type"":""MultiPoint"",""coordinates"":[]}"
10515_0,0.29111573,"{""type"":""MultiPoint"",""coordinates"":[]}"
10519_0,0.03289382,"{""type"":""MultiPoint"",""coordinates"":[]}"
10521_0,0.98235565,"{""type"":""MultiPoint"",""coordinates"":[]}"
10526_0,0.29462412,"{""type"":""MultiPoint"",""coordinates"":[]}"
10527_0,0.10773863,"{""type"":""MultiPoint"",""coordinates"":[]}"
10528_0,0.14462978,"{""type"":""MultiPoint"",""coordinates"":[]}"
10530_0,0.13919297,"{""type"":""MultiPoint"",""coordinates"":[]}"
10537_0,0.29140612,"{""type"":""MultiPoint"",""coordinates"":[]}"
10540_0,0.21358223,"{""type"":""MultiPoint"",""coordinates"":[]}"
10544_0,0.086008824,"{""type"":""MultiPoint"",""coordinates"":[]}"
10545_0,0.059212394,"{""type"":""MultiPoint"",""coordinates"":[]}"
10547_0,0.9826156,"{""type"":""MultiPoint"",""coordinates"":[]}"
10551_0,0.6449767,"{""type"":""MultiPoint"",""coordinates"":[]}"
10558_0,0.019118372,"{""type"":""MultiPoint"",""coordinates"":[]}"
10559_0,0.037273996,"{""type"":""MultiPoint"",""coordinates"":[]}"
10561_0,0.10402857,"{""type"":""MultiPoint"",""coordinates"":[]}"
10562_0,0.25047827,"{""type"":""MultiPoint"",""coordinates"":[]}"
10563_0,0.14753872,"{""type"":""MultiPoint"",""coordinates"":[]}"
10568_0,0.115032494,"{""type"":""MultiPoint"",""coordinates"":[]}"
10569_0,0.6310462,"{""type"":""MultiPoint"",""coordinates"":[]}"
10570_0,0.5364599,"{""type"":""MultiPoint"",""coordinates"":[]}"
10580_0,0.09343831,"{""type"":""MultiPoint"",""coordinates"":[]}"
10584_0,0.0867102,"{""type"":""MultiPoint"",""coordinates"":[]}"
10585_0,0.10285099,"{""type"":""MultiPoint"",""coordinates"":[]}"
10590_0,0.07154436,"{""type"":""MultiPoint"",""coordinates"":[]}"
10600_0,0.24177404,"{""type"":""MultiPoint"",""coordinates"":[]}"
10603_0,0.9982206,"{""type"":""MultiPoint"",""coordinates"":[]}"
10604_0,0.100524165,"{""type"":""MultiPoint"",""coordinates"":[]}"
10608_0,0.13659714,"{""type"":""MultiPoint"",""coordinates"":[]}"
10621_0,0.95709825,"{""type"":""MultiPoint"",""coordinates"":[]}"
10622_0,0.1824111,"{""type"":""MultiPoint"",""coordinates"":[]}"
10632_0,0.18456773,"{""type"":""MultiPoint"",""coordinates"":[]}"
10638_0,0.08998325,"{""type"":""MultiPoint"",""coordinates"":[]}"
10641_0,0.11130343,"{""type"":""MultiPoint"",""coordinates"":[]}"
10643_0,0.09495226,"{""type"":""MultiPoint"",""coordinates"":[]}"
10644_0,0.12818553,"{""type"":""MultiPoint"",""coordinates"":[]}"
10645_0,0.0959975,"{""type"":""MultiPoint"",""coordinates"":[]}"
10646_0,0.25626782,"{""type"":""MultiPoint"",""coordinates"":[]}"
10647_0,0.42124787,"{""type"":""MultiPoint"",""coordinates"":[]}"
10648_0,0.46395057,"{""type"":""MultiPoint"",""coordinates"":[]}"
10649_0,0.07154436,"{""type"":""MultiPoint"",""coordinates"":[]}"
10650_0,0.9705818,"{""type"":""MultiPoint"",""coordinates"":[]}"
10653_0,0.5924817,"{""type"":""MultiPoint"",""coordinates"":[]}"
10659_0,0.54971164,"{""type"":""MultiPoint"",""coordinates"":[]}"
10660_0,0.123794764,"{""type"":""MultiPoint"",""coordinates"":[]}"
10662_0,0.097796425,"{""type"":""MultiPoint"",""coordinates"":[]}"
10663_0,0.28095347,"{""type"":""MultiPoint"",""coordinates"":[]}"
10664_0,0.100524165,"{""type"":""MultiPoint"",""coordinates"":[]}"
10674_0,0.17502892,"{""type"":""MultiPoint"",""coordinates"":[]}"
10675_0,0.10285099,"{""type"":""MultiPoint"",""coordinates"":[]}"
10681_0,0.24421477,"{""type"":""MultiPoint"",""coordinates"":[]}"
10686_0,0.3716944,"{""type"":""MultiPoint"",""coordinates"":[]}"
10687_0,0.17152493,"{""type"":""MultiPoint"",""coordinates"":[]}"
10689_0,0.2382989,"{""type"":""MultiPoint"",""coordinates"":[]}"
10691_0,0.16548254,"{""type"":""MultiPoint"",""coordinates"":[]}"
10693_0,0.0879931,"{""type"":""MultiPoint"",""coordinates"":[]}"
10701_0,0.07502782,"{""type"":""MultiPoint"",""coordinates"":[]}"
10702_0,0.06765379,"{""type"":""MultiPoint"",""coordinates"":[]}"
10703_0,0.8475199,"{""type"":""MultiPoint"",""coordinates"":[]}"
10708_0,0.14462978,"{""type"":""MultiPoint"",""coordinates"":[]}"
10710_0,0.0867102,"{""type"":""MultiPoint"",""coordinates"":[]}"
10712_0,0.01981849,"{""type"":""MultiPoint"",""coordinates"":[]}"
10715_0,0.14462978,"{""type"":""MultiPoint"",""coordinates"":[]}"
10719_0,0.14065185,"{""type"":""MultiPoint"",""coordinates"":[]}"
10721_0,0.29846126,"{""type"":""MultiPoint"",""coordinates"":[]}"
10723_0,0.17152493,"{""type"":""MultiPoint"",""coordinates"":[]}"
10724_0,0.022064786,"{""type"":""MultiPoint"",""coordinates"":[]}"
10729_0,0.07513506,"{""type"":""MultiPoint"",""coordinates"":[]}"
10731_0,0.8031244,"{""type"":""MultiPoint"",""coordinates"":[]}"
10733_0,0.9927683,"{""type"":""MultiPoint"",""coordinates"":[]}"
10735_0,0.066371836,"{""type"":""MultiPoint"",""coordinates"":[]}"
10736_0,0.12343565,"{""type"":""MultiPoint"",""coordinates"":[]}"
10737_0,0.28095347,"{""type"":""MultiPoint"",""coordinates"":[]}"
10739_0,0.062192984,"{""type"":""MultiPoint"",""coordinates"":[]}"
10742_0,0.033050347,"{""type"":""MultiPoint"",""coordinates"":[]}"
10743_0,0.0051491777,"{""type"":""MultiPoint"",""coordinates"":[]}"
10745_0,0.12622434,"{""type"":""MultiPoint"",""coordinates"":[]}"
10747_0,0.18456773,"{""type"":""MultiPoint"",""coordinates"":[]}"
10748_0,0.14438169,"{""type"":""MultiPoint"",""coordinates"":[]}"
10750_0,0.06765379,"{""type"":""MultiPoint"",""coordinates"":[]}"
10751_0,0.025640285,"{""type"":""MultiPoint"",""coordinates"":[]}"
10756_0,0.9698025,"{""type"":""MultiPoint"",""coordinates"":[]}"
10757_0,0.37257043,"{""type"":""MultiPoint"",""coordinates"":[]}"
10758_0,0.19641499,"{""type"":""MultiPoint"",""coordinates"":[]}"
10759_0,0.18825167,"{""type"":""MultiPoint"",""coordinates"":[]}"
10760_0,0.06212306,"{""type"":""MultiPoint"",""coordinates"":[]}"
10765_0,0.0012732875,"{""type"":""MultiPoint"",""coordinates"":[]}"
10768_0,0.063124426,"{""type"":""MultiPoint"",""coordinates"":[]}"
10769_0,0.02466422,"{""type"":""MultiPoint"",""coordinates"":[]}"
10770_0,0.100524165,"{""type"":""MultiPoint"",""coordinates"":[]}"
10771_0,0.075928405,"{""type"":""MultiPoint"",""coordinates"":[]}"
10773_0,0.3875038,"{""type"":""MultiPoint"",""coordinates"":[]}"
10774_0,0.0786496,"{""type"":""MultiPoint"",""coordinates"":[]}"
10777_0,0.39985645,"{""type"":""MultiPoint"",""coordinates"":[]}"
10779_0,0.097796425,"{""type"":""MultiPoint"",""coordinates"":[]}"
10781_0,0.12263602,"{""type"":""MultiPoint"",""coordinates"":[]}"
10783_0,0.43868947,"{""type"":""MultiPoint"",""coordinates"":[]}"
10785_0,0.08998325,"{""type"":""MultiPoint"",""coordinates"":[]}"
10786_0,0.28131342,"{""type"":""MultiPoint"",""coordinates"":[]}"
10788_0,0.13127942,"{""type"":""MultiPoint"",""coordinates"":[]}"
10790_0,0.3997327,"{""type"":""MultiPoint"",""coordinates"":[]}"
10791_0,0.068429016,"{""type"":""MultiPoint"",""coordinates"":[]}"
10793_0,0.04269243,"{""type"":""MultiPoint"",""coordinates"":[]}"
10794_0,0.39020008,"{""type"":""MultiPoint"",""coordinates"":[]}"
10799_0,0.11331291,"{""type"":""MultiPoint"",""coordinates"":[]}"
10801_0,6.0166634E-4,"{""type"":""MultiPoint"",""coordinates"":[]}"
10804_0,0.24355017,"{""type"":""MultiPoint"",""coordinates"":[]}"
10808_0,0.10444315,"{""type"":""MultiPoint"",""coordinates"":[]}"
10809_0,0.15371332,"{""type"":""MultiPoint"",""coordinates"":[]}"
10810_0,0.19700466,"{""type"":""MultiPoint"",""coordinates"":[]}"
10812_0,0.11975249,"{""type"":""MultiPoint"",""coordinates"":[]}"
10813_0,0.1324184,"{""type"":""MultiPoint"",""coordinates"":[]}"
10814_0,0.12913777,"{""type"":""MultiPoint"",""coordinates"":[]}"
10816_0,0.06765379,"{""type"":""MultiPoint"",""coordinates"":[]}"
10819_0,0.29846126,"{""type"":""MultiPoint"",""coordinates"":[]}"
10821_0,0.38543224,"{""type"":""MultiPoint"",""coordinates"":[]}"
10825_0,0.13750376,"{""type"":""MultiPoint"",""coordinates"":[]}"
10827_0,0.116636395,"{""type"":""MultiPoint"",""coordinates"":[]}"
10828_0,0.007146135,"{""type"":""MultiPoint"",""coordinates"":[]}"
10830_0,0.17986578,"{""type"":""MultiPoint"",""coordinates"":[]}"
10834_0,0.037192237,"{""type"":""MultiPoint"",""coordinates"":[]}"
10835_0,0.17375225,"{""type"":""MultiPoint"",""coordinates"":[]}"
10839_0,0.022064786,"{""type"":""MultiPoint"",""coordinates"":[]}"
10846_0,0.08960526,"{""type"":""MultiPoint"",""coordinates"":[]}"
10848_0,0.105786815,"{""type"":""MultiPoint"",""coordinates"":[]}"
10854_0,0.07497728,"{""type"":""MultiPoint"",""coordinates"":[]}"
10864_0,0.07882507,"{""type"":""MultiPoint"",""coordinates"":[]}"
10870_0,0.114047475,"{""type"":""MultiPoint"",""coordinates"":[]}"
10871_0,0.16923568,"{""type"":""MultiPoint"",""coordinates"":[]}"
10872_0,0.14319065,"{""type"":""MultiPoint"",""coordinates"":[]}"
10873_0,0.040388785,"{""type"":""MultiPoint"",""coordinates"":[]}"
10875_0,0.18877323,"{""type"":""MultiPoint"",""coordinates"":[]}"
10877_0,0.031937007,"{""type"":""MultiPoint"",""coordinates"":[]}"
10889_0,0.726357,"{""type"":""MultiPoint"",""coordinates"":[]}"
10890_0,0.074156545,"{""type"":""MultiPoint"",""coordinates"":[]}"
10893_0,0.08960526,"{""type"":""MultiPoint"",""coordinates"":[]}"
10895_0,0.14356324,"{""type"":""MultiPoint"",""coordinates"":[]}"
10896_0,0.04929287,"{""type"":""MultiPoint"",""coordinates"":[]}"
10899_0,0.48066166,"{""type"":""MultiPoint"",""coordinates"":[]}"
10901_0,0.99834627,"{""type"":""MultiPoint"",""coordinates"":[]}"
10902_0,0.99517864,"{""type"":""MultiPoint"",""coordinates"":[]}"
10903_0,0.29505783,"{""type"":""MultiPoint"",""coordinates"":[]}"
10904_0,0.771164,"{""type"":""MultiPoint"",""coordinates"":[]}"
10905_0,0.84374654,"{""type"":""MultiPoint"",""coordinates"":[]}"
10906_0,0.021119766,"{""type"":""MultiPoint"",""coordinates"":[]}"
10908_0,0.022156408,"{""type"":""MultiPoint"",""coordinates"":[]}"
10909_0,0.37620056,"{""type"":""MultiPoint"",""coordinates"":[]}"
10910_0,0.94934607,"{""type"":""MultiPoint"",""coordinates"":[]}"
10911_0,0.0653899,"{""type"":""MultiPoint"",""coordinates"":[]}"
10912_0,0.24355017,"{""type"":""MultiPoint"",""coordinates"":[]}"
10913_0,0.0024157963,"{""type"":""MultiPoint"",""coordinates"":[]}"
10919_0,0.0543004,"{""type"":""MultiPoint"",""coordinates"":[]}"
10921_0,0.29031333,"{""type"":""MultiPoint"",""coordinates"":[]}"
10924_0,0.18877323,"{""type"":""MultiPoint"",""coordinates"":[]}"
10925_0,0.039285593,"{""type"":""MultiPoint"",""coordinates"":[]}"
10926_0,0.3968574,"{""type"":""MultiPoint"",""coordinates"":[]}"
10927_0,0.17268099,"{""type"":""MultiPoint"",""coordinates"":[]}"
10928_0,0.07344521,"{""type"":""MultiPoint"",""coordinates"":[]}"
10932_0,0.09343831,"{""type"":""MultiPoint"",""coordinates"":[]}"
10936_0,0.065182745,"{""type"":""MultiPoint"",""coordinates"":[]}"
10937_0,0.2505937,"{""type"":""MultiPoint"",""coordinates"":[]}"
10940_0,0.11084138,"{""type"":""MultiPoint"",""coordinates"":[]}"
10941_0,0.23077728,"{""type"":""MultiPoint"",""coordinates"":[]}"
10947_0,0.043443125,"{""type"":""MultiPoint"",""coordinates"":[]}"
10949_0,0.29367673,"{""type"":""MultiPoint"",""coordinates"":[]}"
10950_0,0.35081464,"{""type"":""MultiPoint"",""coordinates"":[]}"
10951_0,0.021263884,"{""type"":""MultiPoint"",""coordinates"":[]}"
10953_0,0.090122774,"{""type"":""MultiPoint"",""coordinates"":[]}"
10957_0,0.10285099,"{""type"":""MultiPoint"",""coordinates"":[]}"
10958_0,0.24771522,"{""type"":""MultiPoint"",""coordinates"":[]}"
10959_0,0.07559366,"{""type"":""MultiPoint"",""coordinates"":[]}"
10964_0,0.12646525,"{""type"":""MultiPoint"",""coordinates"":[]}"
10966_0,0.115032494,"{""type"":""MultiPoint"",""coordinates"":[]}"
10967_0,0.0050721113,"{""type"":""MultiPoint"",""coordinates"":[]}"
10969_0,0.14462978,"{""type"":""MultiPoint"",""coordinates"":[]}"
10971_0,0.22742334,"{""type"":""MultiPoint"",""coordinates"":[]}"
10972_0,0.12715232,"{""type"":""MultiPoint"",""coordinates"":[]}"
10974_0,0.114047475,"{""type"":""MultiPoint"",""coordinates"":[]}"
10979_0,0.14878762,"{""type"":""MultiPoint"",""coordinates"":[]}"
10980_0,0.0025054368,"{""type"":""MultiPoint"",""coordinates"":[]}"
10982_0,0.0025054368,"{""type"":""MultiPoint"",""coordinates"":[]}"
10983_0,0.97914904,"{""type"":""MultiPoint"",""coordinates"":[]}"
10985_0,0.0756498,"{""type"":""MultiPoint"",""coordinates"":[]}"
10986_0,0.09558582,"{""type"":""MultiPoint"",""coordinates"":[]}"
10987_0,0.10059872,"{""type"":""MultiPoint"",""coordinates"":[]}"
10991_0,0.025083996,"{""type"":""MultiPoint"",""coordinates"":[]}"
10992_0,0.10829289,"{""type"":""MultiPoint"",""coordinates"":[]}"
10997_0,0.458265,"{""type"":""MultiPoint"",""coordinates"":[]}"
10999_0,0.6160909,"{""type"":""MultiPoint"",""coordinates"":[]}"
11002_0,0.09112073,"{""type"":""MultiPoint"",""coordinates"":[]}"
11003_0,0.11765885,"{""type"":""MultiPoint"",""coordinates"":[]}"
11004_0,0.060817193,"{""type"":""MultiPoint"",""coordinates"":[]}"
11009_0,0.15390596,"{""type"":""MultiPoint"",""coordinates"":[]}"
11011_0,0.8375385,"{""type"":""MultiPoint"",""coordinates"":[]}"
11017_0,0.6945939,"{""type"":""MultiPoint"",""coordinates"":[]}"
11019_0,0.47861806,"{""type"":""MultiPoint"",""coordinates"":[]}"
11020_0,0.11579308,"{""type"":""MultiPoint"",""coordinates"":[]}"
11021_0,0.061435554,"{""type"":""MultiPoint"",""coordinates"":[]}"
11022_0,0.08368953,"{""type"":""MultiPoint"",""coordinates"":[]}"
11023_0,0.10285099,"{""type"":""MultiPoint"",""coordinates"":[]}"
11026_0,0.02064936,"{""type"":""MultiPoint"",""coordinates"":[]}"
11027_0,0.066371836,"{""type"":""MultiPoint"",""coordinates"":[]}"
11029_0,0.14161085,"{""type"":""MultiPoint"",""coordinates"":[]}"
11031_0,0.13963479,"{""type"":""MultiPoint"",""coordinates"":[]}"
11032_0,0.24759075,"{""type"":""MultiPoint"",""coordinates"":[]}"
11034_0,0.061572183,"{""type"":""MultiPoint"",""coordinates"":[]}"
11035_0,0.22302133,"{""type"":""MultiPoint"",""coordinates"":[]}"
11036_0,0.090327226,"{""type"":""MultiPoint"",""coordinates"":[]}"
11042_0,0.03296321,"{""type"":""MultiPoint"",""coordinates"":[]}"
11044_0,0.070969984,"{""type"":""MultiPoint"",""coordinates"":[]}"
11046_0,0.1715961,"{""type"":""MultiPoint"",""coordinates"":[]}"
11047_0,0.031921264,"{""type"":""MultiPoint"",""coordinates"":[]}"
11049_0,0.19234662,"{""type"":""MultiPoint"",""coordinates"":[]}"
11051_0,0.29689267,"{""type"":""MultiPoint"",""coordinates"":[]}"
11055_0,0.29140612,"{""type"":""MultiPoint"",""coordinates"":[]}"
11060_0,0.17502892,"{""type"":""MultiPoint"",""coordinates"":[]}"
11062_0,0.11579308,"{""type"":""MultiPoint"",""coordinates"":[]}"
11064_0,0.04254737,"{""type"":""MultiPoint"",""coordinates"":[]}"
11067_0,0.24892074,"{""type"":""MultiPoint"",""coordinates"":[]}"
11074_0,0.01569803,"{""type"":""MultiPoint"",""coordinates"":[]}"
11075_0,0.19387594,"{""type"":""MultiPoint"",""coordinates"":[]}"
11079_0,0.12990949,"{""type"":""MultiPoint"",""coordinates"":[]}"
11082_0,0.042536378,"{""type"":""MultiPoint"",""coordinates"":[]}"
11083_0,0.17230389,"{""type"":""MultiPoint"",""coordinates"":[]}"
11084_0,0.10285099,"{""type"":""MultiPoint"",""coordinates"":[]}"
11088_0,0.44597235,"{""type"":""MultiPoint"",""coordinates"":[]}"
11090_0,0.13243066,"{""type"":""MultiPoint"",""coordinates"":[]}"
11093_0,0.4285069,"{""type"":""MultiPoint"",""coordinates"":[]}"
11101_0,0.013554166,"{""type"":""MultiPoint"",""coordinates"":[]}"
11102_0,0.3736612,"{""type"":""MultiPoint"",""coordinates"":[]}"
11106_0,0.1350988,"{""type"":""MultiPoint"",""coordinates"":[]}"
11108_0,0.23077728,"{""type"":""MultiPoint"",""coordinates"":[]}"
11111_0,0.08602925,"{""type"":""MultiPoint"",""coordinates"":[]}"
11112_0,0.08170499,"{""type"":""MultiPoint"",""coordinates"":[]}"
11113_0,0.075928405,"{""type"":""MultiPoint"",""coordinates"":[]}"
11114_0,0.0693921,"{""type"":""MultiPoint"",""coordinates"":[]}"
11115_0,0.089575455,"{""type"":""MultiPoint"",""coordinates"":[]}"
11116_0,0.30268568,"{""type"":""MultiPoint"",""coordinates"":[]}"
11120_0,0.060817193,"{""type"":""MultiPoint"",""coordinates"":[]}"
11121_0,0.4976047,"{""type"":""MultiPoint"",""coordinates"":[]}"
11122_0,0.30682242,"{""type"":""MultiPoint"",""coordinates"":[]}"
11124_0,0.9557882,"{""type"":""MultiPoint"",""coordinates"":[]}"
11125_0,0.27697778,"{""type"":""MultiPoint"",""coordinates"":[]}"
11129_0,0.07718533,"{""type"":""MultiPoint"",""coordinates"":[]}"
11130_0,0.29048246,"{""type"":""MultiPoint"",""coordinates"":[]}"
11131_0,0.28682527,"{""type"":""MultiPoint"",""coordinates"":[]}"
11132_0,0.040856514,"{""type"":""MultiPoint"",""coordinates"":[]}"
11133_0,0.39779013,"{""type"":""MultiPoint"",""coordinates"":[]}"
11134_0,0.33797872,"{""type"":""MultiPoint"",""coordinates"":[]}"
11139_0,0.12776384,"{""type"":""MultiPoint"",""coordinates"":[]}"
11140_0,0.061680812,"{""type"":""MultiPoint"",""coordinates"":[]}"
11148_0,0.17270221,"{""type"":""MultiPoint"",""coordinates"":[]}"
11150_0,0.051165476,"{""type"":""MultiPoint"",""coordinates"":[]}"
11151_0,0.057327054,"{""type"":""MultiPoint"",""coordinates"":[]}"
11152_0,0.11975249,"{""type"":""MultiPoint"",""coordinates"":[]}"
11154_0,0.18456773,"{""type"":""MultiPoint"",""coordinates"":[]}"
11155_0,0.08368953,"{""type"":""MultiPoint"",""coordinates"":[]}"
11157_0,0.6924686,"{""type"":""MultiPoint"",""coordinates"":[]}"
11158_0,0.29140612,"{""type"":""MultiPoint"",""coordinates"":[]}"
11162_0,0.0011885471,"{""type"":""MultiPoint"",""coordinates"":[]}"
11166_0,0.15712973,"{""type"":""MultiPoint"",""coordinates"":[]}"
11167_0,0.115032494,"{""type"":""MultiPoint"",""coordinates"":[]}"
11168_0,0.771164,"{""type"":""MultiPoint"",""coordinates"":[]}"
11174_0,0.43709737,"{""type"":""MultiPoint"",""coordinates"":[]}"
11175_0,0.32096875,"{""type"":""MultiPoint"",""coordinates"":[]}"
11181_0,0.12776384,"{""type"":""MultiPoint"",""coordinates"":[]}"
11184_0,0.037091296,"{""type"":""MultiPoint"",""coordinates"":[]}"
11186_0,0.03659199,"{""type"":""MultiPoint"",""coordinates"":[]}"
11187_0,0.369624,"{""type"":""MultiPoint"",""coordinates"":[]}"
11189_0,0.7960194,"{""type"":""MultiPoint"",""coordinates"":[]}"
11190_0,0.02385106,"{""type"":""MultiPoint"",""coordinates"":[]}"
11191_0,0.14356324,"{""type"":""MultiPoint"",""coordinates"":[]}"
11192_0,0.18877323,"{""type"":""MultiPoint"",""coordinates"":[]}"
11194_0,0.24355017,"{""type"":""MultiPoint"",""coordinates"":[]}"
11195_0,0.29140612,"{""type"":""MultiPoint"",""coordinates"":[]}"
11198_0,0.011475624,"{""type"":""MultiPoint"",""coordinates"":[]}"
11200_0,0.36810735,"{""type"":""MultiPoint"",""coordinates"":[]}"
11206_0,0.060817193,"{""type"":""MultiPoint"",""coordinates"":[]}"
11208_0,0.112022206,"{""type"":""MultiPoint"",""coordinates"":[]}"
11213_0,0.08960526,"{""type"":""MultiPoint"",""coordinates"":[]}"
11214_0,0.22559902,"{""type"":""MultiPoint"",""coordinates"":[]}"
11215_0,0.014133324,"{""type"":""MultiPoint"",""coordinates"":[]}"
11217_0,0.13841465,"{""type"":""MultiPoint"",""coordinates"":[]}"
11220_0,0.43402666,"{""type"":""MultiPoint"",""coordinates"":[]}"
11222_0,0.17902705,"{""type"":""MultiPoint"",""coordinates"":[]}"
11223_0,0.366994,"{""type"":""MultiPoint"",""coordinates"":[]}"
11224_0,0.097858705,"{""type"":""MultiPoint"",""coordinates"":[]}"
11225_0,0.45163527,"{""type"":""MultiPoint"",""coordinates"":[]}"
11226_0,0.03296321,"{""type"":""MultiPoint"",""coordinates"":[]}"
11232_0,0.22559902,"{""type"":""MultiPoint"",""coordinates"":[]}"
11235_0,0.12621579,"{""type"":""MultiPoint"",""coordinates"":[]}"
11237_0,0.47595653,"{""type"":""MultiPoint"",""coordinates"":[]}"
11243_0,0.062192984,"{""type"":""MultiPoint"",""coordinates"":[]}"
11244_0,0.23168932,"{""type"":""MultiPoint"",""coordinates"":[]}"
11245_0,0.026538815,"{""type"":""MultiPoint"",""coordinates"":[]}"
11246_0,0.028932964,"{""type"":""MultiPoint"",""coordinates"":[]}"
11247_0,0.24883893,"{""type"":""MultiPoint"",""coordinates"":[]}"
11248_0,0.09343831,"{""type"":""MultiPoint"",""coordinates"":[]}"
11249_0,0.039880738,"{""type"":""MultiPoint"",""coordinates"":[]}"
11257_0,0.5070299,"{""type"":""MultiPoint"",""coordinates"":[]}"
11258_0,0.34169877,"{""type"":""MultiPoint"",""coordinates"":[]}"
11260_0,0.0024798817,"{""type"":""MultiPoint"",""coordinates"":[]}"
11261_0,0.05712674,"{""type"":""MultiPoint"",""coordinates"":[]}"
11262_0,0.029434565,"{""type"":""MultiPoint"",""coordinates"":[]}"
11263_0,0.07766542,"{""type"":""MultiPoint"",""coordinates"":[]}"
11265_0,0.39422584,"{""type"":""MultiPoint"",""coordinates"":[]}"
11270_0,0.07669952,"{""type"":""MultiPoint"",""coordinates"":[]}"
11272_0,0.11229959,"{""type"":""MultiPoint"",""coordinates"":[]}"
11284_0,0.16697402,"{""type"":""MultiPoint"",""coordinates"":[]}"
11289_0,0.050169006,"{""type"":""MultiPoint"",""coordinates"":[]}"
11291_0,0.3287856,"{""type"":""MultiPoint"",""coordinates"":[]}"
11297_0,0.366994,"{""type"":""MultiPoint"",""coordinates"":[]}"
11300_0,0.0043239105,"{""type"":""MultiPoint"",""coordinates"":[]}"
11301_0,0.12682562,"{""type"":""MultiPoint"",""coordinates"":[]}"
11307_0,0.09343831,"{""type"":""MultiPoint"",""coordinates"":[]}"
11310_0,0.026121335,"{""type"":""MultiPoint"",""coordinates"":[]}"
11311_0,0.28910428,"{""type"":""MultiPoint"",""coordinates"":[]}"
11312_0,0.30083594,"{""type"":""MultiPoint"",""coordinates"":[]}"
11315_0,0.18998411,"{""type"":""MultiPoint"",""coordinates"":[]}"
11319_0,0.104699776,"{""type"":""MultiPoint"",""coordinates"":[]}"
11321_0,0.2806642,"{""type"":""MultiPoint"",""coordinates"":[]}"
11323_0,0.103687,"{""type"":""MultiPoint"",""coordinates"":[]}"
11324_0,0.9984116,"{""type"":""MultiPoint"",""coordinates"":[]}"
11329_0,0.3851201,"{""type"":""MultiPoint"",""coordinates"":[]}"
11330_0,0.10285099,"{""type"":""MultiPoint"",""coordinates"":[]}"
11332_0,0.09404807,"{""type"":""MultiPoint"",""coordinates"":[]}"
11333_0,0.9984116,"{""type"":""MultiPoint"",""coordinates"":[]}"
11336_0,0.10562055,"{""type"":""MultiPoint"",""coordinates"":[]}"
11337_0,0.081940055,"{""type"":""MultiPoint"",""coordinates"":[]}"
11340_0,0.13333978,"{""type"":""MultiPoint"",""coordinates"":[]}"
11342_0,0.0026684531,"{""type"":""MultiPoint"",""coordinates"":[]}"
11343_0,0.17152493,"{""type"":""MultiPoint"",""coordinates"":[]}"
11346_0,0.048496407,"{""type"":""MultiPoint"",""coordinates"":[]}"
11347_0,0.075928405,"{""type"":""MultiPoint"",""coordinates"":[]}"
11348_0,0.51943034,"{""type"":""MultiPoint"",""coordinates"":[]}"
11350_0,0.30268568,"{""type"":""MultiPoint"",""coordinates"":[]}"
11355_0,0.07513506,"{""type"":""MultiPoint"",""coordinates"":[]}"
11357_0,0.1110861,"{""type"":""MultiPoint"",""coordinates"":[]}"
11358_0,0.8528581,"{""type"":""MultiPoint"",""coordinates"":[]}"
11359_0,0.08960526,"{""type"":""MultiPoint"",""coordinates"":[]}"
11361_0,0.7709468,"{""type"":""MultiPoint"",""coordinates"":[]}"
11363_0,0.0139602395,"{""type"":""MultiPoint"",""coordinates"":[]}"
11368_0,0.07669952,"{""type"":""MultiPoint"",""coordinates"":[]}"
11370_0,0.52085227,"{""type"":""MultiPoint"",""coordinates"":[]}"
11371_0,0.07642482,"{""type"":""MultiPoint"",""coordinates"":[]}"
11377_0,0.35081464,"{""type"":""MultiPoint"",""coordinates"":[]}"
11379_0,0.771164,"{""type"":""MultiPoint"",""coordinates"":[]}"
11380_0,0.06594758,"{""type"":""MultiPoint"",""coordinates"":[]}"
11383_0,0.10285099,"{""type"":""MultiPoint"",""coordinates"":[]}"
11384_0,0.07143783,"{""type"":""MultiPoint"",""coordinates"":[]}"
11386_0,0.18456773,"{""type"":""MultiPoint"",""coordinates"":[]}"
11387_0,0.026964542,"{""type"":""MultiPoint"",""coordinates"":[]}"
11394_0,0.18456773,"{""type"":""MultiPoint"",""coordinates"":[]}"
11397_0,0.3023574,"{""type"":""MultiPoint"",""coordinates"":[]}"
11403_0,0.0024798817,"{""type"":""MultiPoint"",""coordinates"":[]}"
11404_0,0.23077728,"{""type"":""MultiPoint"",""coordinates"":[]}"
11406_0,0.18456773,"{""type"":""MultiPoint"",""coordinates"":[]}"
11408_0,0.15390596,"{""type"":""MultiPoint"",""coordinates"":[]}"
11409_0,0.24177404,"{""type"":""MultiPoint"",""coordinates"":[]}"
11413_0,0.22559902,"{""type"":""MultiPoint"",""coordinates"":[]}"
11415_0,0.0988569,"{""type"":""MultiPoint"",""coordinates"":[]}"
11417_0,0.17527674,"{""type"":""MultiPoint"",""coordinates"":[]}"
11418_0,0.7313624,"{""type"":""MultiPoint"",""coordinates"":[]}"
11423_0,0.011154195,"{""type"":""MultiPoint"",""coordinates"":[]}"
11425_0,0.06765379,"{""type"":""MultiPoint"",""coordinates"":[]}"
11427_0,0.07699686,"{""type"":""MultiPoint"",""coordinates"":[]}"
11428_0,0.08645229,"{""type"":""MultiPoint"",""coordinates"":[]}"
11429_0,0.0031660413,"{""type"":""MultiPoint"",""coordinates"":[]}"
11430_0,0.28952622,"{""type"":""MultiPoint"",""coordinates"":[]}"
11435_0,0.11579308,"{""type"":""MultiPoint"",""coordinates"":[]}"
11436_0,0.32951292,"{""type"":""MultiPoint"",""coordinates"":[]}"
11437_0,0.10285099,"{""type"":""MultiPoint"",""coordinates"":[]}"
11438_0,0.13693358,"{""type"":""MultiPoint"",""coordinates"":[]}"
11441_0,0.088069744,"{""type"":""MultiPoint"",""coordinates"":[]}"
11444_0,0.5197454,"{""type"":""MultiPoint"",""coordinates"":[]}"
11445_0,0.983335,"{""type"":""MultiPoint"",""coordinates"":[]}"
11446_0,0.18456773,"{""type"":""MultiPoint"",""coordinates"":[]}"
11447_0,0.42157695,"{""type"":""MultiPoint"",""coordinates"":[]}"
11448_0,0.053291447,"{""type"":""MultiPoint"",""coordinates"":[]}"
11450_0,0.094989926,"{""type"":""MultiPoint"",""coordinates"":[]}"
11451_0,0.10285099,"{""type"":""MultiPoint"",""coordinates"":[]}"
11454_0,0.09880389,"{""type"":""MultiPoint"",""coordinates"":[]}"
11455_0,0.059212394,"{""type"":""MultiPoint"",""coordinates"":[]}"
11457_0,0.17204231,"{""type"":""MultiPoint"",""coordinates"":[]}"
11460_0,0.12563357,"{""type"":""MultiPoint"",""coordinates"":[]}"
11463_0,0.060817193,"{""type"":""MultiPoint"",""coordinates"":[]}"
11465_0,0.22559902,"{""type"":""MultiPoint"",""coordinates"":[]}"
11467_0,0.84474915,"{""type"":""MultiPoint"",""coordinates"":[]}"
11468_0,0.1093405,"{""type"":""MultiPoint"",""coordinates"":[]}"
11470_0,0.97183,"{""type"":""MultiPoint"",""coordinates"":[]}"
11473_0,0.14065185,"{""type"":""MultiPoint"",""coordinates"":[]}"
11477_0,0.20667665,"{""type"":""MultiPoint"",""coordinates"":[]}"
11478_0,0.07012922,"{""type"":""MultiPoint"",""coordinates"":[]}"
11479_0,0.17230389,"{""type"":""MultiPoint"",""coordinates"":[]}"
11480_0,0.13344161,"{""type"":""MultiPoint"",""coordinates"":[]}"
11481_0,0.021491943,"{""type"":""MultiPoint"",""coordinates"":[]}"
11482_0,0.18456773,"{""type"":""MultiPoint"",""coordinates"":[]}"
11483_0,0.44020504,"{""type"":""MultiPoint"",""coordinates"":[]}"
11485_0,0.11029263,"{""type"":""MultiPoint"",""coordinates"":[]}"
11486_0,0.18835312,"{""type"":""MultiPoint"",""coordinates"":[]}"
11487_0,0.0031660413,"{""type"":""MultiPoint"",""coordinates"":[]}"
11489_0,0.14031753,"{""type"":""MultiPoint"",""coordinates"":[]}"
11491_0,0.0965265,"{""type"":""MultiPoint"",""coordinates"":[]}"
11495_0,0.110998,"{""type"":""MultiPoint"",""coordinates"":[]}"
11496_0,0.29846126,"{""type"":""MultiPoint"",""coordinates"":[]}"
11497_0,0.09880389,"{""type"":""MultiPoint"",""coordinates"":[]}"
11498_0,0.214602,"{""type"":""MultiPoint"",""coordinates"":[]}"
11499_0,0.09838459,"{""type"":""MultiPoint"",""coordinates"":[]}"
11501_0,0.6160909,"{""type"":""MultiPoint"",""coordinates"":[]}"
11506_0,0.32878986,"{""type"":""MultiPoint"",""coordinates"":[]}"
11509_0,0.045813628,"{""type"":""MultiPoint"",""coordinates"":[]}"
11510_0,0.22186464,"{""type"":""MultiPoint"",""coordinates"":[]}"
11513_0,0.08170499,"{""type"":""MultiPoint"",""coordinates"":[]}"
11514_0,0.17502892,"{""type"":""MultiPoint"",""coordinates"":[]}"
11519_0,0.35924155,"{""type"":""MultiPoint"",""coordinates"":[]}"
11523_0,0.0388238,"{""type"":""MultiPoint"",""coordinates"":[]}"
11530_0,0.1047962,"{""type"":""MultiPoint"",""coordinates"":[]}"
11531_0,0.22468707,"{""type"":""MultiPoint"",""coordinates"":[]}"
11532_0,0.5780104,"{""type"":""MultiPoint"",""coordinates"":[]}"
11533_0,0.14159451,"{""type"":""MultiPoint"",""coordinates"":[]}"
11542_0,0.35946035,"{""type"":""MultiPoint"",""coordinates"":[]}"
11548_0,0.15332198,"{""type"":""MultiPoint"",""coordinates"":[]}"
11553_0,0.48759544,"{""type"":""MultiPoint"",""coordinates"":[]}"
11557_0,0.18456773,"{""type"":""MultiPoint"",""coordinates"":[]}"
11560_0,0.7357671,"{""type"":""MultiPoint"",""coordinates"":[]}"
11561_0,0.022384467,"{""type"":""MultiPoint"",""coordinates"":[]}"
11562_0,0.108844,"{""type"":""MultiPoint"",""coordinates"":[]}"
11563_0,0.09460962,"{""type"":""MultiPoint"",""coordinates"":[]}"
11565_0,0.9982206,"{""type"":""MultiPoint"",""coordinates"":[]}"
11569_0,0.26922488,"{""type"":""MultiPoint"",""coordinates"":[]}"
11572_0,0.016814303,"{""type"":""MultiPoint"",""coordinates"":[]}"
11574_0,0.23465978,"{""type"":""MultiPoint"",""coordinates"":[]}"
11577_0,0.95468616,"{""type"":""MultiPoint"",""coordinates"":[]}"
11580_0,0.07012922,"{""type"":""MultiPoint"",""coordinates"":[]}"
11583_0,0.14301676,"{""type"":""MultiPoint"",""coordinates"":[]}"
11586_0,0.14462978,"{""type"":""MultiPoint"",""coordinates"":[]}"
11588_0,0.42129546,"{""type"":""MultiPoint"",""coordinates"":[]}"
11591_0,0.051165476,"{""type"":""MultiPoint"",""coordinates"":[]}"
11596_0,0.053750552,"{""type"":""MultiPoint"",""coordinates"":[]}"
11597_0,0.0039507416,"{""type"":""MultiPoint"",""coordinates"":[]}"
11598_0,0.0025054368,"{""type"":""MultiPoint"",""coordinates"":[]}"
11599_0,0.0039507416,"{""type"":""MultiPoint"",""coordinates"":[]}"
11600_0,0.23077728,"{""type"":""MultiPoint"",""coordinates"":[]}"
11603_0,0.03387099,"{""type"":""MultiPoint"",""coordinates"":[]}"
11607_0,0.38050815,"{""type"":""MultiPoint"",""coordinates"":[]}"
11610_0,0.0025054368,"{""type"":""MultiPoint"",""coordinates"":[]}"
11626_0,0.3392879,"{""type"":""MultiPoint"",""coordinates"":[]}"
11627_0,0.61854666,"{""type"":""MultiPoint"",""coordinates"":[]}"
11628_0,0.08271224,"{""type"":""MultiPoint"",""coordinates"":[]}"
11629_0,0.08716278,"{""type"":""MultiPoint"",""coordinates"":[]}"
11632_0,0.09600898,"{""type"":""MultiPoint"",""coordinates"":[]}"
11634_0,0.2378419,"{""type"":""MultiPoint"",""coordinates"":[]}"
11637_0,0.07145855,"{""type"":""MultiPoint"",""coordinates"":[]}"
11645_0,0.14462978,"{""type"":""MultiPoint"",""coordinates"":[]}"
11649_0,0.35658762,"{""type"":""MultiPoint"",""coordinates"":[]}"
11663_0,0.12110035,"{""type"":""MultiPoint"",""coordinates"":[]}"
11666_0,0.035828542,"{""type"":""MultiPoint"",""coordinates"":[]}"
11672_0,0.18456773,"{""type"":""MultiPoint"",""coordinates"":[]}"
11675_0,0.021119766,"{""type"":""MultiPoint"",""coordinates"":[]}"
11677_0,0.18690279,"{""type"":""MultiPoint"",""coordinates"":[]}"
11679_0,0.24355017,"{""type"":""MultiPoint"",""coordinates"":[]}"
11682_0,0.022349652,"{""type"":""MultiPoint"",""coordinates"":[]}"
11686_0,0.92817307,"{""type"":""MultiPoint"",""coordinates"":[]}"
11688_0,0.060420234,"{""type"":""MultiPoint"",""coordinates"":[]}"
11689_0,0.021623708,"{""type"":""MultiPoint"",""coordinates"":[]}"
11692_0,0.22559902,"{""type"":""MultiPoint"",""coordinates"":[]}"
11694_0,0.14998704,"{""type"":""MultiPoint"",""coordinates"":[]}"
11701_0,0.010215646,"{""type"":""MultiPoint"",""coordinates"":[]}"
11704_0,0.24865688,"{""type"":""MultiPoint"",""coordinates"":[]}"
11706_0,0.062192984,"{""type"":""MultiPoint"",""coordinates"":[]}"
11707_0,0.059945602,"{""type"":""MultiPoint"",""coordinates"":[]}"
11708_0,0.0039507416,"{""type"":""MultiPoint"",""coordinates"":[]}"
11709_0,0.08086405,"{""type"":""MultiPoint"",""coordinates"":[]}"
11711_0,0.075928405,"{""type"":""MultiPoint"",""coordinates"":[]}"
11715_0,0.29140612,"{""type"":""MultiPoint"",""coordinates"":[]}"
11717_0,0.014485282,"{""type"":""MultiPoint"",""coordinates"":[]}"
11718_0,0.020386383,"{""type"":""MultiPoint"",""coordinates"":[]}"
11722_0,0.094689816,"{""type"":""MultiPoint"",""coordinates"":[]}"
11724_0,0.0039507416,"{""type"":""MultiPoint"",""coordinates"":[]}"
11726_0,0.061297245,"{""type"":""MultiPoint"",""coordinates"":[]}"
11736_0,0.12347895,"{""type"":""MultiPoint"",""coordinates"":[]}"
11737_0,0.2656395,"{""type"":""MultiPoint"",""coordinates"":[]}"
11738_0,0.049237385,"{""type"":""MultiPoint"",""coordinates"":[]}"
11740_0,0.32951292,"{""type"":""MultiPoint"",""coordinates"":[]}"
11743_0,0.9969554,"{""type"":""MultiPoint"",""coordinates"":[]}"
11745_0,0.10980927,"{""type"":""MultiPoint"",""coordinates"":[]}"
11746_0,0.3362933,"{""type"":""MultiPoint"",""coordinates"":[]}"
11750_0,0.03296321,"{""type"":""MultiPoint"",""coordinates"":[]}"
11751_0,0.08677007,"{""type"":""MultiPoint"",""coordinates"":[]}"
11753_0,0.060420234,"{""type"":""MultiPoint"",""coordinates"":[]}"
11755_0,0.048757307,"{""type"":""MultiPoint"",""coordinates"":[]}"
11758_0,0.08627816,"{""type"":""MultiPoint"",""coordinates"":[]}"
11762_0,0.023014698,"{""type"":""MultiPoint"",""coordinates"":[]}"
11763_0,0.021119766,"{""type"":""MultiPoint"",""coordinates"":[]}"
11764_0,0.0039507416,"{""type"":""MultiPoint"",""coordinates"":[]}"
11767_0,0.010467444,"{""type"":""MultiPoint"",""coordinates"":[]}"
11768_0,0.023014698,"{""type"":""MultiPoint"",""coordinates"":[]}"
11775_0,0.6160909,"{""type"":""MultiPoint"",""coordinates"":[]}"
11776_0,0.10285099,"{""type"":""MultiPoint"",""coordinates"":[]}"
11780_0,0.6035624,"{""type"":""MultiPoint"",""coordinates"":[]}"
11781_0,0.13922459,"{""type"":""MultiPoint"",""coordinates"":[]}"
11784_0,0.27848837,"{""type"":""MultiPoint"",""coordinates"":[]}"
11786_0,0.11084577,"{""type"":""MultiPoint"",""coordinates"":[]}"
11789_0,0.06765379,"{""type"":""MultiPoint"",""coordinates"":[]}"
11791_0,0.7767333,"{""type"":""MultiPoint"",""coordinates"":[]}"
11793_0,0.9298927,"{""type"":""MultiPoint"",""coordinates"":[]}"
11795_0,0.07513506,"{""type"":""MultiPoint"",""coordinates"":[]}"
11797_0,0.10059872,"{""type"":""MultiPoint"",""coordinates"":[]}"
11799_0,0.097796425,"{""type"":""MultiPoint"",""coordinates"":[]}"
11804_0,0.35251763,"{""type"":""MultiPoint"",""coordinates"":[]}"
11805_0,0.09880389,"{""type"":""MultiPoint"",""coordinates"":[]}"
11807_0,0.013959091,"{""type"":""MultiPoint"",""coordinates"":[]}"
11808_0,0.2691035,"{""type"":""MultiPoint"",""coordinates"":[]}"
11809_0,0.35081464,"{""type"":""MultiPoint"",""coordinates"":[]}"
11810_0,0.38057765,"{""type"":""MultiPoint"",""coordinates"":[]}"
11812_0,0.103687,"{""type"":""MultiPoint"",""coordinates"":[]}"
11814_0,0.26186296,"{""type"":""MultiPoint"",""coordinates"":[]}"
11821_0,0.9984116,"{""type"":""MultiPoint"",""coordinates"":[]}"
11825_0,0.3675075,"{""type"":""MultiPoint"",""coordinates"":[]}"
11828_0,0.07082936,"{""type"":""MultiPoint"",""coordinates"":[]}"
11829_0,0.02859265,"{""type"":""MultiPoint"",""coordinates"":[]}"
11830_0,0.14462978,"{""type"":""MultiPoint"",""coordinates"":[]}"
11844_0,0.088915244,"{""type"":""MultiPoint"",""coordinates"":[]}"
11845_0,0.2656395,"{""type"":""MultiPoint"",""coordinates"":[]}"
11850_0,0.19700466,"{""type"":""MultiPoint"",""coordinates"":[]}"
11853_0,0.06765379,"{""type"":""MultiPoint"",""coordinates"":[]}"
11854_0,0.54395574,"{""type"":""MultiPoint"",""coordinates"":[]}"
11861_0,0.0029098,"{""type"":""MultiPoint"",""coordinates"":[]}"
11863_0,0.3731105,"{""type"":""MultiPoint"",""coordinates"":[]}"
11864_0,0.10059872,"{""type"":""MultiPoint"",""coordinates"":[]}"
11865_0,0.18877323,"{""type"":""MultiPoint"",""coordinates"":[]}"
11867_0,0.10033204,"{""type"":""MultiPoint"",""coordinates"":[]}"
11873_0,0.3703644,"{""type"":""MultiPoint"",""coordinates"":[]}"
11876_0,0.17469779,"{""type"":""MultiPoint"",""coordinates"":[]}"
11881_0,0.075928405,"{""type"":""MultiPoint"",""coordinates"":[]}"
11882_0,0.49305028,"{""type"":""MultiPoint"",""coordinates"":[]}"
11884_0,0.23077728,"{""type"":""MultiPoint"",""coordinates"":[]}"
11886_0,0.07082936,"{""type"":""MultiPoint"",""coordinates"":[]}"
11893_0,0.10033204,"{""type"":""MultiPoint"",""coordinates"":[]}"
11896_0,0.03296321,"{""type"":""MultiPoint"",""coordinates"":[]}"
11900_0,0.18456773,"{""type"":""MultiPoint"",""coordinates"":[]}"
11902_0,0.45443463,"{""type"":""MultiPoint"",""coordinates"":[]}"
11903_0,0.35924155,"{""type"":""MultiPoint"",""coordinates"":[]}"
11904_0,0.21350159,"{""type"":""MultiPoint"",""coordinates"":[]}"
11907_0,0.8513526,"{""type"":""MultiPoint"",""coordinates"":[]}"
11910_0,0.22234431,"{""type"":""MultiPoint"",""coordinates"":[]}"
11911_0,0.12275387,"{""type"":""MultiPoint"",""coordinates"":[]}"
11913_0,0.9977162,"{""type"":""MultiPoint"",""coordinates"":[]}"
11914_0,0.06006523,"{""type"":""MultiPoint"",""coordinates"":[]}"
11915_0,0.0867102,"{""type"":""MultiPoint"",""coordinates"":[]}"
11916_0,0.10285099,"{""type"":""MultiPoint"",""coordinates"":[]}"
11917_0,0.14535338,"{""type"":""MultiPoint"",""coordinates"":[]}"
11918_0,0.022064786,"{""type"":""MultiPoint"",""coordinates"":[]}"
11919_0,0.2325411,"{""type"":""MultiPoint"",""coordinates"":[]}"
11920_0,0.1110861,"{""type"":""MultiPoint"",""coordinates"":[]}"
11924_0,0.21525313,"{""type"":""MultiPoint"",""coordinates"":[]}"
11927_0,0.23750053,"{""type"":""MultiPoint"",""coordinates"":[]}"
11928_0,0.8528581,"{""type"":""MultiPoint"",""coordinates"":[]}"
11930_0,0.27221164,"{""type"":""MultiPoint"",""coordinates"":[]}"
11931_0,0.09334352,"{""type"":""MultiPoint"",""coordinates"":[]}"
11932_0,0.17796138,"{""type"":""MultiPoint"",""coordinates"":[]}"
11934_0,0.0024798817,"{""type"":""MultiPoint"",""coordinates"":[]}"
11935_0,0.075928405,"{""type"":""MultiPoint"",""coordinates"":[]}"
11936_0,0.042989567,"{""type"":""MultiPoint"",""coordinates"":[]}"
11937_0,0.097796425,"{""type"":""MultiPoint"",""coordinates"":[]}"
11940_0,0.0025054368,"{""type"":""MultiPoint"",""coordinates"":[]}"
11941_0,0.14510332,"{""type"":""MultiPoint"",""coordinates"":[]}"
11943_0,0.33383775,"{""type"":""MultiPoint"",""coordinates"":[]}"
11944_0,0.02801375,"{""type"":""MultiPoint"",""coordinates"":[]}"
11945_0,0.35924155,"{""type"":""MultiPoint"",""coordinates"":[]}"
11947_0,0.0959975,"{""type"":""MultiPoint"",""coordinates"":[]}"
11957_0,0.073643245,"{""type"":""MultiPoint"",""coordinates"":[]}"
11961_0,0.7351673,"{""type"":""MultiPoint"",""coordinates"":[]}"
11965_0,0.04175588,"{""type"":""MultiPoint"",""coordinates"":[]}"
11968_0,0.10285099,"{""type"":""MultiPoint"",""coordinates"":[]}"
11970_0,0.33383775,"{""type"":""MultiPoint"",""coordinates"":[]}"
11971_0,0.059212394,"{""type"":""MultiPoint"",""coordinates"":[]}"
11973_0,0.3082513,"{""type"":""MultiPoint"",""coordinates"":[]}"
11976_0,0.07642482,"{""type"":""MultiPoint"",""coordinates"":[]}"
11977_0,0.6224672,"{""type"":""MultiPoint"",""coordinates"":[]}"
11979_0,0.35285872,"{""type"":""MultiPoint"",""coordinates"":[]}"
11980_0,0.019925795,"{""type"":""MultiPoint"",""coordinates"":[]}"
11981_0,0.31307757,"{""type"":""MultiPoint"",""coordinates"":[]}"
11989_0,0.93671215,"{""type"":""MultiPoint"",""coordinates"":[]}"
11992_0,0.6916973,"{""type"":""MultiPoint"",""coordinates"":[]}"
11993_0,0.36708128,"{""type"":""MultiPoint"",""coordinates"":[]}"
12001_0,0.9628215,"{""type"":""MultiPoint"",""coordinates"":[]}"
12002_0,0.3798829,"{""type"":""MultiPoint"",""coordinates"":[]}"
12007_0,0.51189846,"{""type"":""MultiPoint"",""coordinates"":[]}"
12008_0,0.11628665,"{""type"":""MultiPoint"",""coordinates"":[]}"
12010_0,0.021263884,"{""type"":""MultiPoint"",""coordinates"":[]}"
12015_0,0.099859014,"{""type"":""MultiPoint"",""coordinates"":[]}"
12017_0,0.06754464,"{""type"":""MultiPoint"",""coordinates"":[]}"
12019_0,0.16908874,"{""type"":""MultiPoint"",""coordinates"":[]}"
12024_0,0.09554416,"{""type"":""MultiPoint"",""coordinates"":[]}"
12025_0,0.06285913,"{""type"":""MultiPoint"",""coordinates"":[]}"
12026_0,0.10166831,"{""type"":""MultiPoint"",""coordinates"":[]}"
12027_0,0.12961753,"{""type"":""MultiPoint"",""coordinates"":[]}"
12028_0,0.07669952,"{""type"":""MultiPoint"",""coordinates"":[]}"
12034_0,0.38543224,"{""type"":""MultiPoint"",""coordinates"":[]}"
12035_0,0.5009644,"{""type"":""MultiPoint"",""coordinates"":[]}"
12037_0,0.11629032,"{""type"":""MultiPoint"",""coordinates"":[]}"
12040_0,0.5214808,"{""type"":""MultiPoint"",""coordinates"":[]}"
12041_0,0.15479085,"{""type"":""MultiPoint"",""coordinates"":[]}"
12042_0,0.025988538,"{""type"":""MultiPoint"",""coordinates"":[]}"
12044_0,0.99834627,"{""type"":""MultiPoint"",""coordinates"":[]}"
12045_0,0.31212083,"{""type"":""MultiPoint"",""coordinates"":[]}"
12050_0,0.07736541,"{""type"":""MultiPoint"",""coordinates"":[]}"
12051_0,0.105786815,"{""type"":""MultiPoint"",""coordinates"":[]}"
12052_0,0.17000696,"{""type"":""MultiPoint"",""coordinates"":[]}"
12053_0,0.09947689,"{""type"":""MultiPoint"",""coordinates"":[]}"
12056_0,9.190317E-4,"{""type"":""MultiPoint"",""coordinates"":[]}"
12057_0,0.11229959,"{""type"":""MultiPoint"",""coordinates"":[]}"
12058_0,0.13841465,"{""type"":""MultiPoint"",""coordinates"":[]}"
12060_0,0.09880389,"{""type"":""MultiPoint"",""coordinates"":[]}"
12063_0,0.06006523,"{""type"":""MultiPoint"",""coordinates"":[]}"
12069_0,0.085792236,"{""type"":""MultiPoint"",""coordinates"":[]}"
12070_0,0.100524165,"{""type"":""MultiPoint"",""coordinates"":[]}"
12071_0,0.5364599,"{""type"":""MultiPoint"",""coordinates"":[]}"
12073_0,0.95709825,"{""type"":""MultiPoint"",""coordinates"":[]}"
12074_0,0.075151384,"{""type"":""MultiPoint"",""coordinates"":[]}"
12075_0,0.1093405,"{""type"":""MultiPoint"",""coordinates"":[]}"
12076_0,0.114047475,"{""type"":""MultiPoint"",""coordinates"":[]}"
12077_0,0.01569803,"{""type"":""MultiPoint"",""coordinates"":[]}"
12081_0,0.61945087,"{""type"":""MultiPoint"",""coordinates"":[]}"
12084_0,0.025893278,"{""type"":""MultiPoint"",""coordinates"":[]}"
12085_0,0.17375225,"{""type"":""MultiPoint"",""coordinates"":[]}"
12090_0,0.40157473,"{""type"":""MultiPoint"",""coordinates"":[]}"
12092_0,0.06513302,"{""type"":""MultiPoint"",""coordinates"":[]}"
12095_0,0.0653899,"{""type"":""MultiPoint"",""coordinates"":[]}"
12100_0,0.02278664,"{""type"":""MultiPoint"",""coordinates"":[]}"
12101_0,0.10952454,"{""type"":""MultiPoint"",""coordinates"":[]}"
12102_0,0.09880389,"{""type"":""MultiPoint"",""coordinates"":[]}"
12103_0,0.103766635,"{""type"":""MultiPoint"",""coordinates"":[]}"
12110_0,0.06765379,"{""type"":""MultiPoint"",""coordinates"":[]}"
12111_0,0.2623607,"{""type"":""MultiPoint"",""coordinates"":[]}"
12115_0,0.35081464,"{""type"":""MultiPoint"",""coordinates"":[]}"
12116_0,0.22941689,"{""type"":""MultiPoint"",""coordinates"":[]}"
12117_0,0.87549275,"{""type"":""MultiPoint"",""coordinates"":[]}"
12122_0,0.105786815,"{""type"":""MultiPoint"",""coordinates"":[]}"
12123_0,0.097858705,"{""type"":""MultiPoint"",""coordinates"":[]}"
12127_0,0.1093405,"{""type"":""MultiPoint"",""coordinates"":[]}"
12131_0,0.11707677,"{""type"":""MultiPoint"",""coordinates"":[]}"
12133_0,0.024329606,"{""type"":""MultiPoint"",""coordinates"":[]}"
12137_0,0.7956383,"{""type"":""MultiPoint"",""coordinates"":[]}"
12138_0,0.24355017,"{""type"":""MultiPoint"",""coordinates"":[]}"
12142_0,0.10285099,"{""type"":""MultiPoint"",""coordinates"":[]}"
12146_0,0.38543224,"{""type"":""MultiPoint"",""coordinates"":[]}"
12149_0,0.5408954,"{""type"":""MultiPoint"",""coordinates"":[]}"
12152_0,0.007603906,"{""type"":""MultiPoint"",""coordinates"":[]}"
12153_0,0.47382164,"{""type"":""MultiPoint"",""coordinates"":[]}"
12155_0,0.22559902,"{""type"":""MultiPoint"",""coordinates"":[]}"
12159_0,0.13345866,"{""type"":""MultiPoint"",""coordinates"":[]}"
12162_0,0.2880271,"{""type"":""MultiPoint"",""coordinates"":[]}"
12163_0,0.994313,"{""type"":""MultiPoint"",""coordinates"":[]}"
12164_0,0.4516922,"{""type"":""MultiPoint"",""coordinates"":[]}"
12165_0,0.23077728,"{""type"":""MultiPoint"",""coordinates"":[]}"
12167_0,0.105786815,"{""type"":""MultiPoint"",""coordinates"":[]}"
12168_0,0.10885331,"{""type"":""MultiPoint"",""coordinates"":[]}"
12169_0,0.15655594,"{""type"":""MultiPoint"",""coordinates"":[]}"
12170_0,0.021119766,"{""type"":""MultiPoint"",""coordinates"":[]}"
12171_0,0.1587974,"{""type"":""MultiPoint"",""coordinates"":[]}"
12172_0,0.3675075,"{""type"":""MultiPoint"",""coordinates"":[]}"
12174_0,0.6946753,"{""type"":""MultiPoint"",""coordinates"":[]}"
12175_0,0.0025054368,"{""type"":""MultiPoint"",""coordinates"":[]}"
12176_0,0.059115537,"{""type"":""MultiPoint"",""coordinates"":[]}"
12179_0,0.15882993,"{""type"":""MultiPoint"",""coordinates"":[]}"
12185_0,0.187543,"{""type"":""MultiPoint"",""coordinates"":[]}"
12187_0,0.12563357,"{""type"":""MultiPoint"",""coordinates"":[]}"
12189_0,0.06765379,"{""type"":""MultiPoint"",""coordinates"":[]}"
12190_0,0.013207978,"{""type"":""MultiPoint"",""coordinates"":[]}"
12191_0,0.02264252,"{""type"":""MultiPoint"",""coordinates"":[]}"
12193_0,5.226597E-4,"{""type"":""MultiPoint"",""coordinates"":[]}"
12196_0,0.9927683,"{""type"":""MultiPoint"",""coordinates"":[]}"
12197_0,0.4061255,"{""type"":""MultiPoint"",""coordinates"":[]}"
12198_0,0.24771522,"{""type"":""MultiPoint"",""coordinates"":[]}"
12199_0,0.100524165,"{""type"":""MultiPoint"",""coordinates"":[]}"
12200_0,0.0024798817,"{""type"":""MultiPoint"",""coordinates"":[]}"
12205_0,0.36771736,"{""type"":""MultiPoint"",""coordinates"":[]}"
12206_0,0.21220584,"{""type"":""MultiPoint"",""coordinates"":[]}"
12208_0,0.10285099,"{""type"":""MultiPoint"",""coordinates"":[]}"
12209_0,0.0657402,"{""type"":""MultiPoint"",""coordinates"":[]}"
12211_0,0.9840959,"{""type"":""MultiPoint"",""coordinates"":[]}"
12214_0,0.060306367,"{""type"":""MultiPoint"",""coordinates"":[]}"
12216_0,0.065784045,"{""type"":""MultiPoint"",""coordinates"":[]}"
12223_0,0.1393711,"{""type"":""MultiPoint"",""coordinates"":[]}"
12224_0,0.3392879,"{""type"":""MultiPoint"",""coordinates"":[]}"
12227_0,0.048757307,"{""type"":""MultiPoint"",""coordinates"":[]}"
12231_0,0.03046439,"{""type"":""MultiPoint"",""coordinates"":[]}"
12232_0,0.06765379,"{""type"":""MultiPoint"",""coordinates"":[]}"
12233_0,0.9710983,"{""type"":""MultiPoint"",""coordinates"":[]}"
12237_0,0.1131981,"{""type"":""MultiPoint"",""coordinates"":[]}"
12238_0,0.0025054368,"{""type"":""MultiPoint"",""coordinates"":[]}"
12243_0,0.11975249,"{""type"":""MultiPoint"",""coordinates"":[]}"
12246_0,0.17902705,"{""type"":""MultiPoint"",""coordinates"":[]}"
12248_0,0.019517917,"{""type"":""MultiPoint"",""coordinates"":[]}"
12249_0,0.22173272,"{""type"":""MultiPoint"",""coordinates"":[]}"
12251_0,0.075081296,"{""type"":""MultiPoint"",""coordinates"":[]}"
12253_0,0.019925795,"{""type"":""MultiPoint"",""coordinates"":[]}"
12254_0,0.08960526,"{""type"":""MultiPoint"",""coordinates"":[]}"
12257_0,0.08250383,"{""type"":""MultiPoint"",""coordinates"":[]}"
12259_0,0.62859094,"{""type"":""MultiPoint"",""coordinates"":[]}"
12262_0,0.062192984,"{""type"":""MultiPoint"",""coordinates"":[]}"
12265_0,0.040937476,"{""type"":""MultiPoint"",""coordinates"":[]}"
12269_0,0.29790464,"{""type"":""MultiPoint"",""coordinates"":[]}"
12271_0,0.42129546,"{""type"":""MultiPoint"",""coordinates"":[]}"
12276_0,0.37606007,"{""type"":""MultiPoint"",""coordinates"":[]}"
12281_0,0.022064786,"{""type"":""MultiPoint"",""coordinates"":[]}"
12286_0,0.42129546,"{""type"":""MultiPoint"",""coordinates"":[]}"
12290_0,0.23005138,"{""type"":""MultiPoint"",""coordinates"":[]}"
12292_0,0.9984116,"{""type"":""MultiPoint"",""coordinates"":[]}"
12296_0,0.13744062,"{""type"":""MultiPoint"",""coordinates"":[]}"
12298_0,0.10285099,"{""type"":""MultiPoint"",""coordinates"":[]}"
12299_0,0.18877323,"{""type"":""MultiPoint"",""coordinates"":[]}"
12300_0,0.03296321,"{""type"":""MultiPoint"",""coordinates"":[]}"
12308_0,0.08310655,"{""type"":""MultiPoint"",""coordinates"":[]}"
12309_0,0.18456773,"{""type"":""MultiPoint"",""coordinates"":[]}"
12313_0,0.35285872,"{""type"":""MultiPoint"",""coordinates"":[]}"
12315_0,0.10733998,"{""type"":""MultiPoint"",""coordinates"":[]}"
12317_0,0.03296321,"{""type"":""MultiPoint"",""coordinates"":[]}"
12319_0,0.09609899,"{""type"":""MultiPoint"",""coordinates"":[]}"
12327_0,0.18690279,"{""type"":""MultiPoint"",""coordinates"":[]}"
12328_0,0.09745304,"{""type"":""MultiPoint"",""coordinates"":[]}"
12329_0,0.06316172,"{""type"":""MultiPoint"",""coordinates"":[]}"
12330_0,0.073374644,"{""type"":""MultiPoint"",""coordinates"":[]}"
12332_0,0.1968758,"{""type"":""MultiPoint"",""coordinates"":[]}"
12333_0,0.7184996,"{""type"":""MultiPoint"",""coordinates"":[]}"
12335_0,0.5364599,"{""type"":""MultiPoint"",""coordinates"":[]}"
12337_0,0.11573818,"{""type"":""MultiPoint"",""coordinates"":[]}"
12338_0,0.18877323,"{""type"":""MultiPoint"",""coordinates"":[]}"
12339_0,0.12384092,"{""type"":""MultiPoint"",""coordinates"":[]}"
12341_0,0.3731105,"{""type"":""MultiPoint"",""coordinates"":[]}"
12343_0,0.015752748,"{""type"":""MultiPoint"",""coordinates"":[]}"
12349_0,0.15804492,"{""type"":""MultiPoint"",""coordinates"":[]}"
12354_0,0.29140612,"{""type"":""MultiPoint"",""coordinates"":[]}"
12357_0,0.4823237,"{""type"":""MultiPoint"",""coordinates"":[]}"
12359_0,0.09554416,"{""type"":""MultiPoint"",""coordinates"":[]}"
12364_0,0.3675075,"{""type"":""MultiPoint"",""coordinates"":[]}"
12369_0,0.46801555,"{""type"":""MultiPoint"",""coordinates"":[]}"
12371_0,0.64269865,"{""type"":""MultiPoint"",""coordinates"":[]}"
12373_0,0.23077728,"{""type"":""MultiPoint"",""coordinates"":[]}"
12374_0,0.025368745,"{""type"":""MultiPoint"",""coordinates"":[]}"
12375_0,0.06754969,"{""type"":""MultiPoint"",""coordinates"":[]}"
12377_0,0.72071725,"{""type"":""MultiPoint"",""coordinates"":[]}"
12378_0,0.03027198,"{""type"":""MultiPoint"",""coordinates"":[]}"
12382_0,0.088706054,"{""type"":""MultiPoint"",""coordinates"":[]}"
12387_0,0.2509121,"{""type"":""MultiPoint"",""coordinates"":[]}"
12388_0,0.049657904,"{""type"":""MultiPoint"",""coordinates"":[]}"
12391_0,0.11084138,"{""type"":""MultiPoint"",""coordinates"":[]}"
12392_0,0.13243066,"{""type"":""MultiPoint"",""coordinates"":[]}"
12393_0,0.059212394,"{""type"":""MultiPoint"",""coordinates"":[]}"
12399_0,0.3308999,"{""type"":""MultiPoint"",""coordinates"":[]}"
12404_0,0.18877323,"{""type"":""MultiPoint"",""coordinates"":[]}"
12406_0,0.05259894,"{""type"":""MultiPoint"",""coordinates"":[]}"
12407_0,0.10285099,"{""type"":""MultiPoint"",""coordinates"":[]}"
12408_0,0.057327054,"{""type"":""MultiPoint"",""coordinates"":[]}"
12409_0,0.64449126,"{""type"":""MultiPoint"",""coordinates"":[]}"
12410_0,0.32464442,"{""type"":""MultiPoint"",""coordinates"":[]}"
12411_0,0.15535335,"{""type"":""MultiPoint"",""coordinates"":[]}"
12412_0,0.14319065,"{""type"":""MultiPoint"",""coordinates"":[]}"
12415_0,0.05737599,"{""type"":""MultiPoint"",""coordinates"":[]}"
12417_0,0.29140612,"{""type"":""MultiPoint"",""coordinates"":[]}"
12422_0,0.43868947,"{""type"":""MultiPoint"",""coordinates"":[]}"
12428_0,0.3268814,"{""type"":""MultiPoint"",""coordinates"":[]}"
12429_0,0.015040342,"{""type"":""MultiPoint"",""coordinates"":[]}"
12430_0,0.079990454,"{""type"":""MultiPoint"",""coordinates"":[]}"
12433_0,0.06765379,"{""type"":""MultiPoint"",""coordinates"":[]}"
12436_0,0.055208884,"{""type"":""MultiPoint"",""coordinates"":[]}"
12439_0,0.7184996,"{""type"":""MultiPoint"",""coordinates"":[]}"
12443_0,0.007441804,"{""type"":""MultiPoint"",""coordinates"":[]}"
12447_0,0.014133324,"{""type"":""MultiPoint"",""coordinates"":[]}"
12448_0,0.8031244,"{""type"":""MultiPoint"",""coordinates"":[]}"
12449_0,0.75674397,"{""type"":""MultiPoint"",""coordinates"":[]}"
12450_0,0.17902705,"{""type"":""MultiPoint"",""coordinates"":[]}"
12454_0,0.022349652,"{""type"":""MultiPoint"",""coordinates"":[]}"
12457_0,0.1469843,"{""type"":""MultiPoint"",""coordinates"":[]}"
12460_0,0.010488412,"{""type"":""MultiPoint"",""coordinates"":[]}"
12464_0,0.11229959,"{""type"":""MultiPoint"",""coordinates"":[]}"
12467_0,0.18456773,"{""type"":""MultiPoint"",""coordinates"":[]}"
12469_0,0.14620432,"{""type"":""MultiPoint"",""coordinates"":[]}"
12471_0,0.07669952,"{""type"":""MultiPoint"",""coordinates"":[]}"
12472_0,0.23577121,"{""type"":""MultiPoint"",""coordinates"":[]}"
12474_0,0.12123924,"{""type"":""MultiPoint"",""coordinates"":[]}"
12476_0,0.4197721,"{""type"":""MultiPoint"",""coordinates"":[]}"
12478_0,0.09592929,"{""type"":""MultiPoint"",""coordinates"":[]}"
12479_0,0.0039507416,"{""type"":""MultiPoint"",""coordinates"":[]}"
12482_0,0.9984116,"{""type"":""MultiPoint"",""coordinates"":[]}"
12490_0,0.07082936,"{""type"":""MultiPoint"",""coordinates"":[]}"
12494_0,0.43868947,"{""type"":""MultiPoint"",""coordinates"":[]}"
12497_0,0.103687,"{""type"":""MultiPoint"",""coordinates"":[]}"
12499_0,0.15146476,"{""type"":""MultiPoint"",""coordinates"":[]}"
12502_0,0.25934726,"{""type"":""MultiPoint"",""coordinates"":[]}"
12504_0,0.08271224,"{""type"":""MultiPoint"",""coordinates"":[]}"
12508_0,0.057327054,"{""type"":""MultiPoint"",""coordinates"":[]}"
12510_0,0.010549174,"{""type"":""MultiPoint"",""coordinates"":[]}"
12512_0,0.24402465,"{""type"":""MultiPoint"",""coordinates"":[]}"
12513_0,0.011412425,"{""type"":""MultiPoint"",""coordinates"":[]}"
12517_0,0.52248955,"{""type"":""MultiPoint"",""coordinates"":[]}"
12518_0,0.38057765,"{""type"":""MultiPoint"",""coordinates"":[]}"
12519_0,0.36119714,"{""type"":""MultiPoint"",""coordinates"":[]}"
12520_0,0.3470214,"{""type"":""MultiPoint"",""coordinates"":[]}"
12521_0,0.66487515,"{""type"":""MultiPoint"",""coordinates"":[]}"
12522_0,0.105786815,"{""type"":""MultiPoint"",""coordinates"":[]}"
12524_0,0.22559902,"{""type"":""MultiPoint"",""coordinates"":[]}"
12525_0,0.060817193,"{""type"":""MultiPoint"",""coordinates"":[]}"
12526_0,0.35285872,"{""type"":""MultiPoint"",""coordinates"":[]}"
12528_0,0.25109652,"{""type"":""MultiPoint"",""coordinates"":[]}"
12532_0,0.24355017,"{""type"":""MultiPoint"",""coordinates"":[]}"
12534_0,0.08250383,"{""type"":""MultiPoint"",""coordinates"":[]}"
12536_0,0.06765379,"{""type"":""MultiPoint"",""coordinates"":[]}"
12537_0,0.022064786,"{""type"":""MultiPoint"",""coordinates"":[]}"
12539_0,0.34270456,"{""type"":""MultiPoint"",""coordinates"":[]}"
12542_0,0.09537722,"{""type"":""MultiPoint"",""coordinates"":[]}"
12547_0,0.34347838,"{""type"":""MultiPoint"",""coordinates"":[]}"
12549_0,0.18877323,"{""type"":""MultiPoint"",""coordinates"":[]}"
12550_0,0.30318305,"{""type"":""MultiPoint"",""coordinates"":[]}"
12554_0,0.3851201,"{""type"":""MultiPoint"",""coordinates"":[]}"
12555_0,0.043471206,"{""type"":""MultiPoint"",""coordinates"":[]}"
12560_0,0.24009055,"{""type"":""MultiPoint"",""coordinates"":[]}"
12563_0,0.07513506,"{""type"":""MultiPoint"",""coordinates"":[]}"
12566_0,0.110418975,"{""type"":""MultiPoint"",""coordinates"":[]}"
12569_0,0.6844155,"{""type"":""MultiPoint"",""coordinates"":[]}"
12570_0,0.6160909,"{""type"":""MultiPoint"",""coordinates"":[]}"
12572_0,0.008284743,"{""type"":""MultiPoint"",""coordinates"":[]}"
12577_0,0.061731193,"{""type"":""MultiPoint"",""coordinates"":[]}"
12578_0,0.10285099,"{""type"":""MultiPoint"",""coordinates"":[]}"
12581_0,0.12716752,"{""type"":""MultiPoint"",""coordinates"":[]}"
12583_0,0.07958201,"{""type"":""MultiPoint"",""coordinates"":[]}"
12584_0,0.25047827,"{""type"":""MultiPoint"",""coordinates"":[]}"
12587_0,0.3228318,"{""type"":""MultiPoint"",""coordinates"":[]}"
12588_0,0.042536378,"{""type"":""MultiPoint"",""coordinates"":[]}"
12591_0,0.7243362,"{""type"":""MultiPoint"",""coordinates"":[]}"
12594_0,0.18456773,"{""type"":""MultiPoint"",""coordinates"":[]}"
12596_0,0.38956642,"{""type"":""MultiPoint"",""coordinates"":[]}"
12597_0,0.9617603,"{""type"":""MultiPoint"",""coordinates"":[]}"
12600_0,0.47585204,"{""type"":""MultiPoint"",""coordinates"":[]}"
12603_0,0.2509121,"{""type"":""MultiPoint"",""coordinates"":[]}"
12605_0,0.76569724,"{""type"":""MultiPoint"",""coordinates"":[]}"
12607_0,0.15598038,"{""type"":""MultiPoint"",""coordinates"":[]}"
12615_0,0.22646506,"{""type"":""MultiPoint"",""coordinates"":[]}"
12616_0,0.08774764,"{""type"":""MultiPoint"",""coordinates"":[]}"
12618_0,0.13750376,"{""type"":""MultiPoint"",""coordinates"":[]}"
12619_0,0.3875038,"{""type"":""MultiPoint"",""coordinates"":[]}"
12624_0,0.9965921,"{""type"":""MultiPoint"",""coordinates"":[]}"
12625_0,0.26922488,"{""type"":""MultiPoint"",""coordinates"":[]}"
12627_0,0.025482811,"{""type"":""MultiPoint"",""coordinates"":[]}"
12630_0,0.021088053,"{""type"":""MultiPoint"",""coordinates"":[]}"
12632_0,0.49518386,"{""type"":""MultiPoint"",""coordinates"":[]}"
12633_0,0.021119766,"{""type"":""MultiPoint"",""coordinates"":[]}"
12636_0,0.12646525,"{""type"":""MultiPoint"",""coordinates"":[]}"
12637_0,0.08022347,"{""type"":""MultiPoint"",""coordinates"":[]}"
12638_0,0.187543,"{""type"":""MultiPoint"",""coordinates"":[]}"
12639_0,0.11579308,"{""type"":""MultiPoint"",""coordinates"":[]}"
12640_0,0.3392879,"{""type"":""MultiPoint"",""coordinates"":[]}"
12641_0,0.0773526,"{""type"":""MultiPoint"",""coordinates"":[]}"
12643_0,0.25022694,"{""type"":""MultiPoint"",""coordinates"":[]}"
12648_0,0.9984116,"{""type"":""MultiPoint"",""coordinates"":[]}"
12651_0,0.025640285,"{""type"":""MultiPoint"",""coordinates"":[]}"
12652_0,0.11084138,"{""type"":""MultiPoint"",""coordinates"":[]}"
12654_0,0.014546178,"{""type"":""MultiPoint"",""coordinates"":[]}"
12658_0,0.38543224,"{""type"":""MultiPoint"",""coordinates"":[]}"
12661_0,0.051366586,"{""type"":""MultiPoint"",""coordinates"":[]}"
12662_0,0.04725996,"{""type"":""MultiPoint"",""coordinates"":[]}"
12665_0,0.097796425,"{""type"":""MultiPoint"",""coordinates"":[]}"
12668_0,0.30704087,"{""type"":""MultiPoint"",""coordinates"":[]}"
12669_0,0.07870284,"{""type"":""MultiPoint"",""coordinates"":[]}"
12671_0,0.08271224,"{""type"":""MultiPoint"",""coordinates"":[]}"
12672_0,0.11029263,"{""type"":""MultiPoint"",""coordinates"":[]}"
12673_0,0.057327054,"{""type"":""MultiPoint"",""coordinates"":[]}"
12675_0,0.20775516,"{""type"":""MultiPoint"",""coordinates"":[]}"
12677_0,0.7465803,"{""type"":""MultiPoint"",""coordinates"":[]}"
12680_0,0.18456773,"{""type"":""MultiPoint"",""coordinates"":[]}"
12681_0,0.011621363,"{""type"":""MultiPoint"",""coordinates"":[]}"
12682_0,0.030965306,"{""type"":""MultiPoint"",""coordinates"":[]}"
12686_0,0.41176337,"{""type"":""MultiPoint"",""coordinates"":[]}"
12687_0,0.2786403,"{""type"":""MultiPoint"",""coordinates"":[]}"
12689_0,0.0011213826,"{""type"":""MultiPoint"",""coordinates"":[]}"
12690_0,0.41101637,"{""type"":""MultiPoint"",""coordinates"":[]}"
12692_0,0.1093405,"{""type"":""MultiPoint"",""coordinates"":[]}"
12693_0,0.11229959,"{""type"":""MultiPoint"",""coordinates"":[]}"
12694_0,0.6160909,"{""type"":""MultiPoint"",""coordinates"":[]}"
12695_0,0.21760543,"{""type"":""MultiPoint"",""coordinates"":[]}"
12697_0,0.06426433,"{""type"":""MultiPoint"",""coordinates"":[]}"
12700_0,0.021088053,"{""type"":""MultiPoint"",""coordinates"":[]}"
12702_0,0.035375528,"{""type"":""MultiPoint"",""coordinates"":[]}"
12706_0,0.055208884,"{""type"":""MultiPoint"",""coordinates"":[]}"
12708_0,0.10285099,"{""type"":""MultiPoint"",""coordinates"":[]}"
12709_0,0.014283177,"{""type"":""MultiPoint"",""coordinates"":[]}"
12710_0,0.10285099,"{""type"":""MultiPoint"",""coordinates"":[]}"
12711_0,0.7960194,"{""type"":""MultiPoint"",""coordinates"":[]}"
12713_0,0.103687,"{""type"":""MultiPoint"",""coordinates"":[]}"
12715_0,0.36119714,"{""type"":""MultiPoint"",""coordinates"":[]}"
12718_0,0.99708134,"{""type"":""MultiPoint"",""coordinates"":[]}"
12723_0,0.0665926,"{""type"":""MultiPoint"",""coordinates"":[]}"
12724_0,0.7465803,"{""type"":""MultiPoint"",""coordinates"":[]}"
12725_0,0.50064844,"{""type"":""MultiPoint"",""coordinates"":[]}"
12727_0,0.033666663,"{""type"":""MultiPoint"",""coordinates"":[]}"
12728_0,0.42129546,"{""type"":""MultiPoint"",""coordinates"":[]}"
12729_0,0.2656395,"{""type"":""MultiPoint"",""coordinates"":[]}"
12730_0,0.20947154,"{""type"":""MultiPoint"",""coordinates"":[]}"
12731_0,0.06765379,"{""type"":""MultiPoint"",""coordinates"":[]}"
12732_0,0.097796425,"{""type"":""MultiPoint"",""coordinates"":[]}"
12733_0,0.11975249,"{""type"":""MultiPoint"",""coordinates"":[]}"
12741_0,0.19359218,"{""type"":""MultiPoint"",""coordinates"":[]}"
12742_0,0.04500519,"{""type"":""MultiPoint"",""coordinates"":[]}"
12743_0,0.19359218,"{""type"":""MultiPoint"",""coordinates"":[]}"
12746_0,0.3392879,"{""type"":""MultiPoint"",""coordinates"":[]}"
12747_0,0.24557112,"{""type"":""MultiPoint"",""coordinates"":[]}"
12748_0,0.39666474,"{""type"":""MultiPoint"",""coordinates"":[]}"
12749_0,0.16306107,"{""type"":""MultiPoint"",""coordinates"":[]}"
12750_0,0.10952454,"{""type"":""MultiPoint"",""coordinates"":[]}"
12752_0,0.04437276,"{""type"":""MultiPoint"",""coordinates"":[]}"
12755_0,0.4616739,"{""type"":""MultiPoint"",""coordinates"":[]}"
12757_0,0.08310655,"{""type"":""MultiPoint"",""coordinates"":[]}"
12758_0,0.3380091,"{""type"":""MultiPoint"",""coordinates"":[]}"
12763_0,0.111659445,"{""type"":""MultiPoint"",""coordinates"":[]}"
12767_0,0.0729661,"{""type"":""MultiPoint"",""coordinates"":[]}"
12771_0,0.47382164,"{""type"":""MultiPoint"",""coordinates"":[]}"
12772_0,0.105786815,"{""type"":""MultiPoint"",""coordinates"":[]}"
12779_0,0.18456773,"{""type"":""MultiPoint"",""coordinates"":[]}"
12780_0,0.021621043,"{""type"":""MultiPoint"",""coordinates"":[]}"
12782_0,0.9324397,"{""type"":""MultiPoint"",""coordinates"":[]}"
12783_0,0.059212394,"{""type"":""MultiPoint"",""coordinates"":[]}"
12784_0,0.12869129,"{""type"":""MultiPoint"",""coordinates"":[]}"
12789_0,0.22186464,"{""type"":""MultiPoint"",""coordinates"":[]}"
12791_0,0.08636307,"{""type"":""MultiPoint"",""coordinates"":[]}"
12793_0,0.026121335,"{""type"":""MultiPoint"",""coordinates"":[]}"
12796_0,0.14301676,"{""type"":""MultiPoint"",""coordinates"":[]}"
12797_0,0.01980571,"{""type"":""MultiPoint"",""coordinates"":[]}"
12800_0,0.3544604,"{""type"":""MultiPoint"",""coordinates"":[]}"
12801_0,0.3875038,"{""type"":""MultiPoint"",""coordinates"":[]}"
12803_0,0.08627203,"{""type"":""MultiPoint"",""coordinates"":[]}"
12805_0,0.18998411,"{""type"":""MultiPoint"",""coordinates"":[]}"
12806_0,0.24355017,"{""type"":""MultiPoint"",""coordinates"":[]}"
12808_0,0.07642482,"{""type"":""MultiPoint"",""coordinates"":[]}"
12809_0,0.11579308,"{""type"":""MultiPoint"",""coordinates"":[]}"
12814_0,0.7272159,"{""type"":""MultiPoint"",""coordinates"":[]}"
12816_0,0.18456773,"{""type"":""MultiPoint"",""coordinates"":[]}"
12819_0,0.7389974,"{""type"":""MultiPoint"",""coordinates"":[]}"
12821_0,0.100524165,"{""type"":""MultiPoint"",""coordinates"":[]}"
12823_0,0.9984116,"{""type"":""MultiPoint"",""coordinates"":[]}"
12826_0,0.02295928,"{""type"":""MultiPoint"",""coordinates"":[]}"
12827_0,0.12563357,"{""type"":""MultiPoint"",""coordinates"":[]}"
12834_0,0.054815147,"{""type"":""MultiPoint"",""coordinates"":[]}"
12840_0,0.38093492,"{""type"":""MultiPoint"",""coordinates"":[]}"
12845_0,0.32763553,"{""type"":""MultiPoint"",""coordinates"":[]}"
12846_0,0.12770928,"{""type"":""MultiPoint"",""coordinates"":[]}"
12850_0,0.01890808,"{""type"":""MultiPoint"",""coordinates"":[]}"
12851_0,0.20666903,"{""type"":""MultiPoint"",""coordinates"":[]}"
12857_0,0.41176337,"{""type"":""MultiPoint"",""coordinates"":[]}"
12860_0,0.10695248,"{""type"":""MultiPoint"",""coordinates"":[]}"
12862_0,0.42129546,"{""type"":""MultiPoint"",""coordinates"":[]}"
12863_0,0.04254737,"{""type"":""MultiPoint"",""coordinates"":[]}"
12865_0,0.17270221,"{""type"":""MultiPoint"",""coordinates"":[]}"
12866_0,0.042536378,"{""type"":""MultiPoint"",""coordinates"":[]}"
12867_0,0.12646525,"{""type"":""MultiPoint"",""coordinates"":[]}"
12871_0,0.12563357,"{""type"":""MultiPoint"",""coordinates"":[]}"
12872_0,0.0014928794,"{""type"":""MultiPoint"",""coordinates"":[]}"
12875_0,0.366994,"{""type"":""MultiPoint"",""coordinates"":[]}"
12877_0,0.18456773,"{""type"":""MultiPoint"",""coordinates"":[]}"
12878_0,0.17270221,"{""type"":""MultiPoint"",""coordinates"":[]}"
12879_0,0.11586654,"{""type"":""MultiPoint"",""coordinates"":[]}"
12881_0,0.065133035,"{""type"":""MultiPoint"",""coordinates"":[]}"
12882_0,0.9984116,"{""type"":""MultiPoint"",""coordinates"":[]}"
12884_0,0.17375225,"{""type"":""MultiPoint"",""coordinates"":[]}"
12887_0,0.075928405,"{""type"":""MultiPoint"",""coordinates"":[]}"
12891_0,0.035410035,"{""type"":""MultiPoint"",""coordinates"":[]}"
12892_0,0.4915333,"{""type"":""MultiPoint"",""coordinates"":[]}"
12894_0,0.7357671,"{""type"":""MultiPoint"",""coordinates"":[]}"
12897_0,0.31636566,"{""type"":""MultiPoint"",""coordinates"":[]}"
12903_0,0.06423893,"{""type"":""MultiPoint"",""coordinates"":[]}"
12904_0,0.11834879,"{""type"":""MultiPoint"",""coordinates"":[]}"
12911_0,0.23320597,"{""type"":""MultiPoint"",""coordinates"":[]}"
12912_0,0.072536185,"{""type"":""MultiPoint"",""coordinates"":[]}"
12913_0,0.22559902,"{""type"":""MultiPoint"",""coordinates"":[]}"
12914_0,0.99834627,"{""type"":""MultiPoint"",""coordinates"":[]}"
12921_0,0.32878986,"{""type"":""MultiPoint"",""coordinates"":[]}"
12924_0,0.14349818,"{""type"":""MultiPoint"",""coordinates"":[]}"
12925_0,0.11084138,"{""type"":""MultiPoint"",""coordinates"":[]}"
12926_0,0.29140612,"{""type"":""MultiPoint"",""coordinates"":[]}"
12927_0,0.12685104,"{""type"":""MultiPoint"",""coordinates"":[]}"
12928_0,0.2638692,"{""type"":""MultiPoint"",""coordinates"":[]}"
12929_0,0.070381045,"{""type"":""MultiPoint"",""coordinates"":[]}"
12930_0,0.06754969,"{""type"":""MultiPoint"",""coordinates"":[]}"
12934_0,0.099958666,"{""type"":""MultiPoint"",""coordinates"":[]}"
12937_0,0.05780132,"{""type"":""MultiPoint"",""coordinates"":[]}"
12940_0,0.18098575,"{""type"":""MultiPoint"",""coordinates"":[]}"
12942_0,0.08657728,"{""type"":""MultiPoint"",""coordinates"":[]}"
12943_0,0.020386383,"{""type"":""MultiPoint"",""coordinates"":[]}"
12951_0,0.03532275,"{""type"":""MultiPoint"",""coordinates"":[]}"
12954_0,0.2382989,"{""type"":""MultiPoint"",""coordinates"":[]}"
12955_0,0.15882993,"{""type"":""MultiPoint"",""coordinates"":[]}"
12958_0,0.021263884,"{""type"":""MultiPoint"",""coordinates"":[]}"
12959_0,0.18877323,"{""type"":""MultiPoint"",""coordinates"":[]}"
12960_0,0.075928405,"{""type"":""MultiPoint"",""coordinates"":[]}"
12962_0,0.01520163,"{""type"":""MultiPoint"",""coordinates"":[]}"
12963_0,0.09343831,"{""type"":""MultiPoint"",""coordinates"":[]}"
12966_0,0.010519682,"{""type"":""MultiPoint"",""coordinates"":[]}"
12968_0,0.19700466,"{""type"":""MultiPoint"",""coordinates"":[]}"
12972_0,0.12818553,"{""type"":""MultiPoint"",""coordinates"":[]}"
12976_0,0.084594846,"{""type"":""MultiPoint"",""coordinates"":[]}"
12978_0,0.36119714,"{""type"":""MultiPoint"",""coordinates"":[]}"
12980_0,0.99708134,"{""type"":""MultiPoint"",""coordinates"":[]}"
12984_0,0.017836066,"{""type"":""MultiPoint"",""coordinates"":[]}"
12990_0,0.028474955,"{""type"":""MultiPoint"",""coordinates"":[]}"
12991_0,0.019118372,"{""type"":""MultiPoint"",""coordinates"":[]}"
12995_0,0.18456773,"{""type"":""MultiPoint"",""coordinates"":[]}"
12997_0,0.07513506,"{""type"":""MultiPoint"",""coordinates"":[]}"
12998_0,0.9756715,"{""type"":""MultiPoint"",""coordinates"":[]}"
13002_0,0.030965306,"{""type"":""MultiPoint"",""coordinates"":[]}"
13005_0,0.015520881,"{""type"":""MultiPoint"",""coordinates"":[]}"
13008_0,0.0031660413,"{""type"":""MultiPoint"",""coordinates"":[]}"
13009_0,0.111659445,"{""type"":""MultiPoint"",""coordinates"":[]}"
13014_0,0.11975249,"{""type"":""MultiPoint"",""coordinates"":[]}"
13018_0,0.12369935,"{""type"":""MultiPoint"",""coordinates"":[]}"
13020_0,0.15024994,"{""type"":""MultiPoint"",""coordinates"":[]}"
13022_0,0.014485282,"{""type"":""MultiPoint"",""coordinates"":[]}"
13026_0,0.23010492,"{""type"":""MultiPoint"",""coordinates"":[]}"
13027_0,0.0548835,"{""type"":""MultiPoint"",""coordinates"":[]}"
13035_0,0.26375195,"{""type"":""MultiPoint"",""coordinates"":[]}"
13038_0,0.023420848,"{""type"":""MultiPoint"",""coordinates"":[]}"
13039_0,0.114047475,"{""type"":""MultiPoint"",""coordinates"":[]}"
13040_0,0.05560183,"{""type"":""MultiPoint"",""coordinates"":[]}"
13043_0,0.21962184,"{""type"":""MultiPoint"",""coordinates"":[]}"
13045_0,0.47771657,"{""type"":""MultiPoint"",""coordinates"":[]}"
13051_0,0.086008824,"{""type"":""MultiPoint"",""coordinates"":[]}"
13052_0,0.025987668,"{""type"":""MultiPoint"",""coordinates"":[]}"
13060_0,0.1824111,"{""type"":""MultiPoint"",""coordinates"":[]}"
13062_0,0.9984116,"{""type"":""MultiPoint"",""coordinates"":[]}"
13063_0,0.06765379,"{""type"":""MultiPoint"",""coordinates"":[]}"
13065_0,0.11579308,"{""type"":""MultiPoint"",""coordinates"":[]}"
13066_0,0.099711925,"{""type"":""MultiPoint"",""coordinates"":[]}"
13069_0,0.021263884,"{""type"":""MultiPoint"",""coordinates"":[]}"
13070_0,0.063124426,"{""type"":""MultiPoint"",""coordinates"":[]}"
13072_0,0.08250383,"{""type"":""MultiPoint"",""coordinates"":[]}"
13073_0,0.099711925,"{""type"":""MultiPoint"",""coordinates"":[]}"
13076_0,0.3875038,"{""type"":""MultiPoint"",""coordinates"":[]}"
13077_0,0.11331291,"{""type"":""MultiPoint"",""coordinates"":[]}"
13078_0,0.052616484,"{""type"":""MultiPoint"",""coordinates"":[]}"
13079_0,0.066580884,"{""type"":""MultiPoint"",""coordinates"":[]}"
13082_0,0.08602925,"{""type"":""MultiPoint"",""coordinates"":[]}"
13084_0,0.080626115,"{""type"":""MultiPoint"",""coordinates"":[]}"
13086_0,0.01981849,"{""type"":""MultiPoint"",""coordinates"":[]}"
13087_0,0.08602925,"{""type"":""MultiPoint"",""coordinates"":[]}"
13091_0,0.063124426,"{""type"":""MultiPoint"",""coordinates"":[]}"
13092_0,0.021263884,"{""type"":""MultiPoint"",""coordinates"":[]}"
13093_0,0.14462978,"{""type"":""MultiPoint"",""coordinates"":[]}"
13102_0,0.063124426,"{""type"":""MultiPoint"",""coordinates"":[]}"
13104_0,0.0867102,"{""type"":""MultiPoint"",""coordinates"":[]}"
13107_0,0.09343831,"{""type"":""MultiPoint"",""coordinates"":[]}"
13111_0,0.2100955,"{""type"":""MultiPoint"",""coordinates"":[]}"
13112_0,0.061435554,"{""type"":""MultiPoint"",""coordinates"":[]}"
13114_0,0.99517864,"{""type"":""MultiPoint"",""coordinates"":[]}"
13115_0,0.11116105,"{""type"":""MultiPoint"",""coordinates"":[]}"
13120_0,0.010488413,"{""type"":""MultiPoint"",""coordinates"":[]}"
13121_0,0.18998411,"{""type"":""MultiPoint"",""coordinates"":[]}"
13122_0,0.17347814,"{""type"":""MultiPoint"",""coordinates"":[]}"
13127_0,0.021263884,"{""type"":""MultiPoint"",""coordinates"":[]}"
13130_0,0.0867102,"{""type"":""MultiPoint"",""coordinates"":[]}"
13136_0,0.11185759,"{""type"":""MultiPoint"",""coordinates"":[]}"
13137_0,0.0656258,"{""type"":""MultiPoint"",""coordinates"":[]}"
13141_0,0.3875038,"{""type"":""MultiPoint"",""coordinates"":[]}"
13146_0,0.7465803,"{""type"":""MultiPoint"",""coordinates"":[]}"
13159_0,0.024329606,"{""type"":""MultiPoint"",""coordinates"":[]}"
13160_0,0.060817193,"{""type"":""MultiPoint"",""coordinates"":[]}"
13162_0,0.18877323,"{""type"":""MultiPoint"",""coordinates"":[]}"
13164_0,0.6966284,"{""type"":""MultiPoint"",""coordinates"":[]}"
13166_0,0.11579308,"{""type"":""MultiPoint"",""coordinates"":[]}"
13170_0,0.010488413,"{""type"":""MultiPoint"",""coordinates"":[]}"
13172_0,0.9746112,"{""type"":""MultiPoint"",""coordinates"":[]}"
13174_0,0.10885331,"{""type"":""MultiPoint"",""coordinates"":[]}"
13175_0,0.08602925,"{""type"":""MultiPoint"",""coordinates"":[]}"
13176_0,0.12921064,"{""type"":""MultiPoint"",""coordinates"":[]}"
13182_0,0.18456773,"{""type"":""MultiPoint"",""coordinates"":[]}"
13183_0,0.04254737,"{""type"":""MultiPoint"",""coordinates"":[]}"
13185_0,0.9967477,"{""type"":""MultiPoint"",""coordinates"":[]}"
13187_0,0.12990949,"{""type"":""MultiPoint"",""coordinates"":[]}"
13188_0,0.024831124,"{""type"":""MultiPoint"",""coordinates"":[]}"
13199_0,0.0039507053,"{""type"":""MultiPoint"",""coordinates"":[]}"
13203_0,0.01520163,"{""type"":""MultiPoint"",""coordinates"":[]}"
13206_0,0.13305065,"{""type"":""MultiPoint"",""coordinates"":[]}"
13207_0,0.9981976,"{""type"":""MultiPoint"",""coordinates"":[]}"
13211_0,0.08250383,"{""type"":""MultiPoint"",""coordinates"":[]}"
13212_0,0.9907778,"{""type"":""MultiPoint"",""coordinates"":[]}"
13214_0,0.08033993,"{""type"":""MultiPoint"",""coordinates"":[]}"
13218_0,0.36122984,"{""type"":""MultiPoint"",""coordinates"":[]}"
13219_0,0.060817193,"{""type"":""MultiPoint"",""coordinates"":[]}"
13220_0,0.25650725,"{""type"":""MultiPoint"",""coordinates"":[]}"
13222_0,0.35230118,"{""type"":""MultiPoint"",""coordinates"":[]}"
13225_0,0.49139848,"{""type"":""MultiPoint"",""coordinates"":[]}"
13228_0,0.14462978,"{""type"":""MultiPoint"",""coordinates"":[]}"
13230_0,0.11975249,"{""type"":""MultiPoint"",""coordinates"":[]}"
13235_0,0.055208884,"{""type"":""MultiPoint"",""coordinates"":[]}"
13241_0,0.112022206,"{""type"":""MultiPoint"",""coordinates"":[]}"
13242_0,0.0025054368,"{""type"":""MultiPoint"",""coordinates"":[]}"
13243_0,0.43402666,"{""type"":""MultiPoint"",""coordinates"":[]}"
13246_0,0.18456773,"{""type"":""MultiPoint"",""coordinates"":[]}"
13247_0,0.08310655,"{""type"":""MultiPoint"",""coordinates"":[]}"
13249_0,0.41026428,"{""type"":""MultiPoint"",""coordinates"":[]}"
13251_0,0.94960654,"{""type"":""MultiPoint"",""coordinates"":[]}"
13252_0,0.021491943,"{""type"":""MultiPoint"",""coordinates"":[]}"
13254_0,0.7376904,"{""type"":""MultiPoint"",""coordinates"":[]}"
13258_0,0.021263884,"{""type"":""MultiPoint"",""coordinates"":[]}"
13261_0,0.011621363,"{""type"":""MultiPoint"",""coordinates"":[]}"
13263_0,0.84374654,"{""type"":""MultiPoint"",""coordinates"":[]}"
13270_0,0.13312295,"{""type"":""MultiPoint"",""coordinates"":[]}"
13272_0,0.38543224,"{""type"":""MultiPoint"",""coordinates"":[]}"
13274_0,0.25228423,"{""type"":""MultiPoint"",""coordinates"":[]}"
13276_0,0.29367673,"{""type"":""MultiPoint"",""coordinates"":[]}"
13278_0,0.30268568,"{""type"":""MultiPoint"",""coordinates"":[]}"
13282_0,0.6160909,"{""type"":""MultiPoint"",""coordinates"":[]}"
13284_0,0.17270221,"{""type"":""MultiPoint"",""coordinates"":[]}"
13287_0,0.023202542,"{""type"":""MultiPoint"",""coordinates"":[]}"
13289_0,0.8528581,"{""type"":""MultiPoint"",""coordinates"":[]}"
13291_0,0.18456773,"{""type"":""MultiPoint"",""coordinates"":[]}"
13294_0,0.34921265,"{""type"":""MultiPoint"",""coordinates"":[]}"
13302_0,0.17902705,"{""type"":""MultiPoint"",""coordinates"":[]}"
13304_0,0.17604549,"{""type"":""MultiPoint"",""coordinates"":[]}"
13308_0,0.22559902,"{""type"":""MultiPoint"",""coordinates"":[]}"
13309_0,0.31449068,"{""type"":""MultiPoint"",""coordinates"":[]}"
13313_0,0.10285099,"{""type"":""MultiPoint"",""coordinates"":[]}"
13315_0,0.3703644,"{""type"":""MultiPoint"",""coordinates"":[]}"
13316_0,0.17452498,"{""type"":""MultiPoint"",""coordinates"":[]}"
13317_0,0.087839425,"{""type"":""MultiPoint"",""coordinates"":[]}"
13319_0,0.39266932,"{""type"":""MultiPoint"",""coordinates"":[]}"
13325_0,0.06765379,"{""type"":""MultiPoint"",""coordinates"":[]}"
13326_0,0.35081464,"{""type"":""MultiPoint"",""coordinates"":[]}"
13328_0,0.46070617,"{""type"":""MultiPoint"",""coordinates"":[]}"
13330_0,0.10285099,"{""type"":""MultiPoint"",""coordinates"":[]}"
13331_0,0.037330184,"{""type"":""MultiPoint"",""coordinates"":[]}"
13333_0,0.060817193,"{""type"":""MultiPoint"",""coordinates"":[]}"
13334_0,0.036425933,"{""type"":""MultiPoint"",""coordinates"":[]}"
13335_0,0.0139602395,"{""type"":""MultiPoint"",""coordinates"":[]}"
13336_0,0.061727308,"{""type"":""MultiPoint"",""coordinates"":[]}"
13340_0,0.14290158,"{""type"":""MultiPoint"",""coordinates"":[]}"
13344_0,0.10829289,"{""type"":""MultiPoint"",""coordinates"":[]}"
13348_0,0.70124805,"{""type"":""MultiPoint"",""coordinates"":[]}"
13354_0,0.095083356,"{""type"":""MultiPoint"",""coordinates"":[]}"
13357_0,0.018260285,"{""type"":""MultiPoint"",""coordinates"":[]}"
13368_0,0.04254737,"{""type"":""MultiPoint"",""coordinates"":[]}"
13369_0,0.112022206,"{""type"":""MultiPoint"",""coordinates"":[]}"
13375_0,0.6628517,"{""type"":""MultiPoint"",""coordinates"":[]}"
13377_0,0.104400195,"{""type"":""MultiPoint"",""coordinates"":[]}"
13384_0,0.013525312,"{""type"":""MultiPoint"",""coordinates"":[]}"
13385_0,0.28452653,"{""type"":""MultiPoint"",""coordinates"":[]}"
13387_0,0.14084391,"{""type"":""MultiPoint"",""coordinates"":[]}"
13388_0,0.384725,"{""type"":""MultiPoint"",""coordinates"":[]}"
13391_0,0.3310171,"{""type"":""MultiPoint"",""coordinates"":[]}"
13395_0,0.089481495,"{""type"":""MultiPoint"",""coordinates"":[]}"
13397_0,0.51943034,"{""type"":""MultiPoint"",""coordinates"":[]}"
13398_0,0.019889027,"{""type"":""MultiPoint"",""coordinates"":[]}"
13399_0,0.002479882,"{""type"":""MultiPoint"",""coordinates"":[]}"
13400_0,0.24523595,"{""type"":""MultiPoint"",""coordinates"":[]}"
13406_0,0.18958679,"{""type"":""MultiPoint"",""coordinates"":[]}"
13407_0,0.097796425,"{""type"":""MultiPoint"",""coordinates"":[]}"
13408_0,0.024352996,"{""type"":""MultiPoint"",""coordinates"":[]}"
13410_0,0.3470214,"{""type"":""MultiPoint"",""coordinates"":[]}"
13412_0,0.47442412,"{""type"":""MultiPoint"",""coordinates"":[]}"
13421_0,0.3875038,"{""type"":""MultiPoint"",""coordinates"":[]}"
13422_0,0.17230389,"{""type"":""MultiPoint"",""coordinates"":[]}"
13424_0,8.924882E-4,"{""type"":""MultiPoint"",""coordinates"":[]}"
13426_0,0.05591921,"{""type"":""MultiPoint"",""coordinates"":[]}"
13427_0,0.30083594,"{""type"":""MultiPoint"",""coordinates"":[]}"
13428_0,0.20698869,"{""type"":""MultiPoint"",""coordinates"":[]}"
13429_0,0.070046775,"{""type"":""MultiPoint"",""coordinates"":[]}"
13430_0,0.3392879,"{""type"":""MultiPoint"",""coordinates"":[]}"
13431_0,0.13333978,"{""type"":""MultiPoint"",""coordinates"":[]}"
13432_0,0.02112554,"{""type"":""MultiPoint"",""coordinates"":[]}"
13435_0,0.36122984,"{""type"":""MultiPoint"",""coordinates"":[]}"
13436_0,0.61314404,"{""type"":""MultiPoint"",""coordinates"":[]}"
13439_0,0.08077756,"{""type"":""MultiPoint"",""coordinates"":[]}"
13442_0,0.18817581,"{""type"":""MultiPoint"",""coordinates"":[]}"
13444_0,0.023014698,"{""type"":""MultiPoint"",""coordinates"":[]}"
13449_0,0.0068973256,"{""type"":""MultiPoint"",""coordinates"":[]}"
13450_0,0.2786403,"{""type"":""MultiPoint"",""coordinates"":[]}"
13451_0,0.2701993,"{""type"":""MultiPoint"",""coordinates"":[]}"
13453_0,0.05606365,"{""type"":""MultiPoint"",""coordinates"":[]}"
13454_0,0.41266227,"{""type"":""MultiPoint"",""coordinates"":[]}"
13455_0,0.1810646,"{""type"":""MultiPoint"",""coordinates"":[]}"
13459_0,0.12563357,"{""type"":""MultiPoint"",""coordinates"":[]}"
13460_0,0.12646525,"{""type"":""MultiPoint"",""coordinates"":[]}"
13461_0,0.0024798817,"{""type"":""MultiPoint"",""coordinates"":[]}"
13463_0,0.080917545,"{""type"":""MultiPoint"",""coordinates"":[]}"
13464_0,0.019118372,"{""type"":""MultiPoint"",""coordinates"":[]}"
13465_0,0.17502892,"{""type"":""MultiPoint"",""coordinates"":[]}"
13466_0,0.11707677,"{""type"":""MultiPoint"",""coordinates"":[]}"
13469_0,0.070046775,"{""type"":""MultiPoint"",""coordinates"":[]}"
13470_0,0.29140612,"{""type"":""MultiPoint"",""coordinates"":[]}"
13471_0,0.1969179,"{""type"":""MultiPoint"",""coordinates"":[]}"
13472_0,0.14729375,"{""type"":""MultiPoint"",""coordinates"":[]}"
13477_0,0.5364599,"{""type"":""MultiPoint"",""coordinates"":[]}"
13482_0,0.021915175,"{""type"":""MultiPoint"",""coordinates"":[]}"
13485_0,0.02013517,"{""type"":""MultiPoint"",""coordinates"":[]}"
13487_0,0.08724317,"{""type"":""MultiPoint"",""coordinates"":[]}"
13489_0,0.25737295,"{""type"":""MultiPoint"",""coordinates"":[]}"
13502_0,0.099859014,"{""type"":""MultiPoint"",""coordinates"":[]}"
13506_0,0.22559902,"{""type"":""MultiPoint"",""coordinates"":[]}"
13509_0,0.08656998,"{""type"":""MultiPoint"",""coordinates"":[]}"
13514_0,0.28046545,"{""type"":""MultiPoint"",""coordinates"":[]}"
13515_0,0.1545702,"{""type"":""MultiPoint"",""coordinates"":[]}"
13521_0,0.7296776,"{""type"":""MultiPoint"",""coordinates"":[]}"
13527_0,0.105786815,"{""type"":""MultiPoint"",""coordinates"":[]}"
13530_0,0.2438891,"{""type"":""MultiPoint"",""coordinates"":[]}"
13532_0,0.20752937,"{""type"":""MultiPoint"",""coordinates"":[]}"
13535_0,0.011294002,"{""type"":""MultiPoint"",""coordinates"":[]}"
13536_0,0.075928405,"{""type"":""MultiPoint"",""coordinates"":[]}"
13538_0,0.022064786,"{""type"":""MultiPoint"",""coordinates"":[]}"
13539_0,0.07385809,"{""type"":""MultiPoint"",""coordinates"":[]}"
13542_0,0.37835065,"{""type"":""MultiPoint"",""coordinates"":[]}"
13543_0,0.0580547,"{""type"":""MultiPoint"",""coordinates"":[]}"
13545_0,0.17452498,"{""type"":""MultiPoint"",""coordinates"":[]}"
13548_0,0.09194416,"{""type"":""MultiPoint"",""coordinates"":[]}"
13552_0,0.0026684531,"{""type"":""MultiPoint"",""coordinates"":[]}"
13553_0,0.10829289,"{""type"":""MultiPoint"",""coordinates"":[]}"
13554_0,0.18339881,"{""type"":""MultiPoint"",""coordinates"":[]}"
13555_0,0.13923484,"{""type"":""MultiPoint"",""coordinates"":[]}"
13559_0,0.48638517,"{""type"":""MultiPoint"",""coordinates"":[]}"
13562_0,0.097796425,"{""type"":""MultiPoint"",""coordinates"":[]}"
13565_0,0.17204231,"{""type"":""MultiPoint"",""coordinates"":[]}"
13566_0,0.3703644,"{""type"":""MultiPoint"",""coordinates"":[]}"
13567_0,0.0853373,"{""type"":""MultiPoint"",""coordinates"":[]}"
13572_0,0.2406152,"{""type"":""MultiPoint"",""coordinates"":[]}"
13578_0,0.021491943,"{""type"":""MultiPoint"",""coordinates"":[]}"
13579_0,0.19359218,"{""type"":""MultiPoint"",""coordinates"":[]}"
13580_0,0.09168036,"{""type"":""MultiPoint"",""coordinates"":[]}"
13581_0,0.256283,"{""type"":""MultiPoint"",""coordinates"":[]}"
13583_0,0.29140612,"{""type"":""MultiPoint"",""coordinates"":[]}"
13585_0,0.9984116,"{""type"":""MultiPoint"",""coordinates"":[]}"
13586_0,0.11451499,"{""type"":""MultiPoint"",""coordinates"":[]}"
13588_0,0.008284743,"{""type"":""MultiPoint"",""coordinates"":[]}"
13592_0,0.10059872,"{""type"":""MultiPoint"",""coordinates"":[]}"
13594_0,0.10492,"{""type"":""MultiPoint"",""coordinates"":[]}"
13598_0,0.15916133,"{""type"":""MultiPoint"",""coordinates"":[]}"
13603_0,0.33560166,"{""type"":""MultiPoint"",""coordinates"":[]}"
13604_0,0.29140612,"{""type"":""MultiPoint"",""coordinates"":[]}"
13605_0,0.10285099,"{""type"":""MultiPoint"",""coordinates"":[]}"
13606_0,0.11975249,"{""type"":""MultiPoint"",""coordinates"":[]}"
13612_0,0.24355017,"{""type"":""MultiPoint"",""coordinates"":[]}"
13613_0,0.07239643,"{""type"":""MultiPoint"",""coordinates"":[]}"
13614_0,0.42129546,"{""type"":""MultiPoint"",""coordinates"":[]}"
13617_0,0.059212394,"{""type"":""MultiPoint"",""coordinates"":[]}"
13619_0,0.053729355,"{""type"":""MultiPoint"",""coordinates"":[]}"
13620_0,0.35571885,"{""type"":""MultiPoint"",""coordinates"":[]}"
13621_0,0.087028846,"{""type"":""MultiPoint"",""coordinates"":[]}"
13622_0,0.9927683,"{""type"":""MultiPoint"",""coordinates"":[]}"
13628_0,0.03296321,"{""type"":""MultiPoint"",""coordinates"":[]}"
13629_0,0.112022206,"{""type"":""MultiPoint"",""coordinates"":[]}"
13630_0,0.16744241,"{""type"":""MultiPoint"",""coordinates"":[]}"
13633_0,0.22646506,"{""type"":""MultiPoint"",""coordinates"":[]}"
13634_0,0.11331291,"{""type"":""MultiPoint"",""coordinates"":[]}"
13635_0,0.1110861,"{""type"":""MultiPoint"",""coordinates"":[]}"
13642_0,0.2438891,"{""type"":""MultiPoint"",""coordinates"":[]}"
13643_0,0.12504251,"{""type"":""MultiPoint"",""coordinates"":[]}"
13644_0,0.051165476,"{""type"":""MultiPoint"",""coordinates"":[]}"
13646_0,0.035828542,"{""type"":""MultiPoint"",""coordinates"":[]}"
13649_0,0.08963398,"{""type"":""MultiPoint"",""coordinates"":[]}"
13650_0,0.073926896,"{""type"":""MultiPoint"",""coordinates"":[]}"
13651_0,0.017836066,"{""type"":""MultiPoint"",""coordinates"":[]}"
13652_0,0.11374652,"{""type"":""MultiPoint"",""coordinates"":[]}"
13653_0,0.086726815,"{""type"":""MultiPoint"",""coordinates"":[]}"
13656_0,0.97914904,"{""type"":""MultiPoint"",""coordinates"":[]}"
13659_0,0.044877965,"{""type"":""MultiPoint"",""coordinates"":[]}"
13661_0,0.6187375,"{""type"":""MultiPoint"",""coordinates"":[]}"
13663_0,0.0988569,"{""type"":""MultiPoint"",""coordinates"":[]}"
13665_0,0.9977162,"{""type"":""MultiPoint"",""coordinates"":[]}"
13667_0,0.03781925,"{""type"":""MultiPoint"",""coordinates"":[]}"
13670_0,0.22559902,"{""type"":""MultiPoint"",""coordinates"":[]}"
13674_0,0.024329606,"{""type"":""MultiPoint"",""coordinates"":[]}"
13678_0,0.10059872,"{""type"":""MultiPoint"",""coordinates"":[]}"
13680_0,0.2889387,"{""type"":""MultiPoint"",""coordinates"":[]}"
13681_0,0.07669952,"{""type"":""MultiPoint"",""coordinates"":[]}"
13686_0,0.27697778,"{""type"":""MultiPoint"",""coordinates"":[]}"
13688_0,0.13659714,"{""type"":""MultiPoint"",""coordinates"":[]}"
13690_0,0.10829289,"{""type"":""MultiPoint"",""coordinates"":[]}"
13695_0,0.9559921,"{""type"":""MultiPoint"",""coordinates"":[]}"
13699_0,0.09343831,"{""type"":""MultiPoint"",""coordinates"":[]}"
13701_0,0.0693927,"{""type"":""MultiPoint"",""coordinates"":[]}"
13703_0,0.016744697,"{""type"":""MultiPoint"",""coordinates"":[]}"
13704_0,0.17502892,"{""type"":""MultiPoint"",""coordinates"":[]}"
13706_0,0.18339881,"{""type"":""MultiPoint"",""coordinates"":[]}"
13708_0,0.4261324,"{""type"":""MultiPoint"",""coordinates"":[]}"
13710_0,0.17502892,"{""type"":""MultiPoint"",""coordinates"":[]}"
13711_0,0.031921264,"{""type"":""MultiPoint"",""coordinates"":[]}"
13714_0,0.021647938,"{""type"":""MultiPoint"",""coordinates"":[]}"
13717_0,0.6035624,"{""type"":""MultiPoint"",""coordinates"":[]}"
13718_0,0.014701524,"{""type"":""MultiPoint"",""coordinates"":[]}"
13720_0,0.07669952,"{""type"":""MultiPoint"",""coordinates"":[]}"
13722_0,0.3731105,"{""type"":""MultiPoint"",""coordinates"":[]}"
13724_0,0.097858705,"{""type"":""MultiPoint"",""coordinates"":[]}"
13728_0,0.47046268,"{""type"":""MultiPoint"",""coordinates"":[]}"
13731_0,0.49899834,"{""type"":""MultiPoint"",""coordinates"":[]}"
13732_0,0.45599988,"{""type"":""MultiPoint"",""coordinates"":[]}"
13736_0,0.40898508,"{""type"":""MultiPoint"",""coordinates"":[]}"
13739_0,0.39139572,"{""type"":""MultiPoint"",""coordinates"":[]}"
13742_0,0.03879313,"{""type"":""MultiPoint"",""coordinates"":[]}"
13743_0,0.025693836,"{""type"":""MultiPoint"",""coordinates"":[]}"
13744_0,0.10059872,"{""type"":""MultiPoint"",""coordinates"":[]}"
13746_0,0.03027198,"{""type"":""MultiPoint"",""coordinates"":[]}"
13747_0,0.2043125,"{""type"":""MultiPoint"",""coordinates"":[]}"
13748_0,0.032733355,"{""type"":""MultiPoint"",""coordinates"":[]}"
13749_0,0.22302133,"{""type"":""MultiPoint"",""coordinates"":[]}"
13751_0,0.9967477,"{""type"":""MultiPoint"",""coordinates"":[]}"
13754_0,0.088706054,"{""type"":""MultiPoint"",""coordinates"":[]}"
13756_0,0.08170499,"{""type"":""MultiPoint"",""coordinates"":[]}"
13757_0,0.36921608,"{""type"":""MultiPoint"",""coordinates"":[]}"
13758_0,0.27848837,"{""type"":""MultiPoint"",""coordinates"":[]}"
13762_0,0.08879405,"{""type"":""MultiPoint"",""coordinates"":[]}"
13763_0,0.09511139,"{""type"":""MultiPoint"",""coordinates"":[]}"
13764_0,0.07834225,"{""type"":""MultiPoint"",""coordinates"":[]}"
13768_0,0.017714733,"{""type"":""MultiPoint"",""coordinates"":[]}"
13774_0,0.054815147,"{""type"":""MultiPoint"",""coordinates"":[]}"
13776_0,9.115017E-4,"{""type"":""MultiPoint"",""coordinates"":[]}"
13780_0,0.6203525,"{""type"":""MultiPoint"",""coordinates"":[]}"
13781_0,0.105786815,"{""type"":""MultiPoint"",""coordinates"":[]}"
13782_0,0.03387099,"{""type"":""MultiPoint"",""coordinates"":[]}"
13785_0,0.07680519,"{""type"":""MultiPoint"",""coordinates"":[]}"
13786_0,0.02278664,"{""type"":""MultiPoint"",""coordinates"":[]}"
13788_0,0.06467753,"{""type"":""MultiPoint"",""coordinates"":[]}"
13789_0,0.10285099,"{""type"":""MultiPoint"",""coordinates"":[]}"
13790_0,0.16639416,"{""type"":""MultiPoint"",""coordinates"":[]}"
13792_0,0.25589645,"{""type"":""MultiPoint"",""coordinates"":[]}"
13794_0,0.002479882,"{""type"":""MultiPoint"",""coordinates"":[]}"
13795_0,0.06605644,"{""type"":""MultiPoint"",""coordinates"":[]}"
13800_0,0.097796425,"{""type"":""MultiPoint"",""coordinates"":[]}"
13801_0,0.09075855,"{""type"":""MultiPoint"",""coordinates"":[]}"
13802_0,0.057553586,"{""type"":""MultiPoint"",""coordinates"":[]}"
13803_0,0.12646525,"{""type"":""MultiPoint"",""coordinates"":[]}"
13804_0,0.5094533,"{""type"":""MultiPoint"",""coordinates"":[]}"
13806_0,0.25047827,"{""type"":""MultiPoint"",""coordinates"":[]}"
13807_0,0.0843257,"{""type"":""MultiPoint"",""coordinates"":[]}"
13808_0,8.429106E-4,"{""type"":""MultiPoint"",""coordinates"":[]}"
13809_0,0.9705818,"{""type"":""MultiPoint"",""coordinates"":[]}"
13810_0,0.08960526,"{""type"":""MultiPoint"",""coordinates"":[]}"
13815_0,0.09460962,"{""type"":""MultiPoint"",""coordinates"":[]}"
13818_0,0.081940055,"{""type"":""MultiPoint"",""coordinates"":[]}"
13819_0,0.84374654,"{""type"":""MultiPoint"",""coordinates"":[]}"
13820_0,0.097328916,"{""type"":""MultiPoint"",""coordinates"":[]}"
13821_0,0.36337736,"{""type"":""MultiPoint"",""coordinates"":[]}"
13824_0,0.063124426,"{""type"":""MultiPoint"",""coordinates"":[]}"
13826_0,0.20161475,"{""type"":""MultiPoint"",""coordinates"":[]}"
13828_0,0.0039507416,"{""type"":""MultiPoint"",""coordinates"":[]}"
13832_0,0.9737312,"{""type"":""MultiPoint"",""coordinates"":[]}"
13834_0,0.047379065,"{""type"":""MultiPoint"",""coordinates"":[]}"
13839_0,0.29410505,"{""type"":""MultiPoint"",""coordinates"":[]}"
13842_0,0.09343831,"{""type"":""MultiPoint"",""coordinates"":[]}"
13843_0,0.29140612,"{""type"":""MultiPoint"",""coordinates"":[]}"
13845_0,0.1093405,"{""type"":""MultiPoint"",""coordinates"":[]}"
13846_0,0.030484116,"{""type"":""MultiPoint"",""coordinates"":[]}"
13850_0,0.07082936,"{""type"":""MultiPoint"",""coordinates"":[]}"
13856_0,0.055208884,"{""type"":""MultiPoint"",""coordinates"":[]}"
13857_0,0.057753265,"{""type"":""MultiPoint"",""coordinates"":[]}"
13859_0,0.076491505,"{""type"":""MultiPoint"",""coordinates"":[]}"
13860_0,0.30268568,"{""type"":""MultiPoint"",""coordinates"":[]}"
13861_0,0.37606007,"{""type"":""MultiPoint"",""coordinates"":[]}"
13864_0,0.13399923,"{""type"":""MultiPoint"",""coordinates"":[]}"
13866_0,0.3544604,"{""type"":""MultiPoint"",""coordinates"":[]}"
13868_0,0.14116868,"{""type"":""MultiPoint"",""coordinates"":[]}"
13869_0,0.025885284,"{""type"":""MultiPoint"",""coordinates"":[]}"
13871_0,0.075928405,"{""type"":""MultiPoint"",""coordinates"":[]}"
13872_0,0.38543224,"{""type"":""MultiPoint"",""coordinates"":[]}"
13875_0,0.03704682,"{""type"":""MultiPoint"",""coordinates"":[]}"
13876_0,0.037192237,"{""type"":""MultiPoint"",""coordinates"":[]}"
13880_0,0.9774331,"{""type"":""MultiPoint"",""coordinates"":[]}"
13883_0,0.6224672,"{""type"":""MultiPoint"",""coordinates"":[]}"
13884_0,0.18456773,"{""type"":""MultiPoint"",""coordinates"":[]}"
13888_0,0.014283177,"{""type"":""MultiPoint"",""coordinates"":[]}"
13896_0,0.82907695,"{""type"":""MultiPoint"",""coordinates"":[]}"
13897_0,0.13446964,"{""type"":""MultiPoint"",""coordinates"":[]}"
13898_0,0.023014698,"{""type"":""MultiPoint"",""coordinates"":[]}"
13900_0,0.03296321,"{""type"":""MultiPoint"",""coordinates"":[]}"
13902_0,0.10829289,"{""type"":""MultiPoint"",""coordinates"":[]}"
13904_0,0.0050518652,"{""type"":""MultiPoint"",""coordinates"":[]}"
13907_0,0.059212394,"{""type"":""MultiPoint"",""coordinates"":[]}"
13911_0,0.050551385,"{""type"":""MultiPoint"",""coordinates"":[]}"
13913_0,0.09343831,"{""type"":""MultiPoint"",""coordinates"":[]}"
13917_0,0.6246548,"{""type"":""MultiPoint"",""coordinates"":[]}"
13918_0,0.014249494,"{""type"":""MultiPoint"",""coordinates"":[]}"
13924_0,0.24355017,"{""type"":""MultiPoint"",""coordinates"":[]}"
13925_0,0.08340331,"{""type"":""MultiPoint"",""coordinates"":[]}"
13929_0,0.0959975,"{""type"":""MultiPoint"",""coordinates"":[]}"
13930_0,0.0024157963,"{""type"":""MultiPoint"",""coordinates"":[]}"
13931_0,0.026121335,"{""type"":""MultiPoint"",""coordinates"":[]}"
13936_0,0.077159815,"{""type"":""MultiPoint"",""coordinates"":[]}"
13937_0,0.1469168,"{""type"":""MultiPoint"",""coordinates"":[]}"
13941_0,0.26773918,"{""type"":""MultiPoint"",""coordinates"":[]}"
13943_0,0.10100296,"{""type"":""MultiPoint"",""coordinates"":[]}"
13952_0,0.6896748,"{""type"":""MultiPoint"",""coordinates"":[]}"
13955_0,0.69131577,"{""type"":""MultiPoint"",""coordinates"":[]}"
13959_0,0.14754373,"{""type"":""MultiPoint"",""coordinates"":[]}"
13960_0,0.11229959,"{""type"":""MultiPoint"",""coordinates"":[]}"
13961_0,0.062192984,"{""type"":""MultiPoint"",""coordinates"":[]}"
13963_0,0.128148,"{""type"":""MultiPoint"",""coordinates"":[]}"
13967_0,0.0023103207,"{""type"":""MultiPoint"",""coordinates"":[]}"
13974_0,0.022156408,"{""type"":""MultiPoint"",""coordinates"":[]}"
13977_0,0.014485282,"{""type"":""MultiPoint"",""coordinates"":[]}"
13979_0,0.061440054,"{""type"":""MultiPoint"",""coordinates"":[]}"
13980_0,0.07669952,"{""type"":""MultiPoint"",""coordinates"":[]}"
13983_0,0.10285099,"{""type"":""MultiPoint"",""coordinates"":[]}"
13984_0,0.011040757,"{""type"":""MultiPoint"",""coordinates"":[]}"
13989_0,0.15332198,"{""type"":""MultiPoint"",""coordinates"":[]}"
13990_0,0.26290175,"{""type"":""MultiPoint"",""coordinates"":[]}"
13991_0,0.16142836,"{""type"":""MultiPoint"",""coordinates"":[]}"
13993_0,0.11301686,"{""type"":""MultiPoint"",""coordinates"":[]}"
13995_0,0.12818553,"{""type"":""MultiPoint"",""coordinates"":[]}"
13996_0,0.30764353,"{""type"":""MultiPoint"",""coordinates"":[]}"
13997_0,0.09460962,"{""type"":""MultiPoint"",""coordinates"":[]}"
13999_0,0.09129999,"{""type"":""MultiPoint"",""coordinates"":[]}"
14001_0,0.21194719,"{""type"":""MultiPoint"",""coordinates"":[]}"
14004_0,0.08250383,"{""type"":""MultiPoint"",""coordinates"":[]}"
14005_0,0.52248955,"{""type"":""MultiPoint"",""coordinates"":[]}"
14010_0,0.17230389,"{""type"":""MultiPoint"",""coordinates"":[]}"
14011_0,0.30704087,"{""type"":""MultiPoint"",""coordinates"":[]}"
14012_0,0.030385124,"{""type"":""MultiPoint"",""coordinates"":[]}"
14013_0,0.3470214,"{""type"":""MultiPoint"",""coordinates"":[]}"
14019_0,0.0843257,"{""type"":""MultiPoint"",""coordinates"":[]}"
14022_0,0.20775516,"{""type"":""MultiPoint"",""coordinates"":[]}"
14027_0,0.18370125,"{""type"":""MultiPoint"",""coordinates"":[]}"
14028_0,0.9559921,"{""type"":""MultiPoint"",""coordinates"":[]}"
14031_0,0.32878986,"{""type"":""MultiPoint"",""coordinates"":[]}"
14032_0,0.053750552,"{""type"":""MultiPoint"",""coordinates"":[]}"
14036_0,0.053745676,"{""type"":""MultiPoint"",""coordinates"":[]}"
14037_0,0.073374644,"{""type"":""MultiPoint"",""coordinates"":[]}"
14039_0,0.060817193,"{""type"":""MultiPoint"",""coordinates"":[]}"
14041_0,0.11753734,"{""type"":""MultiPoint"",""coordinates"":[]}"
14043_0,0.09334352,"{""type"":""MultiPoint"",""coordinates"":[]}"
14045_0,0.105786815,"{""type"":""MultiPoint"",""coordinates"":[]}"
14047_0,0.08368953,"{""type"":""MultiPoint"",""coordinates"":[]}"
14050_0,0.51852524,"{""type"":""MultiPoint"",""coordinates"":[]}"
14052_0,0.058440577,"{""type"":""MultiPoint"",""coordinates"":[]}"
14053_0,0.10059872,"{""type"":""MultiPoint"",""coordinates"":[]}"
14056_0,0.022384467,"{""type"":""MultiPoint"",""coordinates"":[]}"
14059_0,0.0019995847,"{""type"":""MultiPoint"",""coordinates"":[]}"
14060_0,0.4915333,"{""type"":""MultiPoint"",""coordinates"":[]}"
14061_0,0.33193514,"{""type"":""MultiPoint"",""coordinates"":[]}"
14066_0,0.097796425,"{""type"":""MultiPoint"",""coordinates"":[]}"
14067_0,0.0543004,"{""type"":""MultiPoint"",""coordinates"":[]}"
14069_0,0.0024798817,"{""type"":""MultiPoint"",""coordinates"":[]}"
14070_0,0.011475624,"{""type"":""MultiPoint"",""coordinates"":[]}"
14075_0,0.03387099,"{""type"":""MultiPoint"",""coordinates"":[]}"
14077_0,0.2889387,"{""type"":""MultiPoint"",""coordinates"":[]}"
14079_0,0.05073083,"{""type"":""MultiPoint"",""coordinates"":[]}"
14081_0,0.15441509,"{""type"":""MultiPoint"",""coordinates"":[]}"
14083_0,0.25934726,"{""type"":""MultiPoint"",""coordinates"":[]}"
14085_0,0.062192984,"{""type"":""MultiPoint"",""coordinates"":[]}"
14086_0,0.3704082,"{""type"":""MultiPoint"",""coordinates"":[]}"
14087_0,0.08991538,"{""type"":""MultiPoint"",""coordinates"":[]}"
14090_0,0.16306107,"{""type"":""MultiPoint"",""coordinates"":[]}"
14092_0,0.09334352,"{""type"":""MultiPoint"",""coordinates"":[]}"
14093_0,0.10651422,"{""type"":""MultiPoint"",""coordinates"":[]}"
14102_0,0.013767936,"{""type"":""MultiPoint"",""coordinates"":[]}"
14104_0,0.22130059,"{""type"":""MultiPoint"",""coordinates"":[]}"
14106_0,0.089036375,"{""type"":""MultiPoint"",""coordinates"":[]}"
14108_0,0.18456773,"{""type"":""MultiPoint"",""coordinates"":[]}"
14110_0,0.15916133,"{""type"":""MultiPoint"",""coordinates"":[]}"
14112_0,0.5364599,"{""type"":""MultiPoint"",""coordinates"":[]}"
14115_0,0.05285938,"{""type"":""MultiPoint"",""coordinates"":[]}"
14116_0,0.18456773,"{""type"":""MultiPoint"",""coordinates"":[]}"
14117_0,0.66489065,"{""type"":""MultiPoint"",""coordinates"":[]}"
14119_0,0.20007032,"{""type"":""MultiPoint"",""coordinates"":[]}"
14124_0,0.6916973,"{""type"":""MultiPoint"",""coordinates"":[]}"
14125_0,0.105786815,"{""type"":""MultiPoint"",""coordinates"":[]}"
14127_0,0.034211073,"{""type"":""MultiPoint"",""coordinates"":[]}"
14132_0,0.18690279,"{""type"":""MultiPoint"",""coordinates"":[]}"
14134_0,0.25589645,"{""type"":""MultiPoint"",""coordinates"":[]}"
14135_0,0.021491943,"{""type"":""MultiPoint"",""coordinates"":[]}"
14136_0,0.3875038,"{""type"":""MultiPoint"",""coordinates"":[]}"
14142_0,0.9921104,"{""type"":""MultiPoint"",""coordinates"":[]}"
14144_0,0.14462978,"{""type"":""MultiPoint"",""coordinates"":[]}"
14145_0,0.062492877,"{""type"":""MultiPoint"",""coordinates"":[]}"
14146_0,0.08602925,"{""type"":""MultiPoint"",""coordinates"":[]}"
14148_0,0.18877323,"{""type"":""MultiPoint"",""coordinates"":[]}"
14149_0,0.20752937,"{""type"":""MultiPoint"",""coordinates"":[]}"
14151_0,0.04269243,"{""type"":""MultiPoint"",""coordinates"":[]}"
14154_0,0.24427666,"{""type"":""MultiPoint"",""coordinates"":[]}"
14157_0,0.29140612,"{""type"":""MultiPoint"",""coordinates"":[]}"
14158_0,0.9927683,"{""type"":""MultiPoint"",""coordinates"":[]}"
14159_0,0.10285099,"{""type"":""MultiPoint"",""coordinates"":[]}"
14162_0,0.024329606,"{""type"":""MultiPoint"",""coordinates"":[]}"
14163_0,0.0039507416,"{""type"":""MultiPoint"",""coordinates"":[]}"
14167_0,0.061440054,"{""type"":""MultiPoint"",""coordinates"":[]}"
14172_0,0.041731,"{""type"":""MultiPoint"",""coordinates"":[]}"
14176_0,0.0024798817,"{""type"":""MultiPoint"",""coordinates"":[]}"
14178_0,0.070046775,"{""type"":""MultiPoint"",""coordinates"":[]}"
14180_0,0.011910669,"{""type"":""MultiPoint"",""coordinates"":[]}"
14182_0,0.6945939,"{""type"":""MultiPoint"",""coordinates"":[]}"
14184_0,0.66987354,"{""type"":""MultiPoint"",""coordinates"":[]}"
14186_0,0.0968606,"{""type"":""MultiPoint"",""coordinates"":[]}"
14190_0,0.5158683,"{""type"":""MultiPoint"",""coordinates"":[]}"
14191_0,0.11331291,"{""type"":""MultiPoint"",""coordinates"":[]}"
14193_0,0.24355017,"{""type"":""MultiPoint"",""coordinates"":[]}"
14204_0,0.08405902,"{""type"":""MultiPoint"",""coordinates"":[]}"
14207_0,0.105786815,"{""type"":""MultiPoint"",""coordinates"":[]}"
14208_0,0.2604219,"{""type"":""MultiPoint"",""coordinates"":[]}"
14209_0,0.053729355,"{""type"":""MultiPoint"",""coordinates"":[]}"
14211_0,0.95709825,"{""type"":""MultiPoint"",""coordinates"":[]}"
14212_0,0.2509121,"{""type"":""MultiPoint"",""coordinates"":[]}"
14214_0,0.290257,"{""type"":""MultiPoint"",""coordinates"":[]}"
14222_0,0.105786815,"{""type"":""MultiPoint"",""coordinates"":[]}"
14226_0,0.187543,"{""type"":""MultiPoint"",""coordinates"":[]}"
14227_0,0.1292293,"{""type"":""MultiPoint"",""coordinates"":[]}"
14229_0,0.09918898,"{""type"":""MultiPoint"",""coordinates"":[]}"
14234_0,0.3811866,"{""type"":""MultiPoint"",""coordinates"":[]}"
14241_0,0.09741053,"{""type"":""MultiPoint"",""coordinates"":[]}"
14242_0,0.057327054,"{""type"":""MultiPoint"",""coordinates"":[]}"
14244_0,0.6160909,"{""type"":""MultiPoint"",""coordinates"":[]}"
14247_0,0.2959227,"{""type"":""MultiPoint"",""coordinates"":[]}"
14248_0,0.023014698,"{""type"":""MultiPoint"",""coordinates"":[]}"
14249_0,0.5364599,"{""type"":""MultiPoint"",""coordinates"":[]}"
14253_0,0.18456773,"{""type"":""MultiPoint"",""coordinates"":[]}"
14254_0,0.105786815,"{""type"":""MultiPoint"",""coordinates"":[]}"
14261_0,0.26329228,"{""type"":""MultiPoint"",""coordinates"":[]}"
14262_0,0.019494193,"{""type"":""MultiPoint"",""coordinates"":[]}"
14267_0,0.18825167,"{""type"":""MultiPoint"",""coordinates"":[]}"
14271_0,0.10682666,"{""type"":""MultiPoint"",""coordinates"":[]}"
14275_0,0.8485923,"{""type"":""MultiPoint"",""coordinates"":[]}"
14277_0,0.17902705,"{""type"":""MultiPoint"",""coordinates"":[]}"
14289_0,0.16588663,"{""type"":""MultiPoint"",""coordinates"":[]}"
14290_0,0.21077126,"{""type"":""MultiPoint"",""coordinates"":[]}"
14295_0,0.020281399,"{""type"":""MultiPoint"",""coordinates"":[]}"
14297_0,0.11924733,"{""type"":""MultiPoint"",""coordinates"":[]}"
14298_0,0.8619365,"{""type"":""MultiPoint"",""coordinates"":[]}"
14303_0,0.18456773,"{""type"":""MultiPoint"",""coordinates"":[]}"
14306_0,0.055208884,"{""type"":""MultiPoint"",""coordinates"":[]}"
14307_0,0.09343831,"{""type"":""MultiPoint"",""coordinates"":[]}"
14308_0,0.12123924,"{""type"":""MultiPoint"",""coordinates"":[]}"
14309_0,0.187543,"{""type"":""MultiPoint"",""coordinates"":[]}"
14311_0,0.7767333,"{""type"":""MultiPoint"",""coordinates"":[]}"
14312_0,0.09334352,"{""type"":""MultiPoint"",""coordinates"":[]}"
14315_0,0.097796425,"{""type"":""MultiPoint"",""coordinates"":[]}"
14317_0,0.29140612,"{""type"":""MultiPoint"",""coordinates"":[]}"
14318_0,0.48759544,"{""type"":""MultiPoint"",""coordinates"":[]}"
14319_0,0.99708134,"{""type"":""MultiPoint"",""coordinates"":[]}"
14326_0,0.22559902,"{""type"":""MultiPoint"",""coordinates"":[]}"
14327_0,0.15162367,"{""type"":""MultiPoint"",""coordinates"":[]}"
14329_0,0.059212394,"{""type"":""MultiPoint"",""coordinates"":[]}"
14330_0,0.12123924,"{""type"":""MultiPoint"",""coordinates"":[]}"
14331_0,0.11975249,"{""type"":""MultiPoint"",""coordinates"":[]}"
14339_0,0.021647938,"{""type"":""MultiPoint"",""coordinates"":[]}"
14344_0,0.057753265,"{""type"":""MultiPoint"",""coordinates"":[]}"
14345_0,0.28007978,"{""type"":""MultiPoint"",""coordinates"":[]}"
14347_0,0.12682562,"{""type"":""MultiPoint"",""coordinates"":[]}"
14348_0,0.075928405,"{""type"":""MultiPoint"",""coordinates"":[]}"
14351_0,0.073926896,"{""type"":""MultiPoint"",""coordinates"":[]}"
14352_0,0.010467444,"{""type"":""MultiPoint"",""coordinates"":[]}"
14354_0,0.13963479,"{""type"":""MultiPoint"",""coordinates"":[]}"
14355_0,0.47382164,"{""type"":""MultiPoint"",""coordinates"":[]}"
14358_0,0.18877323,"{""type"":""MultiPoint"",""coordinates"":[]}"
14364_0,0.0012387873,"{""type"":""MultiPoint"",""coordinates"":[]}"
14366_0,0.80302227,"{""type"":""MultiPoint"",""coordinates"":[]}"
14367_0,0.22771835,"{""type"":""MultiPoint"",""coordinates"":[]}"
14369_0,0.18456773,"{""type"":""MultiPoint"",""coordinates"":[]}"
14370_0,0.09807781,"{""type"":""MultiPoint"",""coordinates"":[]}"
14372_0,0.0056486106,"{""type"":""MultiPoint"",""coordinates"":[]}"
14374_0,0.36557913,"{""type"":""MultiPoint"",""coordinates"":[]}"
14378_0,0.18098575,"{""type"":""MultiPoint"",""coordinates"":[]}"
14380_0,0.054402165,"{""type"":""MultiPoint"",""coordinates"":[]}"
14381_0,0.4766739,"{""type"":""MultiPoint"",""coordinates"":[]}"
14383_0,0.11084138,"{""type"":""MultiPoint"",""coordinates"":[]}"
14385_0,0.4509034,"{""type"":""MultiPoint"",""coordinates"":[]}"
14387_0,0.11457911,"{""type"":""MultiPoint"",""coordinates"":[]}"
14388_0,0.3110116,"{""type"":""MultiPoint"",""coordinates"":[]}"
14389_0,0.10771803,"{""type"":""MultiPoint"",""coordinates"":[]}"
14390_0,0.3875038,"{""type"":""MultiPoint"",""coordinates"":[]}"
14394_0,0.038560048,"{""type"":""MultiPoint"",""coordinates"":[]}"
14395_0,0.021263884,"{""type"":""MultiPoint"",""coordinates"":[]}"
14396_0,0.090327226,"{""type"":""MultiPoint"",""coordinates"":[]}"
14398_0,0.9984116,"{""type"":""MultiPoint"",""coordinates"":[]}"
14400_0,0.7532267,"{""type"":""MultiPoint"",""coordinates"":[]}"
14401_0,0.9879939,"{""type"":""MultiPoint"",""coordinates"":[]}"
14403_0,0.075081296,"{""type"":""MultiPoint"",""coordinates"":[]}"
14407_0,0.100524165,"{""type"":""MultiPoint"",""coordinates"":[]}"
14409_0,0.048757307,"{""type"":""MultiPoint"",""coordinates"":[]}"
14410_0,0.099958666,"{""type"":""MultiPoint"",""coordinates"":[]}"
14411_0,0.08695484,"{""type"":""MultiPoint"",""coordinates"":[]}"
14415_0,0.19641499,"{""type"":""MultiPoint"",""coordinates"":[]}"
14416_0,0.120086335,"{""type"":""MultiPoint"",""coordinates"":[]}"
14417_0,0.17902705,"{""type"":""MultiPoint"",""coordinates"":[]}"
14420_0,0.19700466,"{""type"":""MultiPoint"",""coordinates"":[]}"
14421_0,0.09558582,"{""type"":""MultiPoint"",""coordinates"":[]}"
14425_0,0.9324397,"{""type"":""MultiPoint"",""coordinates"":[]}"
14432_0,0.11301686,"{""type"":""MultiPoint"",""coordinates"":[]}"
14433_0,0.3756314,"{""type"":""MultiPoint"",""coordinates"":[]}"
14438_0,0.061732315,"{""type"":""MultiPoint"",""coordinates"":[]}"
14439_0,0.18456773,"{""type"":""MultiPoint"",""coordinates"":[]}"
14441_0,0.5027908,"{""type"":""MultiPoint"",""coordinates"":[]}"
14445_0,0.11579308,"{""type"":""MultiPoint"",""coordinates"":[]}"
14449_0,0.53552365,"{""type"":""MultiPoint"",""coordinates"":[]}"
14450_0,0.2806642,"{""type"":""MultiPoint"",""coordinates"":[]}"
14452_0,0.03790116,"{""type"":""MultiPoint"",""coordinates"":[]}"
14454_0,0.10059872,"{""type"":""MultiPoint"",""coordinates"":[]}"
14459_0,0.17902705,"{""type"":""MultiPoint"",""coordinates"":[]}"
14460_0,0.7203846,"{""type"":""MultiPoint"",""coordinates"":[]}"
14463_0,0.010467444,"{""type"":""MultiPoint"",""coordinates"":[]}"
14465_0,0.09460962,"{""type"":""MultiPoint"",""coordinates"":[]}"
14469_0,0.122998804,"{""type"":""MultiPoint"",""coordinates"":[]}"
14470_0,0.3675075,"{""type"":""MultiPoint"",""coordinates"":[]}"
14471_0,0.06390623,"{""type"":""MultiPoint"",""coordinates"":[]}"
14473_0,0.03296321,"{""type"":""MultiPoint"",""coordinates"":[]}"
14476_0,0.29031333,"{""type"":""MultiPoint"",""coordinates"":[]}"
14482_0,0.02013517,"{""type"":""MultiPoint"",""coordinates"":[]}"
14487_0,0.29367673,"{""type"":""MultiPoint"",""coordinates"":[]}"
14488_0,0.13525626,"{""type"":""MultiPoint"",""coordinates"":[]}"
14489_0,0.16713472,"{""type"":""MultiPoint"",""coordinates"":[]}"
14494_0,0.0033308978,"{""type"":""MultiPoint"",""coordinates"":[]}"
14498_0,0.18456773,"{""type"":""MultiPoint"",""coordinates"":[]}"
14501_0,0.12682562,"{""type"":""MultiPoint"",""coordinates"":[]}"
14503_0,0.10166831,"{""type"":""MultiPoint"",""coordinates"":[]}"
14504_0,0.08642795,"{""type"":""MultiPoint"",""coordinates"":[]}"
14508_0,0.10592705,"{""type"":""MultiPoint"",""coordinates"":[]}"
14517_0,0.49443308,"{""type"":""MultiPoint"",""coordinates"":[]}"
14519_0,0.10285099,"{""type"":""MultiPoint"",""coordinates"":[]}"
14521_0,0.25589645,"{""type"":""MultiPoint"",""coordinates"":[]}"
14523_0,0.4285069,"{""type"":""MultiPoint"",""coordinates"":[]}"
14524_0,0.0039507416,"{""type"":""MultiPoint"",""coordinates"":[]}"
14528_0,0.9933653,"{""type"":""MultiPoint"",""coordinates"":[]}"
14531_0,0.5230371,"{""type"":""MultiPoint"",""coordinates"":[]}"
14532_0,0.07344521,"{""type"":""MultiPoint"",""coordinates"":[]}"
14535_0,0.01394184,"{""type"":""MultiPoint"",""coordinates"":[]}"
14540_0,0.11707677,"{""type"":""MultiPoint"",""coordinates"":[]}"
14541_0,0.14729375,"{""type"":""MultiPoint"",""coordinates"":[]}"
14544_0,0.1473894,"{""type"":""MultiPoint"",""coordinates"":[]}"
14545_0,0.11629032,"{""type"":""MultiPoint"",""coordinates"":[]}"
14549_0,0.24355017,"{""type"":""MultiPoint"",""coordinates"":[]}"
14556_0,0.017002057,"{""type"":""MultiPoint"",""coordinates"":[]}"
14557_0,0.06765379,"{""type"":""MultiPoint"",""coordinates"":[]}"
14558_0,0.3575548,"{""type"":""MultiPoint"",""coordinates"":[]}"
14559_0,0.3998562,"{""type"":""MultiPoint"",""coordinates"":[]}"
14560_0,0.13549036,"{""type"":""MultiPoint"",""coordinates"":[]}"
14562_0,0.019494193,"{""type"":""MultiPoint"",""coordinates"":[]}"
14569_0,0.10285099,"{""type"":""MultiPoint"",""coordinates"":[]}"
14570_0,0.97183,"{""type"":""MultiPoint"",""coordinates"":[]}"
14571_0,0.07358108,"{""type"":""MultiPoint"",""coordinates"":[]}"
14572_0,0.0024157963,"{""type"":""MultiPoint"",""coordinates"":[]}"
14574_0,0.06265151,"{""type"":""MultiPoint"",""coordinates"":[]}"
14578_0,0.17204231,"{""type"":""MultiPoint"",""coordinates"":[]}"
14579_0,0.6499985,"{""type"":""MultiPoint"",""coordinates"":[]}"
14583_0,0.075151384,"{""type"":""MultiPoint"",""coordinates"":[]}"
14585_0,0.52248955,"{""type"":""MultiPoint"",""coordinates"":[]}"
14590_0,0.35285872,"{""type"":""MultiPoint"",""coordinates"":[]}"
14591_0,0.36337736,"{""type"":""MultiPoint"",""coordinates"":[]}"
14594_0,0.13923484,"{""type"":""MultiPoint"",""coordinates"":[]}"
14597_0,0.097796425,"{""type"":""MultiPoint"",""coordinates"":[]}"
14598_0,0.6156915,"{""type"":""MultiPoint"",""coordinates"":[]}"
14599_0,0.5570948,"{""type"":""MultiPoint"",""coordinates"":[]}"
14601_0,0.4976047,"{""type"":""MultiPoint"",""coordinates"":[]}"
14603_0,0.278812,"{""type"":""MultiPoint"",""coordinates"":[]}"
14605_0,0.22559902,"{""type"":""MultiPoint"",""coordinates"":[]}"
14608_0,0.10652547,"{""type"":""MultiPoint"",""coordinates"":[]}"
14610_0,0.3875038,"{""type"":""MultiPoint"",""coordinates"":[]}"
14611_0,0.18456773,"{""type"":""MultiPoint"",""coordinates"":[]}"
14614_0,0.13919297,"{""type"":""MultiPoint"",""coordinates"":[]}"
14617_0,0.9965921,"{""type"":""MultiPoint"",""coordinates"":[]}"
14620_0,0.99834627,"{""type"":""MultiPoint"",""coordinates"":[]}"
14623_0,0.33383775,"{""type"":""MultiPoint"",""coordinates"":[]}"
14626_0,0.29641208,"{""type"":""MultiPoint"",""coordinates"":[]}"
14628_0,0.06850197,"{""type"":""MultiPoint"",""coordinates"":[]}"
14630_0,0.49305028,"{""type"":""MultiPoint"",""coordinates"":[]}"
14634_0,0.018889721,"{""type"":""MultiPoint"",""coordinates"":[]}"
14635_0,0.23077728,"{""type"":""MultiPoint"",""coordinates"":[]}"
14640_0,0.06765379,"{""type"":""MultiPoint"",""coordinates"":[]}"
14641_0,0.107677706,"{""type"":""MultiPoint"",""coordinates"":[]}"
14645_0,0.021263884,"{""type"":""MultiPoint"",""coordinates"":[]}"
14647_0,0.21358223,"{""type"":""MultiPoint"",""coordinates"":[]}"
14649_0,0.16068025,"{""type"":""MultiPoint"",""coordinates"":[]}"
14651_0,0.077646285,"{""type"":""MultiPoint"",""coordinates"":[]}"
14652_0,8.8210386E-4,"{""type"":""MultiPoint"",""coordinates"":[]}"
14653_0,0.10285099,"{""type"":""MultiPoint"",""coordinates"":[]}"
14654_0,0.09404807,"{""type"":""MultiPoint"",""coordinates"":[]}"
14657_0,0.52739704,"{""type"":""MultiPoint"",""coordinates"":[]}"
14662_0,0.0024798817,"{""type"":""MultiPoint"",""coordinates"":[]}"
14663_0,0.107677706,"{""type"":""MultiPoint"",""coordinates"":[]}"
14665_0,0.40929034,"{""type"":""MultiPoint"",""coordinates"":[]}"
14676_0,0.18877323,"{""type"":""MultiPoint"",""coordinates"":[]}"
14679_0,0.9984116,"{""type"":""MultiPoint"",""coordinates"":[]}"
14680_0,0.101116106,"{""type"":""MultiPoint"",""coordinates"":[]}"
14683_0,0.011475624,"{""type"":""MultiPoint"",""coordinates"":[]}"
14687_0,0.057327054,"{""type"":""MultiPoint"",""coordinates"":[]}"
14688_0,0.06263004,"{""type"":""MultiPoint"",""coordinates"":[]}"
14690_0,0.3562196,"{""type"":""MultiPoint"",""coordinates"":[]}"
14691_0,0.03272525,"{""type"":""MultiPoint"",""coordinates"":[]}"
14692_0,0.10952454,"{""type"":""MultiPoint"",""coordinates"":[]}"
14693_0,0.07958201,"{""type"":""MultiPoint"",""coordinates"":[]}"
14697_0,0.14462978,"{""type"":""MultiPoint"",""coordinates"":[]}"
14700_0,0.22123347,"{""type"":""MultiPoint"",""coordinates"":[]}"
14701_0,0.12982896,"{""type"":""MultiPoint"",""coordinates"":[]}"
14702_0,0.12682562,"{""type"":""MultiPoint"",""coordinates"":[]}"
14703_0,0.19936836,"{""type"":""MultiPoint"",""coordinates"":[]}"
14704_0,0.09460962,"{""type"":""MultiPoint"",""coordinates"":[]}"
14710_0,0.32464442,"{""type"":""MultiPoint"",""coordinates"":[]}"
14713_0,0.054638453,"{""type"":""MultiPoint"",""coordinates"":[]}"
14714_0,0.097796425,"{""type"":""MultiPoint"",""coordinates"":[]}"
14717_0,0.4039656,"{""type"":""MultiPoint"",""coordinates"":[]}"
14720_0,0.2623607,"{""type"":""MultiPoint"",""coordinates"":[]}"
14721_0,0.10728097,"{""type"":""MultiPoint"",""coordinates"":[]}"
14724_0,0.11451499,"{""type"":""MultiPoint"",""coordinates"":[]}"
14726_0,0.1093405,"{""type"":""MultiPoint"",""coordinates"":[]}"
14727_0,0.049482852,"{""type"":""MultiPoint"",""coordinates"":[]}"
14730_0,0.384725,"{""type"":""MultiPoint"",""coordinates"":[]}"
14733_0,0.075928405,"{""type"":""MultiPoint"",""coordinates"":[]}"
14734_0,0.1501548,"{""type"":""MultiPoint"",""coordinates"":[]}"
14737_0,0.035375528,"{""type"":""MultiPoint"",""coordinates"":[]}"
14738_0,0.0342184,"{""type"":""MultiPoint"",""coordinates"":[]}"
14740_0,0.19281252,"{""type"":""MultiPoint"",""coordinates"":[]}"
14743_0,0.23077728,"{""type"":""MultiPoint"",""coordinates"":[]}"
14747_0,0.1514283,"{""type"":""MultiPoint"",""coordinates"":[]}"
14750_0,0.45659122,"{""type"":""MultiPoint"",""coordinates"":[]}"
14753_0,0.4853309,"{""type"":""MultiPoint"",""coordinates"":[]}"
14757_0,0.26829737,"{""type"":""MultiPoint"",""coordinates"":[]}"
14758_0,0.048523284,"{""type"":""MultiPoint"",""coordinates"":[]}"
14760_0,0.23077728,"{""type"":""MultiPoint"",""coordinates"":[]}"
14765_0,0.18668684,"{""type"":""MultiPoint"",""coordinates"":[]}"
14766_0,0.32878986,"{""type"":""MultiPoint"",""coordinates"":[]}"
14767_0,0.019925795,"{""type"":""MultiPoint"",""coordinates"":[]}"
14772_0,0.9967477,"{""type"":""MultiPoint"",""coordinates"":[]}"
14773_0,0.24511856,"{""type"":""MultiPoint"",""coordinates"":[]}"
14774_0,0.105786815,"{""type"":""MultiPoint"",""coordinates"":[]}"
14775_0,0.17604549,"{""type"":""MultiPoint"",""coordinates"":[]}"
14777_0,0.060817193,"{""type"":""MultiPoint"",""coordinates"":[]}"
14778_0,0.384725,"{""type"":""MultiPoint"",""coordinates"":[]}"
14779_0,0.08016755,"{""type"":""MultiPoint"",""coordinates"":[]}"
14788_0,0.009094431,"{""type"":""MultiPoint"",""coordinates"":[]}"
14789_0,0.03883869,"{""type"":""MultiPoint"",""coordinates"":[]}"
14790_0,0.18456773,"{""type"":""MultiPoint"",""coordinates"":[]}"
14792_0,0.08851832,"{""type"":""MultiPoint"",""coordinates"":[]}"
14797_0,0.10285099,"{""type"":""MultiPoint"",""coordinates"":[]}"
14799_0,0.022384467,"{""type"":""MultiPoint"",""coordinates"":[]}"
14801_0,0.12990949,"{""type"":""MultiPoint"",""coordinates"":[]}"
14804_0,0.08955166,"{""type"":""MultiPoint"",""coordinates"":[]}"
14805_0,0.034099434,"{""type"":""MultiPoint"",""coordinates"":[]}"
14809_0,0.2422167,"{""type"":""MultiPoint"",""coordinates"":[]}"
14817_0,0.10829289,"{""type"":""MultiPoint"",""coordinates"":[]}"
14818_0,0.0922049,"{""type"":""MultiPoint"",""coordinates"":[]}"
14821_0,0.10285099,"{""type"":""MultiPoint"",""coordinates"":[]}"
14822_0,0.4651992,"{""type"":""MultiPoint"",""coordinates"":[]}"
14824_0,0.022156408,"{""type"":""MultiPoint"",""coordinates"":[]}"
14826_0,0.059212394,"{""type"":""MultiPoint"",""coordinates"":[]}"
14830_0,0.09404807,"{""type"":""MultiPoint"",""coordinates"":[]}"
14832_0,0.4976047,"{""type"":""MultiPoint"",""coordinates"":[]}"
14834_0,0.0139602395,"{""type"":""MultiPoint"",""coordinates"":[]}"
14839_0,0.0050518652,"{""type"":""MultiPoint"",""coordinates"":[]}"
14842_0,0.122394204,"{""type"":""MultiPoint"",""coordinates"":[]}"
14843_0,0.0025054368,"{""type"":""MultiPoint"",""coordinates"":[]}"
14844_0,0.11331291,"{""type"":""MultiPoint"",""coordinates"":[]}"
14845_0,0.29140612,"{""type"":""MultiPoint"",""coordinates"":[]}"
14846_0,0.3197084,"{""type"":""MultiPoint"",""coordinates"":[]}"
14849_0,0.9641022,"{""type"":""MultiPoint"",""coordinates"":[]}"
14850_0,0.09194416,"{""type"":""MultiPoint"",""coordinates"":[]}"
14851_0,0.22646506,"{""type"":""MultiPoint"",""coordinates"":[]}"
14852_0,0.22559902,"{""type"":""MultiPoint"",""coordinates"":[]}"
14859_0,0.08724317,"{""type"":""MultiPoint"",""coordinates"":[]}"
14863_0,0.31415182,"{""type"":""MultiPoint"",""coordinates"":[]}"
14865_0,0.27519646,"{""type"":""MultiPoint"",""coordinates"":[]}"
14866_0,0.10285099,"{""type"":""MultiPoint"",""coordinates"":[]}"
14869_0,0.29140612,"{""type"":""MultiPoint"",""coordinates"":[]}"
14870_0,0.23048483,"{""type"":""MultiPoint"",""coordinates"":[]}"
14872_0,0.062192984,"{""type"":""MultiPoint"",""coordinates"":[]}"
14874_0,0.059212394,"{""type"":""MultiPoint"",""coordinates"":[]}"
14876_0,0.2889387,"{""type"":""MultiPoint"",""coordinates"":[]}"
14878_0,0.09495226,"{""type"":""MultiPoint"",""coordinates"":[]}"
14880_0,0.2786403,"{""type"":""MultiPoint"",""coordinates"":[]}"
14883_0,0.062192984,"{""type"":""MultiPoint"",""coordinates"":[]}"
14886_0,0.097796425,"{""type"":""MultiPoint"",""coordinates"":[]}"
14888_0,0.30994403,"{""type"":""MultiPoint"",""coordinates"":[]}"
14890_0,0.39829385,"{""type"":""MultiPoint"",""coordinates"":[]}"
14894_0,0.13919297,"{""type"":""MultiPoint"",""coordinates"":[]}"
14895_0,0.13963479,"{""type"":""MultiPoint"",""coordinates"":[]}"
14896_0,0.075151384,"{""type"":""MultiPoint"",""coordinates"":[]}"
14897_0,0.100732476,"{""type"":""MultiPoint"",""coordinates"":[]}"
14906_0,0.19359218,"{""type"":""MultiPoint"",""coordinates"":[]}"
14907_0,0.086591914,"{""type"":""MultiPoint"",""coordinates"":[]}"
14910_0,0.12563357,"{""type"":""MultiPoint"",""coordinates"":[]}"
14912_0,0.051165476,"{""type"":""MultiPoint"",""coordinates"":[]}"
14918_0,0.010467444,"{""type"":""MultiPoint"",""coordinates"":[]}"
14922_0,0.097796425,"{""type"":""MultiPoint"",""coordinates"":[]}"
14924_0,0.18456773,"{""type"":""MultiPoint"",""coordinates"":[]}"
14926_0,0.027376931,"{""type"":""MultiPoint"",""coordinates"":[]}"
14928_0,0.14065185,"{""type"":""MultiPoint"",""coordinates"":[]}"
14932_0,0.024831124,"{""type"":""MultiPoint"",""coordinates"":[]}"
14933_0,0.014133324,"{""type"":""MultiPoint"",""coordinates"":[]}"
14941_0,0.059212394,"{""type"":""MultiPoint"",""coordinates"":[]}"
14942_0,0.1818987,"{""type"":""MultiPoint"",""coordinates"":[]}"
14943_0,0.08170499,"{""type"":""MultiPoint"",""coordinates"":[]}"
14945_0,0.075928405,"{""type"":""MultiPoint"",""coordinates"":[]}"
14946_0,0.031230854,"{""type"":""MultiPoint"",""coordinates"":[]}"
14947_0,0.02278664,"{""type"":""MultiPoint"",""coordinates"":[]}"
14949_0,0.10043903,"{""type"":""MultiPoint"",""coordinates"":[]}"
14957_0,0.03296321,"{""type"":""MultiPoint"",""coordinates"":[]}"
14958_0,0.6201404,"{""type"":""MultiPoint"",""coordinates"":[]}"
14959_0,0.28433612,"{""type"":""MultiPoint"",""coordinates"":[]}"
14960_0,0.0075709433,"{""type"":""MultiPoint"",""coordinates"":[]}"
14961_0,0.10100296,"{""type"":""MultiPoint"",""coordinates"":[]}"
14965_0,0.1715961,"{""type"":""MultiPoint"",""coordinates"":[]}"
14966_0,0.030711612,"{""type"":""MultiPoint"",""coordinates"":[]}"
14970_0,0.9826156,"{""type"":""MultiPoint"",""coordinates"":[]}"
14975_0,0.08810759,"{""type"":""MultiPoint"",""coordinates"":[]}"
14978_0,0.24566188,"{""type"":""MultiPoint"",""coordinates"":[]}"
14980_0,0.40515506,"{""type"":""MultiPoint"",""coordinates"":[]}"
14988_0,0.5509041,"{""type"":""MultiPoint"",""coordinates"":[]}"
14994_0,0.60212135,"{""type"":""MultiPoint"",""coordinates"":[]}"
14997_0,0.13922459,"{""type"":""MultiPoint"",""coordinates"":[]}"
14999_0,0.03010386,"{""type"":""MultiPoint"",""coordinates"":[]}"
15001_0,0.15916133,"{""type"":""MultiPoint"",""coordinates"":[]}"
15005_0,0.010031609,"{""type"":""MultiPoint"",""coordinates"":[]}"
15006_0,0.10829289,"{""type"":""MultiPoint"",""coordinates"":[]}"
15007_0,0.94960654,"{""type"":""MultiPoint"",""coordinates"":[]}"
15008_0,0.022473292,"{""type"":""MultiPoint"",""coordinates"":[]}"
15009_0,0.053750552,"{""type"":""MultiPoint"",""coordinates"":[]}"
15014_0,0.07199272,"{""type"":""MultiPoint"",""coordinates"":[]}"
15015_0,0.08960526,"{""type"":""MultiPoint"",""coordinates"":[]}"
15016_0,0.0867102,"{""type"":""MultiPoint"",""coordinates"":[]}"
15019_0,0.17505595,"{""type"":""MultiPoint"",""coordinates"":[]}"
15023_0,0.12123924,"{""type"":""MultiPoint"",""coordinates"":[]}"
15024_0,0.119229704,"{""type"":""MultiPoint"",""coordinates"":[]}"
15026_0,0.06798965,"{""type"":""MultiPoint"",""coordinates"":[]}"
15028_0,0.11402008,"{""type"":""MultiPoint"",""coordinates"":[]}"
15029_0,0.3875038,"{""type"":""MultiPoint"",""coordinates"":[]}"
15031_0,0.0039507416,"{""type"":""MultiPoint"",""coordinates"":[]}"
15032_0,0.03296321,"{""type"":""MultiPoint"",""coordinates"":[]}"
15036_0,0.074546695,"{""type"":""MultiPoint"",""coordinates"":[]}"
15046_0,0.946909,"{""type"":""MultiPoint"",""coordinates"":[]}"
15048_0,0.030484116,"{""type"":""MultiPoint"",""coordinates"":[]}"
15049_0,0.5364599,"{""type"":""MultiPoint"",""coordinates"":[]}"
15050_0,0.070969984,"{""type"":""MultiPoint"",""coordinates"":[]}"
15055_0,0.3862873,"{""type"":""MultiPoint"",""coordinates"":[]}"
15056_0,0.07870284,"{""type"":""MultiPoint"",""coordinates"":[]}"
15060_0,0.10631123,"{""type"":""MultiPoint"",""coordinates"":[]}"
15063_0,0.17375225,"{""type"":""MultiPoint"",""coordinates"":[]}"
15065_0,0.07669952,"{""type"":""MultiPoint"",""coordinates"":[]}"
15068_0,0.20000716,"{""type"":""MultiPoint"",""coordinates"":[]}"
15069_0,0.0787607,"{""type"":""MultiPoint"",""coordinates"":[]}"
15075_0,0.17502892,"{""type"":""MultiPoint"",""coordinates"":[]}"
15076_0,0.32464442,"{""type"":""MultiPoint"",""coordinates"":[]}"
15077_0,0.03296321,"{""type"":""MultiPoint"",""coordinates"":[]}"
15078_0,0.03296321,"{""type"":""MultiPoint"",""coordinates"":[]}"
15083_0,0.29140612,"{""type"":""MultiPoint"",""coordinates"":[]}"
15085_0,0.28268552,"{""type"":""MultiPoint"",""coordinates"":[]}"
15086_0,0.5247466,"{""type"":""MultiPoint"",""coordinates"":[]}"
15089_0,3.373692E-4,"{""type"":""MultiPoint"",""coordinates"":[]}"
15090_0,0.097796425,"{""type"":""MultiPoint"",""coordinates"":[]}"
15091_0,0.100524165,"{""type"":""MultiPoint"",""coordinates"":[]}"
15094_0,0.117967725,"{""type"":""MultiPoint"",""coordinates"":[]}"
15095_0,0.03296321,"{""type"":""MultiPoint"",""coordinates"":[]}"
15098_0,0.148182,"{""type"":""MultiPoint"",""coordinates"":[]}"
15099_0,0.10727189,"{""type"":""MultiPoint"",""coordinates"":[]}"
15100_0,0.1901721,"{""type"":""MultiPoint"",""coordinates"":[]}"
15103_0,0.022336591,"{""type"":""MultiPoint"",""coordinates"":[]}"
15106_0,0.29505783,"{""type"":""MultiPoint"",""coordinates"":[]}"
15108_0,0.17156193,"{""type"":""MultiPoint"",""coordinates"":[]}"
15109_0,0.065133035,"{""type"":""MultiPoint"",""coordinates"":[]}"
15111_0,0.066371836,"{""type"":""MultiPoint"",""coordinates"":[]}"
15112_0,0.097796425,"{""type"":""MultiPoint"",""coordinates"":[]}"
15113_0,0.28666985,"{""type"":""MultiPoint"",""coordinates"":[]}"
15115_0,0.23077728,"{""type"":""MultiPoint"",""coordinates"":[]}"
15116_0,0.0039507416,"{""type"":""MultiPoint"",""coordinates"":[]}"
15117_0,0.17902705,"{""type"":""MultiPoint"",""coordinates"":[]}"
15118_0,0.02385106,"{""type"":""MultiPoint"",""coordinates"":[]}"
15119_0,0.105786815,"{""type"":""MultiPoint"",""coordinates"":[]}"
15120_0,0.18456773,"{""type"":""MultiPoint"",""coordinates"":[]}"
15123_0,0.1330376,"{""type"":""MultiPoint"",""coordinates"":[]}"
15125_0,0.3675075,"{""type"":""MultiPoint"",""coordinates"":[]}"
15127_0,0.09558582,"{""type"":""MultiPoint"",""coordinates"":[]}"
15129_0,0.2275548,"{""type"":""MultiPoint"",""coordinates"":[]}"
15132_0,0.3875038,"{""type"":""MultiPoint"",""coordinates"":[]}"
15134_0,0.100524165,"{""type"":""MultiPoint"",""coordinates"":[]}"
15137_0,0.08960526,"{""type"":""MultiPoint"",""coordinates"":[]}"
15138_0,0.4661105,"{""type"":""MultiPoint"",""coordinates"":[]}"
15139_0,0.9901895,"{""type"":""MultiPoint"",""coordinates"":[]}"
15140_0,0.7357671,"{""type"":""MultiPoint"",""coordinates"":[]}"
15143_0,0.02112554,"{""type"":""MultiPoint"",""coordinates"":[]}"
15148_0,0.29846126,"{""type"":""MultiPoint"",""coordinates"":[]}"
15150_0,0.35924155,"{""type"":""MultiPoint"",""coordinates"":[]}"
15152_0,0.34394097,"{""type"":""MultiPoint"",""coordinates"":[]}"
15153_0,0.24177404,"{""type"":""MultiPoint"",""coordinates"":[]}"
15157_0,0.29140612,"{""type"":""MultiPoint"",""coordinates"":[]}"
15158_0,0.60453415,"{""type"":""MultiPoint"",""coordinates"":[]}"
15159_0,0.062192984,"{""type"":""MultiPoint"",""coordinates"":[]}"
15162_0,0.048496407,"{""type"":""MultiPoint"",""coordinates"":[]}"
15165_0,0.2382989,"{""type"":""MultiPoint"",""coordinates"":[]}"
15166_0,0.17712036,"{""type"":""MultiPoint"",""coordinates"":[]}"
15172_0,0.03010386,"{""type"":""MultiPoint"",""coordinates"":[]}"
15174_0,0.0070537077,"{""type"":""MultiPoint"",""coordinates"":[]}"
15175_0,0.4568602,"{""type"":""MultiPoint"",""coordinates"":[]}"
15177_0,0.23750053,"{""type"":""MultiPoint"",""coordinates"":[]}"
15178_0,0.32196933,"{""type"":""MultiPoint"",""coordinates"":[]}"
15184_0,0.29410505,"{""type"":""MultiPoint"",""coordinates"":[]}"
15185_0,0.24355017,"{""type"":""MultiPoint"",""coordinates"":[]}"
15186_0,0.43868947,"{""type"":""MultiPoint"",""coordinates"":[]}"
15187_0,0.08310655,"{""type"":""MultiPoint"",""coordinates"":[]}"
15190_0,0.1093405,"{""type"":""MultiPoint"",""coordinates"":[]}"
15193_0,0.21630241,"{""type"":""MultiPoint"",""coordinates"":[]}"
15195_0,0.5782405,"{""type"":""MultiPoint"",""coordinates"":[]}"
15196_0,0.112022206,"{""type"":""MultiPoint"",""coordinates"":[]}"
15197_0,0.25188187,"{""type"":""MultiPoint"",""coordinates"":[]}"
15200_0,0.13144216,"{""type"":""MultiPoint"",""coordinates"":[]}"
15202_0,0.010215646,"{""type"":""MultiPoint"",""coordinates"":[]}"
15205_0,0.105786815,"{""type"":""MultiPoint"",""coordinates"":[]}"
15209_0,0.070969984,"{""type"":""MultiPoint"",""coordinates"":[]}"
15212_0,0.4976047,"{""type"":""MultiPoint"",""coordinates"":[]}"
15213_0,0.22533713,"{""type"":""MultiPoint"",""coordinates"":[]}"
15214_0,0.07704077,"{""type"":""MultiPoint"",""coordinates"":[]}"
15217_0,0.10285099,"{""type"":""MultiPoint"",""coordinates"":[]}"
15220_0,0.15095238,"{""type"":""MultiPoint"",""coordinates"":[]}"
15221_0,0.18456773,"{""type"":""MultiPoint"",""coordinates"":[]}"
15223_0,0.8622629,"{""type"":""MultiPoint"",""coordinates"":[]}"
15225_0,0.04321844,"{""type"":""MultiPoint"",""coordinates"":[]}"
15227_0,0.36337736,"{""type"":""MultiPoint"",""coordinates"":[]}"
15229_0,0.105786815,"{""type"":""MultiPoint"",""coordinates"":[]}"
15230_0,0.9921104,"{""type"":""MultiPoint"",""coordinates"":[]}"
15231_0,0.041731,"{""type"":""MultiPoint"",""coordinates"":[]}"
15234_0,0.14031753,"{""type"":""MultiPoint"",""coordinates"":[]}"
15236_0,0.15259017,"{""type"":""MultiPoint"",""coordinates"":[]}"
15237_0,0.22656997,"{""type"":""MultiPoint"",""coordinates"":[]}"
15238_0,0.20533852,"{""type"":""MultiPoint"",""coordinates"":[]}"
15241_0,0.22559902,"{""type"":""MultiPoint"",""coordinates"":[]}"
15242_0,0.021491943,"{""type"":""MultiPoint"",""coordinates"":[]}"
15244_0,0.3392879,"{""type"":""MultiPoint"",""coordinates"":[]}"
15248_0,0.059212394,"{""type"":""MultiPoint"",""coordinates"":[]}"
15252_0,0.08602925,"{""type"":""MultiPoint"",""coordinates"":[]}"
15262_0,0.18456773,"{""type"":""MultiPoint"",""coordinates"":[]}"
15268_0,0.057579122,"{""type"":""MultiPoint"",""coordinates"":[]}"
15271_0,0.5568744,"{""type"":""MultiPoint"",""coordinates"":[]}"
15278_0,0.057327054,"{""type"":""MultiPoint"",""coordinates"":[]}"
15280_0,0.1093405,"{""type"":""MultiPoint"",""coordinates"":[]}"
15282_0,0.0177255,"{""type"":""MultiPoint"",""coordinates"":[]}"
15285_0,0.03794385,"{""type"":""MultiPoint"",""coordinates"":[]}"
15294_0,0.20104857,"{""type"":""MultiPoint"",""coordinates"":[]}"
15296_0,0.10285099,"{""type"":""MultiPoint"",""coordinates"":[]}"
15298_0,0.0840371,"{""type"":""MultiPoint"",""coordinates"":[]}"
15302_0,0.09194416,"{""type"":""MultiPoint"",""coordinates"":[]}"
15307_0,0.105786815,"{""type"":""MultiPoint"",""coordinates"":[]}"
15308_0,0.7467274,"{""type"":""MultiPoint"",""coordinates"":[]}"
15309_0,0.26337105,"{""type"":""MultiPoint"",""coordinates"":[]}"
15314_0,0.10284163,"{""type"":""MultiPoint"",""coordinates"":[]}"
15317_0,0.060817193,"{""type"":""MultiPoint"",""coordinates"":[]}"
15325_0,0.36921608,"{""type"":""MultiPoint"",""coordinates"":[]}"
15329_0,0.010144247,"{""type"":""MultiPoint"",""coordinates"":[]}"
15330_0,0.03296321,"{""type"":""MultiPoint"",""coordinates"":[]}"
15338_0,0.3675075,"{""type"":""MultiPoint"",""coordinates"":[]}"
15340_0,0.29953003,"{""type"":""MultiPoint"",""coordinates"":[]}"
15341_0,0.0959975,"{""type"":""MultiPoint"",""coordinates"":[]}"
15342_0,0.012304431,"{""type"":""MultiPoint"",""coordinates"":[]}"
15344_0,0.05194634,"{""type"":""MultiPoint"",""coordinates"":[]}"
15345_0,0.03387099,"{""type"":""MultiPoint"",""coordinates"":[]}"
15352_0,0.3875038,"{""type"":""MultiPoint"",""coordinates"":[]}"
15355_0,0.012319074,"{""type"":""MultiPoint"",""coordinates"":[]}"
15357_0,0.05383953,"{""type"":""MultiPoint"",""coordinates"":[]}"
15358_0,0.03296321,"{""type"":""MultiPoint"",""coordinates"":[]}"
15365_0,0.336305,"{""type"":""MultiPoint"",""coordinates"":[]}"
15369_0,0.062192984,"{""type"":""MultiPoint"",""coordinates"":[]}"
15374_0,0.03296321,"{""type"":""MultiPoint"",""coordinates"":[]}"
15375_0,0.12807706,"{""type"":""MultiPoint"",""coordinates"":[]}"
15376_0,0.09609899,"{""type"":""MultiPoint"",""coordinates"":[]}"
15377_0,0.08585406,"{""type"":""MultiPoint"",""coordinates"":[]}"
15379_0,0.14729375,"{""type"":""MultiPoint"",""coordinates"":[]}"
15380_0,0.2117889,"{""type"":""MultiPoint"",""coordinates"":[]}"
15382_0,0.6918202,"{""type"":""MultiPoint"",""coordinates"":[]}"
15384_0,0.021119766,"{""type"":""MultiPoint"",""coordinates"":[]}"
15385_0,0.14729375,"{""type"":""MultiPoint"",""coordinates"":[]}"
15390_0,0.9982206,"{""type"":""MultiPoint"",""coordinates"":[]}"
15396_0,0.075928405,"{""type"":""MultiPoint"",""coordinates"":[]}"
15397_0,0.044460654,"{""type"":""MultiPoint"",""coordinates"":[]}"
15402_0,0.029517625,"{""type"":""MultiPoint"",""coordinates"":[]}"
15403_0,0.9840045,"{""type"":""MultiPoint"",""coordinates"":[]}"
15407_0,0.09661376,"{""type"":""MultiPoint"",""coordinates"":[]}"
15408_0,0.019780228,"{""type"":""MultiPoint"",""coordinates"":[]}"
15411_0,0.49929675,"{""type"":""MultiPoint"",""coordinates"":[]}"
15412_0,0.06714762,"{""type"":""MultiPoint"",""coordinates"":[]}"
15413_0,0.34347838,"{""type"":""MultiPoint"",""coordinates"":[]}"
15415_0,0.08179126,"{""type"":""MultiPoint"",""coordinates"":[]}"
15416_0,0.019118797,"{""type"":""MultiPoint"",""coordinates"":[]}"
15420_0,0.07364588,"{""type"":""MultiPoint"",""coordinates"":[]}"
15421_0,0.22749142,"{""type"":""MultiPoint"",""coordinates"":[]}"
15423_0,0.08321394,"{""type"":""MultiPoint"",""coordinates"":[]}"
15427_0,0.12921064,"{""type"":""MultiPoint"",""coordinates"":[]}"
15428_0,0.02791087,"{""type"":""MultiPoint"",""coordinates"":[]}"
15429_0,0.0039507416,"{""type"":""MultiPoint"",""coordinates"":[]}"
15430_0,0.024329606,"{""type"":""MultiPoint"",""coordinates"":[]}"
15431_0,0.24355017,"{""type"":""MultiPoint"",""coordinates"":[]}"
15433_0,0.29140612,"{""type"":""MultiPoint"",""coordinates"":[]}"
15436_0,0.1778677,"{""type"":""MultiPoint"",""coordinates"":[]}"
15437_0,0.2205922,"{""type"":""MultiPoint"",""coordinates"":[]}"
15439_0,0.10285099,"{""type"":""MultiPoint"",""coordinates"":[]}"
15442_0,0.12343565,"{""type"":""MultiPoint"",""coordinates"":[]}"
15446_0,0.031900473,"{""type"":""MultiPoint"",""coordinates"":[]}"
15448_0,0.10284163,"{""type"":""MultiPoint"",""coordinates"":[]}"
15451_0,0.10998748,"{""type"":""MultiPoint"",""coordinates"":[]}"
15454_0,0.08170499,"{""type"":""MultiPoint"",""coordinates"":[]}"
15457_0,0.028932964,"{""type"":""MultiPoint"",""coordinates"":[]}"
15459_0,0.7709468,"{""type"":""MultiPoint"",""coordinates"":[]}"
15461_0,0.14233676,"{""type"":""MultiPoint"",""coordinates"":[]}"
15462_0,0.10396827,"{""type"":""MultiPoint"",""coordinates"":[]}"
15463_0,0.09334352,"{""type"":""MultiPoint"",""coordinates"":[]}"
15464_0,0.3544604,"{""type"":""MultiPoint"",""coordinates"":[]}"
15466_0,0.08960526,"{""type"":""MultiPoint"",""coordinates"":[]}"
15467_0,0.065182745,"{""type"":""MultiPoint"",""coordinates"":[]}"
15468_0,0.022156408,"{""type"":""MultiPoint"",""coordinates"":[]}"
15469_0,0.29410505,"{""type"":""MultiPoint"",""coordinates"":[]}"
15470_0,0.18877323,"{""type"":""MultiPoint"",""coordinates"":[]}"
15471_0,0.097796425,"{""type"":""MultiPoint"",""coordinates"":[]}"
15473_0,0.028439859,"{""type"":""MultiPoint"",""coordinates"":[]}"
15474_0,0.17230389,"{""type"":""MultiPoint"",""coordinates"":[]}"
15477_0,0.3875038,"{""type"":""MultiPoint"",""coordinates"":[]}"
15479_0,0.29140612,"{""type"":""MultiPoint"",""coordinates"":[]}"
15483_0,0.3392879,"{""type"":""MultiPoint"",""coordinates"":[]}"
15484_0,0.24566188,"{""type"":""MultiPoint"",""coordinates"":[]}"
15485_0,0.0867102,"{""type"":""MultiPoint"",""coordinates"":[]}"
15486_0,0.32746395,"{""type"":""MultiPoint"",""coordinates"":[]}"
15487_0,0.14032865,"{""type"":""MultiPoint"",""coordinates"":[]}"
15489_0,0.47595653,"{""type"":""MultiPoint"",""coordinates"":[]}"
15495_0,0.07699686,"{""type"":""MultiPoint"",""coordinates"":[]}"
15502_0,0.08179126,"{""type"":""MultiPoint"",""coordinates"":[]}"
15504_0,0.18456773,"{""type"":""MultiPoint"",""coordinates"":[]}"
15506_0,0.070046775,"{""type"":""MultiPoint"",""coordinates"":[]}"
15507_0,0.03296321,"{""type"":""MultiPoint"",""coordinates"":[]}"
15509_0,0.18496272,"{""type"":""MultiPoint"",""coordinates"":[]}"
15510_0,0.075928405,"{""type"":""MultiPoint"",""coordinates"":[]}"
15514_0,0.03387099,"{""type"":""MultiPoint"",""coordinates"":[]}"
15522_0,0.30083594,"{""type"":""MultiPoint"",""coordinates"":[]}"
15523_0,0.23345903,"{""type"":""MultiPoint"",""coordinates"":[]}"
15527_0,0.10033204,"{""type"":""MultiPoint"",""coordinates"":[]}"
15528_0,0.016420783,"{""type"":""MultiPoint"",""coordinates"":[]}"
15531_0,0.08146022,"{""type"":""MultiPoint"",""coordinates"":[]}"
15534_0,0.9969554,"{""type"":""MultiPoint"",""coordinates"":[]}"
15539_0,0.18877323,"{""type"":""MultiPoint"",""coordinates"":[]}"
15540_0,0.42129546,"{""type"":""MultiPoint"",""coordinates"":[]}"
15547_0,0.17230389,"{""type"":""MultiPoint"",""coordinates"":[]}"
15555_0,0.10285099,"{""type"":""MultiPoint"",""coordinates"":[]}"
15556_0,0.44791245,"{""type"":""MultiPoint"",""coordinates"":[]}"
15558_0,0.1093405,"{""type"":""MultiPoint"",""coordinates"":[]}"
15559_0,0.11975249,"{""type"":""MultiPoint"",""coordinates"":[]}"
15561_0,0.36921608,"{""type"":""MultiPoint"",""coordinates"":[]}"
15563_0,0.11382693,"{""type"":""MultiPoint"",""coordinates"":[]}"
15565_0,0.100524165,"{""type"":""MultiPoint"",""coordinates"":[]}"
15569_0,0.091185756,"{""type"":""MultiPoint"",""coordinates"":[]}"
15570_0,0.36119714,"{""type"":""MultiPoint"",""coordinates"":[]}"
15571_0,0.08920848,"{""type"":""MultiPoint"",""coordinates"":[]}"
15572_0,0.10952454,"{""type"":""MultiPoint"",""coordinates"":[]}"
15574_0,0.14349818,"{""type"":""MultiPoint"",""coordinates"":[]}"
15578_0,0.05285938,"{""type"":""MultiPoint"",""coordinates"":[]}"
15579_0,0.14031753,"{""type"":""MultiPoint"",""coordinates"":[]}"
15581_0,0.2382989,"{""type"":""MultiPoint"",""coordinates"":[]}"
15582_0,0.5464797,"{""type"":""MultiPoint"",""coordinates"":[]}"
15583_0,0.38057765,"{""type"":""MultiPoint"",""coordinates"":[]}"
15587_0,0.060420234,"{""type"":""MultiPoint"",""coordinates"":[]}"
15590_0,0.09524611,"{""type"":""MultiPoint"",""coordinates"":[]}"
15591_0,0.367877,"{""type"":""MultiPoint"",""coordinates"":[]}"
15592_0,0.025885284,"{""type"":""MultiPoint"",""coordinates"":[]}"
15593_0,0.97183,"{""type"":""MultiPoint"",""coordinates"":[]}"
15594_0,0.1110861,"{""type"":""MultiPoint"",""coordinates"":[]}"
15595_0,0.062192984,"{""type"":""MultiPoint"",""coordinates"":[]}"
15596_0,0.062192984,"{""type"":""MultiPoint"",""coordinates"":[]}"
15597_0,0.10075187,"{""type"":""MultiPoint"",""coordinates"":[]}"
15601_0,0.013640786,"{""type"":""MultiPoint"",""coordinates"":[]}"
15603_0,0.07969792,"{""type"":""MultiPoint"",""coordinates"":[]}"
15604_0,0.22468707,"{""type"":""MultiPoint"",""coordinates"":[]}"
15611_0,0.3675075,"{""type"":""MultiPoint"",""coordinates"":[]}"
15612_0,0.96000856,"{""type"":""MultiPoint"",""coordinates"":[]}"
15614_0,0.107677706,"{""type"":""MultiPoint"",""coordinates"":[]}"
15624_0,0.11743991,"{""type"":""MultiPoint"",""coordinates"":[]}"
15628_0,0.075081296,"{""type"":""MultiPoint"",""coordinates"":[]}"
15630_0,0.0177255,"{""type"":""MultiPoint"",""coordinates"":[]}"
15631_0,0.29140612,"{""type"":""MultiPoint"",""coordinates"":[]}"
15633_0,0.105786815,"{""type"":""MultiPoint"",""coordinates"":[]}"
15634_0,0.46926767,"{""type"":""MultiPoint"",""coordinates"":[]}"
15640_0,0.25188187,"{""type"":""MultiPoint"",""coordinates"":[]}"
15641_0,0.9746112,"{""type"":""MultiPoint"",""coordinates"":[]}"
15642_0,0.10285099,"{""type"":""MultiPoint"",""coordinates"":[]}"
15645_0,0.10285099,"{""type"":""MultiPoint"",""coordinates"":[]}"
15647_0,0.29140612,"{""type"":""MultiPoint"",""coordinates"":[]}"
15651_0,3.5330423E-4,"{""type"":""MultiPoint"",""coordinates"":[]}"
15656_0,0.32196933,"{""type"":""MultiPoint"",""coordinates"":[]}"
15657_0,0.082722835,"{""type"":""MultiPoint"",""coordinates"":[]}"
15659_0,0.7357671,"{""type"":""MultiPoint"",""coordinates"":[]}"
15660_0,0.0039507416,"{""type"":""MultiPoint"",""coordinates"":[]}"
15665_0,0.06083216,"{""type"":""MultiPoint"",""coordinates"":[]}"
15667_0,0.55062723,"{""type"":""MultiPoint"",""coordinates"":[]}"
15671_0,0.17270221,"{""type"":""MultiPoint"",""coordinates"":[]}"
15674_0,0.69131577,"{""type"":""MultiPoint"",""coordinates"":[]}"
15675_0,0.2078962,"{""type"":""MultiPoint"",""coordinates"":[]}"
15681_0,0.11579308,"{""type"":""MultiPoint"",""coordinates"":[]}"
15682_0,0.946909,"{""type"":""MultiPoint"",""coordinates"":[]}"
15684_0,0.13659714,"{""type"":""MultiPoint"",""coordinates"":[]}"
15685_0,0.7203846,"{""type"":""MultiPoint"",""coordinates"":[]}"
15686_0,0.45685595,"{""type"":""MultiPoint"",""coordinates"":[]}"
15688_0,0.041731,"{""type"":""MultiPoint"",""coordinates"":[]}"
15689_0,0.25435132,"{""type"":""MultiPoint"",""coordinates"":[]}"
15693_0,0.10285099,"{""type"":""MultiPoint"",""coordinates"":[]}"
15696_0,0.18456773,"{""type"":""MultiPoint"",""coordinates"":[]}"
15699_0,0.0053901384,"{""type"":""MultiPoint"",""coordinates"":[]}"
15706_0,0.09257178,"{""type"":""MultiPoint"",""coordinates"":[]}"
15707_0,0.16306107,"{""type"":""MultiPoint"",""coordinates"":[]}"
15710_0,0.03599263,"{""type"":""MultiPoint"",""coordinates"":[]}"
15711_0,0.50568044,"{""type"":""MultiPoint"",""coordinates"":[]}"
15717_0,0.12563357,"{""type"":""MultiPoint"",""coordinates"":[]}"
15719_0,0.9965921,"{""type"":""MultiPoint"",""coordinates"":[]}"
15720_0,0.07344521,"{""type"":""MultiPoint"",""coordinates"":[]}"
15728_0,0.6160909,"{""type"":""MultiPoint"",""coordinates"":[]}"
15733_0,0.44791245,"{""type"":""MultiPoint"",""coordinates"":[]}"
15737_0,0.16548254,"{""type"":""MultiPoint"",""coordinates"":[]}"
15740_0,0.07737491,"{""type"":""MultiPoint"",""coordinates"":[]}"
15741_0,0.20611389,"{""type"":""MultiPoint"",""coordinates"":[]}"
15742_0,0.25650725,"{""type"":""MultiPoint"",""coordinates"":[]}"
15743_0,0.25453624,"{""type"":""MultiPoint"",""coordinates"":[]}"
15746_0,0.14729375,"{""type"":""MultiPoint"",""coordinates"":[]}"
15748_0,0.06882085,"{""type"":""MultiPoint"",""coordinates"":[]}"
15750_0,0.18341164,"{""type"":""MultiPoint"",""coordinates"":[]}"
15754_0,0.18456773,"{""type"":""MultiPoint"",""coordinates"":[]}"
15756_0,0.07113976,"{""type"":""MultiPoint"",""coordinates"":[]}"
15759_0,0.25188187,"{""type"":""MultiPoint"",""coordinates"":[]}"
15760_0,0.2382989,"{""type"":""MultiPoint"",""coordinates"":[]}"
15761_0,0.088706054,"{""type"":""MultiPoint"",""coordinates"":[]}"
15763_0,0.56562084,"{""type"":""MultiPoint"",""coordinates"":[]}"
15772_0,0.33215734,"{""type"":""MultiPoint"",""coordinates"":[]}"
15773_0,0.73381513,"{""type"":""MultiPoint"",""coordinates"":[]}"
15776_0,0.0767264,"{""type"":""MultiPoint"",""coordinates"":[]}"
15778_0,8.429106E-4,"{""type"":""MultiPoint"",""coordinates"":[]}"
15779_0,0.099124804,"{""type"":""MultiPoint"",""coordinates"":[]}"
15781_0,0.0295578,"{""type"":""MultiPoint"",""coordinates"":[]}"
15783_0,0.9774331,"{""type"":""MultiPoint"",""coordinates"":[]}"
15786_0,0.025640285,"{""type"":""MultiPoint"",""coordinates"":[]}"
15788_0,0.25047827,"{""type"":""MultiPoint"",""coordinates"":[]}"
15791_0,0.022349652,"{""type"":""MultiPoint"",""coordinates"":[]}"
15794_0,0.23719546,"{""type"":""MultiPoint"",""coordinates"":[]}"
15795_0,0.94960654,"{""type"":""MultiPoint"",""coordinates"":[]}"
15796_0,0.08704089,"{""type"":""MultiPoint"",""coordinates"":[]}"
15798_0,0.37909022,"{""type"":""MultiPoint"",""coordinates"":[]}"
15799_0,0.03010386,"{""type"":""MultiPoint"",""coordinates"":[]}"
15801_0,0.18456773,"{""type"":""MultiPoint"",""coordinates"":[]}"
15802_0,0.2509121,"{""type"":""MultiPoint"",""coordinates"":[]}"
15810_0,0.12263602,"{""type"":""MultiPoint"",""coordinates"":[]}"
15811_0,0.23774558,"{""type"":""MultiPoint"",""coordinates"":[]}"
15813_0,0.08200271,"{""type"":""MultiPoint"",""coordinates"":[]}"
15815_0,0.05123954,"{""type"":""MultiPoint"",""coordinates"":[]}"
15817_0,0.08737878,"{""type"":""MultiPoint"",""coordinates"":[]}"
15818_0,0.18370125,"{""type"":""MultiPoint"",""coordinates"":[]}"
15821_0,0.19231935,"{""type"":""MultiPoint"",""coordinates"":[]}"
15822_0,0.19038309,"{""type"":""MultiPoint"",""coordinates"":[]}"
15823_0,0.11975249,"{""type"":""MultiPoint"",""coordinates"":[]}"
15827_0,0.057327054,"{""type"":""MultiPoint"",""coordinates"":[]}"
15829_0,0.0843257,"{""type"":""MultiPoint"",""coordinates"":[]}"
15832_0,0.19797829,"{""type"":""MultiPoint"",""coordinates"":[]}"
15833_0,0.21077126,"{""type"":""MultiPoint"",""coordinates"":[]}"
15840_0,0.026538815,"{""type"":""MultiPoint"",""coordinates"":[]}"
15841_0,0.3098308,"{""type"":""MultiPoint"",""coordinates"":[]}"
15846_0,0.14594951,"{""type"":""MultiPoint"",""coordinates"":[]}"
15847_0,0.3392879,"{""type"":""MultiPoint"",""coordinates"":[]}"
15848_0,0.019965336,"{""type"":""MultiPoint"",""coordinates"":[]}"
15850_0,0.06714762,"{""type"":""MultiPoint"",""coordinates"":[]}"
15859_0,0.34658757,"{""type"":""MultiPoint"",""coordinates"":[]}"
15860_0,0.17502892,"{""type"":""MultiPoint"",""coordinates"":[]}"
15861_0,0.13919297,"{""type"":""MultiPoint"",""coordinates"":[]}"
15862_0,0.04254737,"{""type"":""MultiPoint"",""coordinates"":[]}"
15870_0,0.059212394,"{""type"":""MultiPoint"",""coordinates"":[]}"
15872_0,0.11975249,"{""type"":""MultiPoint"",""coordinates"":[]}"
15874_0,0.063124426,"{""type"":""MultiPoint"",""coordinates"":[]}"
15876_0,0.19359218,"{""type"":""MultiPoint"",""coordinates"":[]}"
15877_0,0.48759544,"{""type"":""MultiPoint"",""coordinates"":[]}"
15879_0,0.06890258,"{""type"":""MultiPoint"",""coordinates"":[]}"
15881_0,0.10285099,"{""type"":""MultiPoint"",""coordinates"":[]}"
15883_0,0.05892828,"{""type"":""MultiPoint"",""coordinates"":[]}"
15884_0,0.12715232,"{""type"":""MultiPoint"",""coordinates"":[]}"
15886_0,0.29140612,"{""type"":""MultiPoint"",""coordinates"":[]}"
15888_0,0.06765379,"{""type"":""MultiPoint"",""coordinates"":[]}"
15890_0,0.105786815,"{""type"":""MultiPoint"",""coordinates"":[]}"
15891_0,0.010467444,"{""type"":""MultiPoint"",""coordinates"":[]}"
15893_0,0.079990454,"{""type"":""MultiPoint"",""coordinates"":[]}"
15901_0,0.9722918,"{""type"":""MultiPoint"",""coordinates"":[]}"
15902_0,0.010144247,"{""type"":""MultiPoint"",""coordinates"":[]}"
15904_0,0.021263884,"{""type"":""MultiPoint"",""coordinates"":[]}"
15905_0,0.061732315,"{""type"":""MultiPoint"",""coordinates"":[]}"
15906_0,0.4915333,"{""type"":""MultiPoint"",""coordinates"":[]}"
15907_0,0.18456773,"{""type"":""MultiPoint"",""coordinates"":[]}"
15908_0,0.47382164,"{""type"":""MultiPoint"",""coordinates"":[]}"
15910_0,0.1824619,"{""type"":""MultiPoint"",""coordinates"":[]}"
15911_0,0.2382989,"{""type"":""MultiPoint"",""coordinates"":[]}"
15912_0,0.3734241,"{""type"":""MultiPoint"",""coordinates"":[]}"
15913_0,0.7736855,"{""type"":""MultiPoint"",""coordinates"":[]}"
15914_0,0.105786815,"{""type"":""MultiPoint"",""coordinates"":[]}"
15920_0,0.10059872,"{""type"":""MultiPoint"",""coordinates"":[]}"
15922_0,0.35081464,"{""type"":""MultiPoint"",""coordinates"":[]}"
15924_0,0.14301676,"{""type"":""MultiPoint"",""coordinates"":[]}"
15926_0,0.28004304,"{""type"":""MultiPoint"",""coordinates"":[]}"
15928_0,0.20901357,"{""type"":""MultiPoint"",""coordinates"":[]}"
15930_0,0.18998411,"{""type"":""MultiPoint"",""coordinates"":[]}"
15931_0,0.090327226,"{""type"":""MultiPoint"",""coordinates"":[]}"
15933_0,0.053729355,"{""type"":""MultiPoint"",""coordinates"":[]}"
15938_0,0.012154763,"{""type"":""MultiPoint"",""coordinates"":[]}"
15939_0,0.3383662,"{""type"":""MultiPoint"",""coordinates"":[]}"
15941_0,0.29140612,"{""type"":""MultiPoint"",""coordinates"":[]}"
15942_0,0.3392879,"{""type"":""MultiPoint"",""coordinates"":[]}"
15943_0,0.2382989,"{""type"":""MultiPoint"",""coordinates"":[]}"
15944_0,0.07633585,"{""type"":""MultiPoint"",""coordinates"":[]}"
15945_0,0.060817193,"{""type"":""MultiPoint"",""coordinates"":[]}"
15946_0,0.07642482,"{""type"":""MultiPoint"",""coordinates"":[]}"
15949_0,0.14065185,"{""type"":""MultiPoint"",""coordinates"":[]}"
15952_0,0.020662623,"{""type"":""MultiPoint"",""coordinates"":[]}"
15959_0,0.6946753,"{""type"":""MultiPoint"",""coordinates"":[]}"
15963_0,0.02743451,"{""type"":""MultiPoint"",""coordinates"":[]}"
15964_0,0.0015125006,"{""type"":""MultiPoint"",""coordinates"":[]}"
15966_0,0.0024798817,"{""type"":""MultiPoint"",""coordinates"":[]}"
15969_0,0.37606007,"{""type"":""MultiPoint"",""coordinates"":[]}"
15970_0,0.023014698,"{""type"":""MultiPoint"",""coordinates"":[]}"
15977_0,0.51852524,"{""type"":""MultiPoint"",""coordinates"":[]}"
15978_0,0.021119766,"{""type"":""MultiPoint"",""coordinates"":[]}"
15982_0,0.017389607,"{""type"":""MultiPoint"",""coordinates"":[]}"
15983_0,0.12715232,"{""type"":""MultiPoint"",""coordinates"":[]}"
15984_0,0.01892963,"{""type"":""MultiPoint"",""coordinates"":[]}"
15986_0,0.18456773,"{""type"":""MultiPoint"",""coordinates"":[]}"
15990_0,0.17502892,"{""type"":""MultiPoint"",""coordinates"":[]}"
15993_0,0.31606376,"{""type"":""MultiPoint"",""coordinates"":[]}"
15996_0,0.10285099,"{""type"":""MultiPoint"",""coordinates"":[]}"
15997_0,0.3413083,"{""type"":""MultiPoint"",""coordinates"":[]}"
16000_0,0.035828542,"{""type"":""MultiPoint"",""coordinates"":[]}"
16002_0,0.5027908,"{""type"":""MultiPoint"",""coordinates"":[]}"
16006_0,0.9984116,"{""type"":""MultiPoint"",""coordinates"":[]}"
16007_0,0.031827055,"{""type"":""MultiPoint"",""coordinates"":[]}"
16008_0,0.19883795,"{""type"":""MultiPoint"",""coordinates"":[]}"
16009_0,0.3529046,"{""type"":""MultiPoint"",""coordinates"":[]}"
16010_0,0.0024157963,"{""type"":""MultiPoint"",""coordinates"":[]}"
16011_0,0.19641781,"{""type"":""MultiPoint"",""coordinates"":[]}"
16017_0,0.15928878,"{""type"":""MultiPoint"",""coordinates"":[]}"
16018_0,0.048757307,"{""type"":""MultiPoint"",""coordinates"":[]}"
16019_0,0.39266932,"{""type"":""MultiPoint"",""coordinates"":[]}"
16020_0,0.45266742,"{""type"":""MultiPoint"",""coordinates"":[]}"
16023_0,0.021088053,"{""type"":""MultiPoint"",""coordinates"":[]}"
16024_0,0.097796425,"{""type"":""MultiPoint"",""coordinates"":[]}"
16026_0,0.017836066,"{""type"":""MultiPoint"",""coordinates"":[]}"
16028_0,0.14462978,"{""type"":""MultiPoint"",""coordinates"":[]}"
16029_0,0.15520328,"{""type"":""MultiPoint"",""coordinates"":[]}"
16030_0,0.62859094,"{""type"":""MultiPoint"",""coordinates"":[]}"
16031_0,0.21177137,"{""type"":""MultiPoint"",""coordinates"":[]}"
16033_0,0.043471206,"{""type"":""MultiPoint"",""coordinates"":[]}"
16034_0,0.23077728,"{""type"":""MultiPoint"",""coordinates"":[]}"
16040_0,0.98292536,"{""type"":""MultiPoint"",""coordinates"":[]}"
16042_0,0.10285099,"{""type"":""MultiPoint"",""coordinates"":[]}"
16046_0,0.12384092,"{""type"":""MultiPoint"",""coordinates"":[]}"
16047_0,0.37729144,"{""type"":""MultiPoint"",""coordinates"":[]}"
16048_0,0.12682562,"{""type"":""MultiPoint"",""coordinates"":[]}"
16049_0,0.94960654,"{""type"":""MultiPoint"",""coordinates"":[]}"
16052_0,0.020985296,"{""type"":""MultiPoint"",""coordinates"":[]}"
16054_0,0.099711925,"{""type"":""MultiPoint"",""coordinates"":[]}"
16058_0,0.2509121,"{""type"":""MultiPoint"",""coordinates"":[]}"
16060_0,0.07497728,"{""type"":""MultiPoint"",""coordinates"":[]}"
16064_0,0.5464797,"{""type"":""MultiPoint"",""coordinates"":[]}"
16065_0,0.9449744,"{""type"":""MultiPoint"",""coordinates"":[]}"
16066_0,0.08160356,"{""type"":""MultiPoint"",""coordinates"":[]}"
16067_0,0.04386626,"{""type"":""MultiPoint"",""coordinates"":[]}"
16068_0,0.0959975,"{""type"":""MultiPoint"",""coordinates"":[]}"
16072_0,0.18877323,"{""type"":""MultiPoint"",""coordinates"":[]}"
16075_0,0.043443125,"{""type"":""MultiPoint"",""coordinates"":[]}"
16081_0,0.12646525,"{""type"":""MultiPoint"",""coordinates"":[]}"
16084_0,0.041731,"{""type"":""MultiPoint"",""coordinates"":[]}"
16086_0,0.19836001,"{""type"":""MultiPoint"",""coordinates"":[]}"
16088_0,0.17007737,"{""type"":""MultiPoint"",""coordinates"":[]}"
16095_0,0.25047827,"{""type"":""MultiPoint"",""coordinates"":[]}"
16100_0,0.08960526,"{""type"":""MultiPoint"",""coordinates"":[]}"
16101_0,0.075928405,"{""type"":""MultiPoint"",""coordinates"":[]}"
16103_0,0.08250383,"{""type"":""MultiPoint"",""coordinates"":[]}"
16105_0,0.04974996,"{""type"":""MultiPoint"",""coordinates"":[]}"
16106_0,0.083410814,"{""type"":""MultiPoint"",""coordinates"":[]}"
16113_0,0.25047827,"{""type"":""MultiPoint"",""coordinates"":[]}"
16114_0,0.3149819,"{""type"":""MultiPoint"",""coordinates"":[]}"
16115_0,0.24883893,"{""type"":""MultiPoint"",""coordinates"":[]}"
16117_0,0.18140131,"{""type"":""MultiPoint"",""coordinates"":[]}"
16120_0,0.2806642,"{""type"":""MultiPoint"",""coordinates"":[]}"
16121_0,0.037192237,"{""type"":""MultiPoint"",""coordinates"":[]}"
16124_0,0.1093405,"{""type"":""MultiPoint"",""coordinates"":[]}"
16126_0,0.14462978,"{""type"":""MultiPoint"",""coordinates"":[]}"
16127_0,0.99834627,"{""type"":""MultiPoint"",""coordinates"":[]}"
16129_0,0.29140612,"{""type"":""MultiPoint"",""coordinates"":[]}"
16132_0,0.1093405,"{""type"":""MultiPoint"",""coordinates"":[]}"
16133_0,0.088706054,"{""type"":""MultiPoint"",""coordinates"":[]}"
16134_0,0.24355017,"{""type"":""MultiPoint"",""coordinates"":[]}"
16135_0,0.10285099,"{""type"":""MultiPoint"",""coordinates"":[]}"
16136_0,0.10059872,"{""type"":""MultiPoint"",""coordinates"":[]}"
16137_0,0.35924155,"{""type"":""MultiPoint"",""coordinates"":[]}"
16143_0,0.1603694,"{""type"":""MultiPoint"",""coordinates"":[]}"
16148_0,0.028740555,"{""type"":""MultiPoint"",""coordinates"":[]}"
16149_0,0.94960654,"{""type"":""MultiPoint"",""coordinates"":[]}"
16151_0,0.18339881,"{""type"":""MultiPoint"",""coordinates"":[]}"
16158_0,0.23123239,"{""type"":""MultiPoint"",""coordinates"":[]}"
16159_0,0.075928405,"{""type"":""MultiPoint"",""coordinates"":[]}"
16161_0,0.12110035,"{""type"":""MultiPoint"",""coordinates"":[]}"
16163_0,0.10285099,"{""type"":""MultiPoint"",""coordinates"":[]}"
16164_0,0.08960526,"{""type"":""MultiPoint"",""coordinates"":[]}"
16167_0,0.14462978,"{""type"":""MultiPoint"",""coordinates"":[]}"
16168_0,0.13534379,"{""type"":""MultiPoint"",""coordinates"":[]}"
16171_0,0.9984116,"{""type"":""MultiPoint"",""coordinates"":[]}"
16172_0,0.44020504,"{""type"":""MultiPoint"",""coordinates"":[]}"
16177_0,0.084285885,"{""type"":""MultiPoint"",""coordinates"":[]}"
16180_0,0.09046068,"{""type"":""MultiPoint"",""coordinates"":[]}"
16181_0,0.12489861,"{""type"":""MultiPoint"",""coordinates"":[]}"
16182_0,0.08179126,"{""type"":""MultiPoint"",""coordinates"":[]}"
16183_0,0.06478382,"{""type"":""MultiPoint"",""coordinates"":[]}"
16184_0,0.17636842,"{""type"":""MultiPoint"",""coordinates"":[]}"
16186_0,0.29140612,"{""type"":""MultiPoint"",""coordinates"":[]}"
16190_0,0.082051955,"{""type"":""MultiPoint"",""coordinates"":[]}"
16191_0,0.10285099,"{""type"":""MultiPoint"",""coordinates"":[]}"
16195_0,0.7389974,"{""type"":""MultiPoint"",""coordinates"":[]}"
16196_0,0.47595653,"{""type"":""MultiPoint"",""coordinates"":[]}"
16199_0,0.027464041,"{""type"":""MultiPoint"",""coordinates"":[]}"
16201_0,0.11924733,"{""type"":""MultiPoint"",""coordinates"":[]}"
16202_0,0.2675212,"{""type"":""MultiPoint"",""coordinates"":[]}"
16206_0,0.29140612,"{""type"":""MultiPoint"",""coordinates"":[]}"
16207_0,0.14462978,"{""type"":""MultiPoint"",""coordinates"":[]}"
16209_0,0.11712392,"{""type"":""MultiPoint"",""coordinates"":[]}"
16210_0,0.097796425,"{""type"":""MultiPoint"",""coordinates"":[]}"
16212_0,0.50568044,"{""type"":""MultiPoint"",""coordinates"":[]}"
16213_0,0.063124426,"{""type"":""MultiPoint"",""coordinates"":[]}"
16214_0,0.95709825,"{""type"":""MultiPoint"",""coordinates"":[]}"
16216_0,0.31991836,"{""type"":""MultiPoint"",""coordinates"":[]}"
16217_0,0.03387099,"{""type"":""MultiPoint"",""coordinates"":[]}"
16218_0,0.041731,"{""type"":""MultiPoint"",""coordinates"":[]}"
16220_0,0.0039507416,"{""type"":""MultiPoint"",""coordinates"":[]}"
16221_0,0.7357671,"{""type"":""MultiPoint"",""coordinates"":[]}"
16229_0,0.12563357,"{""type"":""MultiPoint"",""coordinates"":[]}"
16231_0,0.54974174,"{""type"":""MultiPoint"",""coordinates"":[]}"
16232_0,0.3023574,"{""type"":""MultiPoint"",""coordinates"":[]}"
16234_0,0.097796425,"{""type"":""MultiPoint"",""coordinates"":[]}"
16235_0,0.07669952,"{""type"":""MultiPoint"",""coordinates"":[]}"
16238_0,0.7309691,"{""type"":""MultiPoint"",""coordinates"":[]}"
16240_0,0.035113607,"{""type"":""MultiPoint"",""coordinates"":[]}"
16242_0,0.187543,"{""type"":""MultiPoint"",""coordinates"":[]}"
16246_0,0.088706054,"{""type"":""MultiPoint"",""coordinates"":[]}"
16248_0,0.10059872,"{""type"":""MultiPoint"",""coordinates"":[]}"
16249_0,0.18460333,"{""type"":""MultiPoint"",""coordinates"":[]}"
16254_0,0.010467444,"{""type"":""MultiPoint"",""coordinates"":[]}"
16255_0,0.10737958,"{""type"":""MultiPoint"",""coordinates"":[]}"
16257_0,0.0867102,"{""type"":""MultiPoint"",""coordinates"":[]}"
16262_0,0.112022206,"{""type"":""MultiPoint"",""coordinates"":[]}"
16263_0,0.04131413,"{""type"":""MultiPoint"",""coordinates"":[]}"
16266_0,0.9628215,"{""type"":""MultiPoint"",""coordinates"":[]}"
16267_0,0.366994,"{""type"":""MultiPoint"",""coordinates"":[]}"
16270_0,0.13454725,"{""type"":""MultiPoint"",""coordinates"":[]}"
16271_0,0.2524695,"{""type"":""MultiPoint"",""coordinates"":[]}"
16279_0,0.051165476,"{""type"":""MultiPoint"",""coordinates"":[]}"
16281_0,0.021119766,"{""type"":""MultiPoint"",""coordinates"":[]}"
16283_0,0.7357671,"{""type"":""MultiPoint"",""coordinates"":[]}"
16289_0,0.0388238,"{""type"":""MultiPoint"",""coordinates"":[]}"
16292_0,0.11229959,"{""type"":""MultiPoint"",""coordinates"":[]}"
16294_0,0.08960526,"{""type"":""MultiPoint"",""coordinates"":[]}"
16296_0,0.080917545,"{""type"":""MultiPoint"",""coordinates"":[]}"
16297_0,0.12123924,"{""type"":""MultiPoint"",""coordinates"":[]}"
16298_0,0.024472926,"{""type"":""MultiPoint"",""coordinates"":[]}"
16303_0,0.04254737,"{""type"":""MultiPoint"",""coordinates"":[]}"
16305_0,0.28433612,"{""type"":""MultiPoint"",""coordinates"":[]}"
16307_0,0.07615826,"{""type"":""MultiPoint"",""coordinates"":[]}"
16309_0,0.04929287,"{""type"":""MultiPoint"",""coordinates"":[]}"
16310_0,0.21362348,"{""type"":""MultiPoint"",""coordinates"":[]}"
16311_0,0.29140612,"{""type"":""MultiPoint"",""coordinates"":[]}"
16312_0,0.051366586,"{""type"":""MultiPoint"",""coordinates"":[]}"
16313_0,0.057327054,"{""type"":""MultiPoint"",""coordinates"":[]}"
16315_0,0.01786178,"{""type"":""MultiPoint"",""coordinates"":[]}"
16316_0,0.021263884,"{""type"":""MultiPoint"",""coordinates"":[]}"
16317_0,0.10631123,"{""type"":""MultiPoint"",""coordinates"":[]}"
16318_0,0.384725,"{""type"":""MultiPoint"",""coordinates"":[]}"
16319_0,0.25047827,"{""type"":""MultiPoint"",""coordinates"":[]}"
16321_0,0.012327017,"{""type"":""MultiPoint"",""coordinates"":[]}"
16330_0,0.18877323,"{""type"":""MultiPoint"",""coordinates"":[]}"
16331_0,0.11374652,"{""type"":""MultiPoint"",""coordinates"":[]}"
16332_0,0.15302198,"{""type"":""MultiPoint"",""coordinates"":[]}"
16333_0,0.14827345,"{""type"":""MultiPoint"",""coordinates"":[]}"
16335_0,0.06691962,"{""type"":""MultiPoint"",""coordinates"":[]}"
16337_0,0.11185759,"{""type"":""MultiPoint"",""coordinates"":[]}"
16338_0,0.9826156,"{""type"":""MultiPoint"",""coordinates"":[]}"
16339_0,0.38124594,"{""type"":""MultiPoint"",""coordinates"":[]}"
16341_0,0.2076316,"{""type"":""MultiPoint"",""coordinates"":[]}"
16346_0,0.062192984,"{""type"":""MultiPoint"",""coordinates"":[]}"
16347_0,0.107677706,"{""type"":""MultiPoint"",""coordinates"":[]}"
16348_0,0.0548835,"{""type"":""MultiPoint"",""coordinates"":[]}"
16350_0,0.10795425,"{""type"":""MultiPoint"",""coordinates"":[]}"
16351_0,0.11271828,"{""type"":""MultiPoint"",""coordinates"":[]}"
16355_0,0.105850175,"{""type"":""MultiPoint"",""coordinates"":[]}"
16356_0,0.3675075,"{""type"":""MultiPoint"",""coordinates"":[]}"
16357_0,0.4802776,"{""type"":""MultiPoint"",""coordinates"":[]}"
16358_0,0.3875038,"{""type"":""MultiPoint"",""coordinates"":[]}"
16361_0,0.01953822,"{""type"":""MultiPoint"",""coordinates"":[]}"
16366_0,0.037192237,"{""type"":""MultiPoint"",""coordinates"":[]}"
16370_0,0.03599263,"{""type"":""MultiPoint"",""coordinates"":[]}"
16371_0,0.075928405,"{""type"":""MultiPoint"",""coordinates"":[]}"
16375_0,0.17270221,"{""type"":""MultiPoint"",""coordinates"":[]}"
16378_0,0.062192984,"{""type"":""MultiPoint"",""coordinates"":[]}"
16379_0,0.06765379,"{""type"":""MultiPoint"",""coordinates"":[]}"
16380_0,0.9212437,"{""type"":""MultiPoint"",""coordinates"":[]}"
16381_0,0.08960526,"{""type"":""MultiPoint"",""coordinates"":[]}"
16385_0,0.95170504,"{""type"":""MultiPoint"",""coordinates"":[]}"
16386_0,0.037136648,"{""type"":""MultiPoint"",""coordinates"":[]}"
16387_0,0.03387099,"{""type"":""MultiPoint"",""coordinates"":[]}"
16391_0,0.06765379,"{""type"":""MultiPoint"",""coordinates"":[]}"
16392_0,0.3382676,"{""type"":""MultiPoint"",""coordinates"":[]}"
16394_0,0.16777518,"{""type"":""MultiPoint"",""coordinates"":[]}"
16396_0,0.05285938,"{""type"":""MultiPoint"",""coordinates"":[]}"
16397_0,0.105786815,"{""type"":""MultiPoint"",""coordinates"":[]}"
16405_0,0.48459473,"{""type"":""MultiPoint"",""coordinates"":[]}"
16408_0,0.18877323,"{""type"":""MultiPoint"",""coordinates"":[]}"
16409_0,0.17115282,"{""type"":""MultiPoint"",""coordinates"":[]}"
16411_0,0.09558582,"{""type"":""MultiPoint"",""coordinates"":[]}"
16413_0,0.2944757,"{""type"":""MultiPoint"",""coordinates"":[]}"
16414_0,0.11586654,"{""type"":""MultiPoint"",""coordinates"":[]}"
16418_0,0.097796425,"{""type"":""MultiPoint"",""coordinates"":[]}"
16420_0,0.23416746,"{""type"":""MultiPoint"",""coordinates"":[]}"
16421_0,0.69131577,"{""type"":""MultiPoint"",""coordinates"":[]}"
16423_0,0.5364599,"{""type"":""MultiPoint"",""coordinates"":[]}"
16424_0,8.9404575E-4,"{""type"":""MultiPoint"",""coordinates"":[]}"
16425_0,0.17347814,"{""type"":""MultiPoint"",""coordinates"":[]}"
16426_0,0.06263004,"{""type"":""MultiPoint"",""coordinates"":[]}"
16431_0,0.18784806,"{""type"":""MultiPoint"",""coordinates"":[]}"
16433_0,0.0039507416,"{""type"":""MultiPoint"",""coordinates"":[]}"
16435_0,0.3392879,"{""type"":""MultiPoint"",""coordinates"":[]}"
16436_0,0.5457429,"{""type"":""MultiPoint"",""coordinates"":[]}"
16439_0,0.2427413,"{""type"":""MultiPoint"",""coordinates"":[]}"
16440_0,0.5647319,"{""type"":""MultiPoint"",""coordinates"":[]}"
16442_0,0.15246546,"{""type"":""MultiPoint"",""coordinates"":[]}"
16443_0,0.105786815,"{""type"":""MultiPoint"",""coordinates"":[]}"
16444_0,0.1687904,"{""type"":""MultiPoint"",""coordinates"":[]}"
16445_0,0.13803168,"{""type"":""MultiPoint"",""coordinates"":[]}"
16447_0,0.12563357,"{""type"":""MultiPoint"",""coordinates"":[]}"
16448_0,0.013207978,"{""type"":""MultiPoint"",""coordinates"":[]}"
16449_0,0.2623607,"{""type"":""MultiPoint"",""coordinates"":[]}"
16450_0,0.11084138,"{""type"":""MultiPoint"",""coordinates"":[]}"
16454_0,0.021491943,"{""type"":""MultiPoint"",""coordinates"":[]}"
16458_0,0.052216884,"{""type"":""MultiPoint"",""coordinates"":[]}"
16459_0,0.2265144,"{""type"":""MultiPoint"",""coordinates"":[]}"
16461_0,0.10285099,"{""type"":""MultiPoint"",""coordinates"":[]}"
16463_0,0.0867102,"{""type"":""MultiPoint"",""coordinates"":[]}"
16464_0,0.3122051,"{""type"":""MultiPoint"",""coordinates"":[]}"
16472_0,0.20752937,"{""type"":""MultiPoint"",""coordinates"":[]}"
16473_0,0.0139602395,"{""type"":""MultiPoint"",""coordinates"":[]}"
16479_0,0.1093405,"{""type"":""MultiPoint"",""coordinates"":[]}"
16481_0,0.055208884,"{""type"":""MultiPoint"",""coordinates"":[]}"
16482_0,0.0039507416,"{""type"":""MultiPoint"",""coordinates"":[]}"
16485_0,0.609355,"{""type"":""MultiPoint"",""coordinates"":[]}"
16486_0,0.08724317,"{""type"":""MultiPoint"",""coordinates"":[]}"
16487_0,0.059945602,"{""type"":""MultiPoint"",""coordinates"":[]}"
16492_0,0.0658227,"{""type"":""MultiPoint"",""coordinates"":[]}"
16493_0,0.5422807,"{""type"":""MultiPoint"",""coordinates"":[]}"
16499_0,0.014485282,"{""type"":""MultiPoint"",""coordinates"":[]}"
16500_0,0.51943034,"{""type"":""MultiPoint"",""coordinates"":[]}"
16501_0,0.17902705,"{""type"":""MultiPoint"",""coordinates"":[]}"
16502_0,0.06793081,"{""type"":""MultiPoint"",""coordinates"":[]}"
16503_0,0.022349652,"{""type"":""MultiPoint"",""coordinates"":[]}"
16504_0,0.16658853,"{""type"":""MultiPoint"",""coordinates"":[]}"
16509_0,0.33797872,"{""type"":""MultiPoint"",""coordinates"":[]}"
16513_0,0.079990454,"{""type"":""MultiPoint"",""coordinates"":[]}"
16514_0,0.6542831,"{""type"":""MultiPoint"",""coordinates"":[]}"
16517_0,0.075081296,"{""type"":""MultiPoint"",""coordinates"":[]}"
16518_0,0.1110861,"{""type"":""MultiPoint"",""coordinates"":[]}"
16519_0,0.37606007,"{""type"":""MultiPoint"",""coordinates"":[]}"
16520_0,0.22302133,"{""type"":""MultiPoint"",""coordinates"":[]}"
16529_0,0.14519536,"{""type"":""MultiPoint"",""coordinates"":[]}"
16530_0,0.6706327,"{""type"":""MultiPoint"",""coordinates"":[]}"
16531_0,0.42129546,"{""type"":""MultiPoint"",""coordinates"":[]}"
16532_0,0.037091296,"{""type"":""MultiPoint"",""coordinates"":[]}"
16534_0,0.33383775,"{""type"":""MultiPoint"",""coordinates"":[]}"
16536_0,0.19797829,"{""type"":""MultiPoint"",""coordinates"":[]}"
16541_0,0.0010790095,"{""type"":""MultiPoint"",""coordinates"":[]}"
16542_0,0.06594758,"{""type"":""MultiPoint"",""coordinates"":[]}"
16543_0,0.010488413,"{""type"":""MultiPoint"",""coordinates"":[]}"
16544_0,0.2438891,"{""type"":""MultiPoint"",""coordinates"":[]}"
16545_0,0.18016276,"{""type"":""MultiPoint"",""coordinates"":[]}"
16551_0,0.082722835,"{""type"":""MultiPoint"",""coordinates"":[]}"
16553_0,0.18456773,"{""type"":""MultiPoint"",""coordinates"":[]}"
16557_0,0.07615826,"{""type"":""MultiPoint"",""coordinates"":[]}"
16558_0,0.08122719,"{""type"":""MultiPoint"",""coordinates"":[]}"
16559_0,0.4802776,"{""type"":""MultiPoint"",""coordinates"":[]}"
16560_0,0.14122738,"{""type"":""MultiPoint"",""coordinates"":[]}"
16565_0,0.18456773,"{""type"":""MultiPoint"",""coordinates"":[]}"
16568_0,0.11579308,"{""type"":""MultiPoint"",""coordinates"":[]}"
16569_0,0.105786815,"{""type"":""MultiPoint"",""coordinates"":[]}"
16570_0,0.33768165,"{""type"":""MultiPoint"",""coordinates"":[]}"
16571_0,0.983335,"{""type"":""MultiPoint"",""coordinates"":[]}"
16573_0,0.094737224,"{""type"":""MultiPoint"",""coordinates"":[]}"
16574_0,0.08440304,"{""type"":""MultiPoint"",""coordinates"":[]}"
16576_0,0.07669952,"{""type"":""MultiPoint"",""coordinates"":[]}"
16577_0,0.10285099,"{""type"":""MultiPoint"",""coordinates"":[]}"
16579_0,0.27238712,"{""type"":""MultiPoint"",""coordinates"":[]}"
16588_0,0.065271914,"{""type"":""MultiPoint"",""coordinates"":[]}"
16596_0,0.983335,"{""type"":""MultiPoint"",""coordinates"":[]}"
16598_0,0.05538638,"{""type"":""MultiPoint"",""coordinates"":[]}"
16602_0,0.3875038,"{""type"":""MultiPoint"",""coordinates"":[]}"
16605_0,0.09554416,"{""type"":""MultiPoint"",""coordinates"":[]}"
16606_0,0.22771835,"{""type"":""MultiPoint"",""coordinates"":[]}"
16607_0,0.11579308,"{""type"":""MultiPoint"",""coordinates"":[]}"
16609_0,0.078947805,"{""type"":""MultiPoint"",""coordinates"":[]}"
16610_0,0.29846126,"{""type"":""MultiPoint"",""coordinates"":[]}"
16614_0,0.17328624,"{""type"":""MultiPoint"",""coordinates"":[]}"
16618_0,0.24009055,"{""type"":""MultiPoint"",""coordinates"":[]}"
16621_0,0.030385124,"{""type"":""MultiPoint"",""coordinates"":[]}"
16624_0,0.1824619,"{""type"":""MultiPoint"",""coordinates"":[]}"
16626_0,0.09343831,"{""type"":""MultiPoint"",""coordinates"":[]}"
16631_0,0.052424774,"{""type"":""MultiPoint"",""coordinates"":[]}"
16638_0,0.284508,"{""type"":""MultiPoint"",""coordinates"":[]}"
16639_0,0.13333978,"{""type"":""MultiPoint"",""coordinates"":[]}"
16643_0,0.2806642,"{""type"":""MultiPoint"",""coordinates"":[]}"
16644_0,0.059212394,"{""type"":""MultiPoint"",""coordinates"":[]}"
16647_0,0.07381871,"{""type"":""MultiPoint"",""coordinates"":[]}"
16652_0,0.03296321,"{""type"":""MultiPoint"",""coordinates"":[]}"
16662_0,0.15916133,"{""type"":""MultiPoint"",""coordinates"":[]}"
16663_0,0.24355017,"{""type"":""MultiPoint"",""coordinates"":[]}"
16664_0,0.47382164,"{""type"":""MultiPoint"",""coordinates"":[]}"
16665_0,0.0014359325,"{""type"":""MultiPoint"",""coordinates"":[]}"
16666_0,0.14356324,"{""type"":""MultiPoint"",""coordinates"":[]}"
16667_0,0.022156408,"{""type"":""MultiPoint"",""coordinates"":[]}"
16668_0,0.23123239,"{""type"":""MultiPoint"",""coordinates"":[]}"
16669_0,0.07963129,"{""type"":""MultiPoint"",""coordinates"":[]}"
16672_0,0.10285099,"{""type"":""MultiPoint"",""coordinates"":[]}"
16681_0,0.2438891,"{""type"":""MultiPoint"",""coordinates"":[]}"
16684_0,0.10851797,"{""type"":""MultiPoint"",""coordinates"":[]}"
16690_0,0.18456773,"{""type"":""MultiPoint"",""coordinates"":[]}"
16696_0,0.19359218,"{""type"":""MultiPoint"",""coordinates"":[]}"
16698_0,0.74816173,"{""type"":""MultiPoint"",""coordinates"":[]}"
16703_0,0.44791245,"{""type"":""MultiPoint"",""coordinates"":[]}"
16704_0,0.021119766,"{""type"":""MultiPoint"",""coordinates"":[]}"
16705_0,0.35658762,"{""type"":""MultiPoint"",""coordinates"":[]}"
16709_0,0.10059872,"{""type"":""MultiPoint"",""coordinates"":[]}"
16712_0,0.18906175,"{""type"":""MultiPoint"",""coordinates"":[]}"
16718_0,0.49290863,"{""type"":""MultiPoint"",""coordinates"":[]}"
16721_0,0.10043903,"{""type"":""MultiPoint"",""coordinates"":[]}"
16725_0,0.09460962,"{""type"":""MultiPoint"",""coordinates"":[]}"
16726_0,0.28131342,"{""type"":""MultiPoint"",""coordinates"":[]}"
16727_0,0.17375225,"{""type"":""MultiPoint"",""coordinates"":[]}"
16729_0,0.10829289,"{""type"":""MultiPoint"",""coordinates"":[]}"
16730_0,0.23048483,"{""type"":""MultiPoint"",""coordinates"":[]}"
16733_0,0.08411647,"{""type"":""MultiPoint"",""coordinates"":[]}"
16741_0,0.09609899,"{""type"":""MultiPoint"",""coordinates"":[]}"
16742_0,0.011475624,"{""type"":""MultiPoint"",""coordinates"":[]}"
16743_0,0.2632114,"{""type"":""MultiPoint"",""coordinates"":[]}"
16744_0,0.6032758,"{""type"":""MultiPoint"",""coordinates"":[]}"
16745_0,0.031937007,"{""type"":""MultiPoint"",""coordinates"":[]}"
16747_0,0.38284743,"{""type"":""MultiPoint"",""coordinates"":[]}"
16748_0,0.06765379,"{""type"":""MultiPoint"",""coordinates"":[]}"
16749_0,0.06765379,"{""type"":""MultiPoint"",""coordinates"":[]}"
16750_0,0.04254737,"{""type"":""MultiPoint"",""coordinates"":[]}"
16751_0,0.19546548,"{""type"":""MultiPoint"",""coordinates"":[]}"
16752_0,0.062192984,"{""type"":""MultiPoint"",""coordinates"":[]}"
16753_0,0.37606007,"{""type"":""MultiPoint"",""coordinates"":[]}"
16754_0,0.08138029,"{""type"":""MultiPoint"",""coordinates"":[]}"
16758_0,0.2806642,"{""type"":""MultiPoint"",""coordinates"":[]}"
16759_0,0.02513895,"{""type"":""MultiPoint"",""coordinates"":[]}"
16762_0,0.9977162,"{""type"":""MultiPoint"",""coordinates"":[]}"
16767_0,0.04504853,"{""type"":""MultiPoint"",""coordinates"":[]}"
16768_0,0.07561979,"{""type"":""MultiPoint"",""coordinates"":[]}"
16772_0,0.20238061,"{""type"":""MultiPoint"",""coordinates"":[]}"
16775_0,0.18588382,"{""type"":""MultiPoint"",""coordinates"":[]}"
16779_0,0.08986419,"{""type"":""MultiPoint"",""coordinates"":[]}"
16780_0,0.1687904,"{""type"":""MultiPoint"",""coordinates"":[]}"
16786_0,0.105786815,"{""type"":""MultiPoint"",""coordinates"":[]}"
16787_0,0.0787607,"{""type"":""MultiPoint"",""coordinates"":[]}"
16788_0,0.9984116,"{""type"":""MultiPoint"",""coordinates"":[]}"
16791_0,0.9984116,"{""type"":""MultiPoint"",""coordinates"":[]}"
16792_0,0.057981912,"{""type"":""MultiPoint"",""coordinates"":[]}"
16798_0,0.09343831,"{""type"":""MultiPoint"",""coordinates"":[]}"
16800_0,0.63361526,"{""type"":""MultiPoint"",""coordinates"":[]}"
16801_0,0.22559902,"{""type"":""MultiPoint"",""coordinates"":[]}"
16805_0,0.10285099,"{""type"":""MultiPoint"",""coordinates"":[]}"
16807_0,0.3392879,"{""type"":""MultiPoint"",""coordinates"":[]}"
16808_0,0.020738717,"{""type"":""MultiPoint"",""coordinates"":[]}"
16813_0,0.10576038,"{""type"":""MultiPoint"",""coordinates"":[]}"
16825_0,0.082366966,"{""type"":""MultiPoint"",""coordinates"":[]}"
16829_0,0.33560166,"{""type"":""MultiPoint"",""coordinates"":[]}"
16833_0,0.18877323,"{""type"":""MultiPoint"",""coordinates"":[]}"
16835_0,0.097796425,"{""type"":""MultiPoint"",""coordinates"":[]}"
16839_0,0.11686939,"{""type"":""MultiPoint"",""coordinates"":[]}"
16843_0,0.11975249,"{""type"":""MultiPoint"",""coordinates"":[]}"
16845_0,0.34347838,"{""type"":""MultiPoint"",""coordinates"":[]}"
16846_0,0.0039507416,"{""type"":""MultiPoint"",""coordinates"":[]}"
16847_0,0.20728236,"{""type"":""MultiPoint"",""coordinates"":[]}"
16853_0,0.18877323,"{""type"":""MultiPoint"",""coordinates"":[]}"
16856_0,0.10285099,"{""type"":""MultiPoint"",""coordinates"":[]}"
16859_0,0.103687,"{""type"":""MultiPoint"",""coordinates"":[]}"
16864_0,0.9927683,"{""type"":""MultiPoint"",""coordinates"":[]}"
16865_0,0.13333978,"{""type"":""MultiPoint"",""coordinates"":[]}"
16870_0,0.24892074,"{""type"":""MultiPoint"",""coordinates"":[]}"
16872_0,0.43066147,"{""type"":""MultiPoint"",""coordinates"":[]}"
16874_0,0.11796757,"{""type"":""MultiPoint"",""coordinates"":[]}"
16875_0,0.23345903,"{""type"":""MultiPoint"",""coordinates"":[]}"
16876_0,0.13333978,"{""type"":""MultiPoint"",""coordinates"":[]}"
16878_0,0.22559902,"{""type"":""MultiPoint"",""coordinates"":[]}"
16879_0,0.07154436,"{""type"":""MultiPoint"",""coordinates"":[]}"
16882_0,0.395134,"{""type"":""MultiPoint"",""coordinates"":[]}"
16883_0,0.02936829,"{""type"":""MultiPoint"",""coordinates"":[]}"
16884_0,0.3470214,"{""type"":""MultiPoint"",""coordinates"":[]}"
16885_0,0.2438891,"{""type"":""MultiPoint"",""coordinates"":[]}"
16886_0,0.15351005,"{""type"":""MultiPoint"",""coordinates"":[]}"
16891_0,0.23345903,"{""type"":""MultiPoint"",""coordinates"":[]}"
16895_0,0.4274402,"{""type"":""MultiPoint"",""coordinates"":[]}"
16899_0,0.026510319,"{""type"":""MultiPoint"",""coordinates"":[]}"
16900_0,0.24883893,"{""type"":""MultiPoint"",""coordinates"":[]}"
16901_0,0.9721303,"{""type"":""MultiPoint"",""coordinates"":[]}"
16903_0,0.086008824,"{""type"":""MultiPoint"",""coordinates"":[]}"
16905_0,0.03387099,"{""type"":""MultiPoint"",""coordinates"":[]}"
16908_0,0.042498965,"{""type"":""MultiPoint"",""coordinates"":[]}"
16909_0,0.7389974,"{""type"":""MultiPoint"",""coordinates"":[]}"
16911_0,0.9981976,"{""type"":""MultiPoint"",""coordinates"":[]}"
16912_0,0.6946753,"{""type"":""MultiPoint"",""coordinates"":[]}"
16918_0,0.013554166,"{""type"":""MultiPoint"",""coordinates"":[]}"
16919_0,0.088706054,"{""type"":""MultiPoint"",""coordinates"":[]}"
16920_0,0.63361526,"{""type"":""MultiPoint"",""coordinates"":[]}"
16921_0,0.18456773,"{""type"":""MultiPoint"",""coordinates"":[]}"
16922_0,0.29140612,"{""type"":""MultiPoint"",""coordinates"":[]}"
16924_0,0.2691035,"{""type"":""MultiPoint"",""coordinates"":[]}"
16926_0,0.098490864,"{""type"":""MultiPoint"",""coordinates"":[]}"
16928_0,0.10906287,"{""type"":""MultiPoint"",""coordinates"":[]}"
16930_0,0.2889387,"{""type"":""MultiPoint"",""coordinates"":[]}"
16932_0,0.0025054368,"{""type"":""MultiPoint"",""coordinates"":[]}"
16933_0,0.10885331,"{""type"":""MultiPoint"",""coordinates"":[]}"
16936_0,0.028932964,"{""type"":""MultiPoint"",""coordinates"":[]}"
16938_0,0.055208884,"{""type"":""MultiPoint"",""coordinates"":[]}"
16940_0,0.6710661,"{""type"":""MultiPoint"",""coordinates"":[]}"
16941_0,0.022349652,"{""type"":""MultiPoint"",""coordinates"":[]}"
16942_0,0.10033204,"{""type"":""MultiPoint"",""coordinates"":[]}"
16943_0,0.041577693,"{""type"":""MultiPoint"",""coordinates"":[]}"
16944_0,0.45599988,"{""type"":""MultiPoint"",""coordinates"":[]}"
16946_0,0.060554218,"{""type"":""MultiPoint"",""coordinates"":[]}"
16947_0,0.46707267,"{""type"":""MultiPoint"",""coordinates"":[]}"
16950_0,0.09641376,"{""type"":""MultiPoint"",""coordinates"":[]}"
16953_0,0.14546044,"{""type"":""MultiPoint"",""coordinates"":[]}"
16955_0,0.0039507416,"{""type"":""MultiPoint"",""coordinates"":[]}"
16957_0,0.073705494,"{""type"":""MultiPoint"",""coordinates"":[]}"
16958_0,0.08960526,"{""type"":""MultiPoint"",""coordinates"":[]}"
16959_0,0.1584743,"{""type"":""MultiPoint"",""coordinates"":[]}"
16962_0,0.22559902,"{""type"":""MultiPoint"",""coordinates"":[]}"
16963_0,0.06487215,"{""type"":""MultiPoint"",""coordinates"":[]}"
16965_0,0.0853373,"{""type"":""MultiPoint"",""coordinates"":[]}"
16966_0,0.4976047,"{""type"":""MultiPoint"",""coordinates"":[]}"
16970_0,0.17604549,"{""type"":""MultiPoint"",""coordinates"":[]}"
16971_0,0.059212394,"{""type"":""MultiPoint"",""coordinates"":[]}"
16973_0,0.37729144,"{""type"":""MultiPoint"",""coordinates"":[]}"
16976_0,0.48827368,"{""type"":""MultiPoint"",""coordinates"":[]}"
16979_0,0.10285099,"{""type"":""MultiPoint"",""coordinates"":[]}"
16980_0,0.12263602,"{""type"":""MultiPoint"",""coordinates"":[]}"
16983_0,0.3544604,"{""type"":""MultiPoint"",""coordinates"":[]}"
16986_0,0.060420234,"{""type"":""MultiPoint"",""coordinates"":[]}"
16990_0,0.14462978,"{""type"":""MultiPoint"",""coordinates"":[]}"
16994_0,0.059212394,"{""type"":""MultiPoint"",""coordinates"":[]}"
16995_0,0.024946518,"{""type"":""MultiPoint"",""coordinates"":[]}"
16997_0,0.20938267,"{""type"":""MultiPoint"",""coordinates"":[]}"
16998_0,0.1417282,"{""type"":""MultiPoint"",""coordinates"":[]}"
16999_0,0.24177404,"{""type"":""MultiPoint"",""coordinates"":[]}"
17000_0,0.81149995,"{""type"":""MultiPoint"",""coordinates"":[]}"
17003_0,0.011621363,"{""type"":""MultiPoint"",""coordinates"":[]}"
17006_0,0.007441804,"{""type"":""MultiPoint"",""coordinates"":[]}"
17008_0,0.100524165,"{""type"":""MultiPoint"",""coordinates"":[]}"
17010_0,0.6844155,"{""type"":""MultiPoint"",""coordinates"":[]}"
17013_0,0.13905989,"{""type"":""MultiPoint"",""coordinates"":[]}"
17021_0,0.24821272,"{""type"":""MultiPoint"",""coordinates"":[]}"
17023_0,0.057327054,"{""type"":""MultiPoint"",""coordinates"":[]}"
17028_0,0.3392879,"{""type"":""MultiPoint"",""coordinates"":[]}"
17029_0,0.17270221,"{""type"":""MultiPoint"",""coordinates"":[]}"
17031_0,0.09558582,"{""type"":""MultiPoint"",""coordinates"":[]}"
17034_0,0.0653899,"{""type"":""MultiPoint"",""coordinates"":[]}"
17036_0,0.097796425,"{""type"":""MultiPoint"",""coordinates"":[]}"
17042_0,0.0039507053,"{""type"":""MultiPoint"",""coordinates"":[]}"
17043_0,0.76569724,"{""type"":""MultiPoint"",""coordinates"":[]}"
17046_0,0.070046775,"{""type"":""MultiPoint"",""coordinates"":[]}"
17048_0,0.14729375,"{""type"":""MultiPoint"",""coordinates"":[]}"
17050_0,0.1691552,"{""type"":""MultiPoint"",""coordinates"":[]}"
17053_0,0.060420234,"{""type"":""MultiPoint"",""coordinates"":[]}"
17055_0,0.14729375,"{""type"":""MultiPoint"",""coordinates"":[]}"
17056_0,0.11924733,"{""type"":""MultiPoint"",""coordinates"":[]}"
17060_0,0.12990949,"{""type"":""MultiPoint"",""coordinates"":[]}"
17063_0,0.09343831,"{""type"":""MultiPoint"",""coordinates"":[]}"
17068_0,0.10952454,"{""type"":""MultiPoint"",""coordinates"":[]}"
17070_0,0.18456773,"{""type"":""MultiPoint"",""coordinates"":[]}"
17071_0,0.28292534,"{""type"":""MultiPoint"",""coordinates"":[]}"
17074_0,0.06594758,"{""type"":""MultiPoint"",""coordinates"":[]}"
17081_0,0.10695041,"{""type"":""MultiPoint"",""coordinates"":[]}"
17083_0,0.01340976,"{""type"":""MultiPoint"",""coordinates"":[]}"
17084_0,0.013819978,"{""type"":""MultiPoint"",""coordinates"":[]}"
17091_0,0.09554416,"{""type"":""MultiPoint"",""coordinates"":[]}"
17094_0,0.088706054,"{""type"":""MultiPoint"",""coordinates"":[]}"
17100_0,0.18877323,"{""type"":""MultiPoint"",""coordinates"":[]}"
17102_0,0.073374644,"{""type"":""MultiPoint"",""coordinates"":[]}"
17103_0,0.060139984,"{""type"":""MultiPoint"",""coordinates"":[]}"
17104_0,0.42336455,"{""type"":""MultiPoint"",""coordinates"":[]}"
17106_0,0.80302227,"{""type"":""MultiPoint"",""coordinates"":[]}"
17107_0,0.29140612,"{""type"":""MultiPoint"",""coordinates"":[]}"
17108_0,0.55489296,"{""type"":""MultiPoint"",""coordinates"":[]}"
17110_0,0.12563357,"{""type"":""MultiPoint"",""coordinates"":[]}"
17113_0,0.38543224,"{""type"":""MultiPoint"",""coordinates"":[]}"
17114_0,0.12253187,"{""type"":""MultiPoint"",""coordinates"":[]}"
17115_0,0.064862125,"{""type"":""MultiPoint"",""coordinates"":[]}"
17117_0,0.04929287,"{""type"":""MultiPoint"",""coordinates"":[]}"
17120_0,0.14462978,"{""type"":""MultiPoint"",""coordinates"":[]}"
17126_0,0.92817307,"{""type"":""MultiPoint"",""coordinates"":[]}"
17130_0,0.10285099,"{""type"":""MultiPoint"",""coordinates"":[]}"
17133_0,0.21050468,"{""type"":""MultiPoint"",""coordinates"":[]}"
17134_0,0.34865838,"{""type"":""MultiPoint"",""coordinates"":[]}"
17136_0,0.366994,"{""type"":""MultiPoint"",""coordinates"":[]}"
17139_0,0.024329606,"{""type"":""MultiPoint"",""coordinates"":[]}"
17142_0,0.11855285,"{""type"":""MultiPoint"",""coordinates"":[]}"
17145_0,0.16892731,"{""type"":""MultiPoint"",""coordinates"":[]}"
17148_0,0.29140612,"{""type"":""MultiPoint"",""coordinates"":[]}"
17150_0,0.104826115,"{""type"":""MultiPoint"",""coordinates"":[]}"
17155_0,0.14827345,"{""type"":""MultiPoint"",""coordinates"":[]}"
17157_0,0.18456773,"{""type"":""MultiPoint"",""coordinates"":[]}"
17168_0,0.28452653,"{""type"":""MultiPoint"",""coordinates"":[]}"
17171_0,0.18456773,"{""type"":""MultiPoint"",""coordinates"":[]}"
17172_0,0.024148848,"{""type"":""MultiPoint"",""coordinates"":[]}"
17174_0,0.03794385,"{""type"":""MultiPoint"",""coordinates"":[]}"
17175_0,0.1689819,"{""type"":""MultiPoint"",""coordinates"":[]}"
17178_0,0.13021748,"{""type"":""MultiPoint"",""coordinates"":[]}"
17180_0,0.041731,"{""type"":""MultiPoint"",""coordinates"":[]}"
17184_0,0.22559902,"{""type"":""MultiPoint"",""coordinates"":[]}"
17185_0,0.025640285,"{""type"":""MultiPoint"",""coordinates"":[]}"
17186_0,0.25650725,"{""type"":""MultiPoint"",""coordinates"":[]}"
17187_0,0.46926767,"{""type"":""MultiPoint"",""coordinates"":[]}"
17188_0,0.08960526,"{""type"":""MultiPoint"",""coordinates"":[]}"
17189_0,0.2382989,"{""type"":""MultiPoint"",""coordinates"":[]}"
17191_0,0.061727386,"{""type"":""MultiPoint"",""coordinates"":[]}"
17193_0,0.04269243,"{""type"":""MultiPoint"",""coordinates"":[]}"
17194_0,0.30268568,"{""type"":""MultiPoint"",""coordinates"":[]}"
17201_0,0.27221164,"{""type"":""MultiPoint"",""coordinates"":[]}"
17202_0,0.107677706,"{""type"":""MultiPoint"",""coordinates"":[]}"
17203_0,0.10285099,"{""type"":""MultiPoint"",""coordinates"":[]}"
17205_0,0.022064786,"{""type"":""MultiPoint"",""coordinates"":[]}"
17211_0,0.0030830938,"{""type"":""MultiPoint"",""coordinates"":[]}"
17213_0,0.15403998,"{""type"":""MultiPoint"",""coordinates"":[]}"
17215_0,0.11084138,"{""type"":""MultiPoint"",""coordinates"":[]}"
17218_0,0.16068025,"{""type"":""MultiPoint"",""coordinates"":[]}"
17221_0,0.27654928,"{""type"":""MultiPoint"",""coordinates"":[]}"
17222_0,0.256283,"{""type"":""MultiPoint"",""coordinates"":[]}"
17227_0,0.07730395,"{""type"":""MultiPoint"",""coordinates"":[]}"
17228_0,0.012327017,"{""type"":""MultiPoint"",""coordinates"":[]}"
17230_0,0.0068737026,"{""type"":""MultiPoint"",""coordinates"":[]}"
17232_0,0.32878986,"{""type"":""MultiPoint"",""coordinates"":[]}"
17235_0,0.02278664,"{""type"":""MultiPoint"",""coordinates"":[]}"
17236_0,0.16523206,"{""type"":""MultiPoint"",""coordinates"":[]}"
17238_0,0.29140612,"{""type"":""MultiPoint"",""coordinates"":[]}"
17239_0,0.3023574,"{""type"":""MultiPoint"",""coordinates"":[]}"
17246_0,0.45979995,"{""type"":""MultiPoint"",""coordinates"":[]}"
17248_0,0.5428225,"{""type"":""MultiPoint"",""coordinates"":[]}"
17249_0,0.19359218,"{""type"":""MultiPoint"",""coordinates"":[]}"
17250_0,0.43868947,"{""type"":""MultiPoint"",""coordinates"":[]}"
17252_0,0.14453343,"{""type"":""MultiPoint"",""coordinates"":[]}"
17256_0,0.13061985,"{""type"":""MultiPoint"",""coordinates"":[]}"
17257_0,0.39625952,"{""type"":""MultiPoint"",""coordinates"":[]}"
17258_0,0.34307498,"{""type"":""MultiPoint"",""coordinates"":[]}"
17259_0,0.25626782,"{""type"":""MultiPoint"",""coordinates"":[]}"
17268_0,0.0139602395,"{""type"":""MultiPoint"",""coordinates"":[]}"
17269_0,0.040856514,"{""type"":""MultiPoint"",""coordinates"":[]}"
17275_0,0.10651422,"{""type"":""MultiPoint"",""coordinates"":[]}"
17276_0,0.32464442,"{""type"":""MultiPoint"",""coordinates"":[]}"
17284_0,0.13784617,"{""type"":""MultiPoint"",""coordinates"":[]}"
17290_0,8.9404575E-4,"{""type"":""MultiPoint"",""coordinates"":[]}"
17292_0,0.021119766,"{""type"":""MultiPoint"",""coordinates"":[]}"
17293_0,0.08960526,"{""type"":""MultiPoint"",""coordinates"":[]}"
17294_0,0.06614292,"{""type"":""MultiPoint"",""coordinates"":[]}"
17296_0,0.059212394,"{""type"":""MultiPoint"",""coordinates"":[]}"
17300_0,0.24355017,"{""type"":""MultiPoint"",""coordinates"":[]}"
17303_0,0.14462978,"{""type"":""MultiPoint"",""coordinates"":[]}"
17309_0,0.7465803,"{""type"":""MultiPoint"",""coordinates"":[]}"
17315_0,0.064197406,"{""type"":""MultiPoint"",""coordinates"":[]}"
17317_0,0.82907695,"{""type"":""MultiPoint"",""coordinates"":[]}"
17320_0,0.17505595,"{""type"":""MultiPoint"",""coordinates"":[]}"
17321_0,0.11374652,"{""type"":""MultiPoint"",""coordinates"":[]}"
17323_0,0.09554416,"{""type"":""MultiPoint"",""coordinates"":[]}"
17327_0,0.08960526,"{""type"":""MultiPoint"",""coordinates"":[]}"
17328_0,0.1093405,"{""type"":""MultiPoint"",""coordinates"":[]}"
17332_0,0.037136648,"{""type"":""MultiPoint"",""coordinates"":[]}"
17333_0,0.16992156,"{""type"":""MultiPoint"",""coordinates"":[]}"
17336_0,0.14409013,"{""type"":""MultiPoint"",""coordinates"":[]}"
17339_0,0.1110861,"{""type"":""MultiPoint"",""coordinates"":[]}"
17341_0,0.49899834,"{""type"":""MultiPoint"",""coordinates"":[]}"
17342_0,0.06447268,"{""type"":""MultiPoint"",""coordinates"":[]}"
17345_0,0.18339881,"{""type"":""MultiPoint"",""coordinates"":[]}"
17346_0,0.082366966,"{""type"":""MultiPoint"",""coordinates"":[]}"
17347_0,0.06696024,"{""type"":""MultiPoint"",""coordinates"":[]}"
17349_0,0.11743991,"{""type"":""MultiPoint"",""coordinates"":[]}"
17352_0,0.060420234,"{""type"":""MultiPoint"",""coordinates"":[]}"
17353_0,0.994313,"{""type"":""MultiPoint"",""coordinates"":[]}"
17355_0,0.30083594,"{""type"":""MultiPoint"",""coordinates"":[]}"
17361_0,0.7389974,"{""type"":""MultiPoint"",""coordinates"":[]}"
17363_0,0.086008824,"{""type"":""MultiPoint"",""coordinates"":[]}"
17364_0,0.18504187,"{""type"":""MultiPoint"",""coordinates"":[]}"
17366_0,0.08160356,"{""type"":""MultiPoint"",""coordinates"":[]}"
17367_0,0.15259017,"{""type"":""MultiPoint"",""coordinates"":[]}"
17368_0,0.18456773,"{""type"":""MultiPoint"",""coordinates"":[]}"
17370_0,0.057327054,"{""type"":""MultiPoint"",""coordinates"":[]}"
17372_0,0.025885284,"{""type"":""MultiPoint"",""coordinates"":[]}"
17375_0,0.0376472,"{""type"":""MultiPoint"",""coordinates"":[]}"
17376_0,0.28046545,"{""type"":""MultiPoint"",""coordinates"":[]}"
17377_0,0.15916133,"{""type"":""MultiPoint"",""coordinates"":[]}"
17380_0,0.12990949,"{""type"":""MultiPoint"",""coordinates"":[]}"
17382_0,0.3544604,"{""type"":""MultiPoint"",""coordinates"":[]}"
17385_0,0.35081464,"{""type"":""MultiPoint"",""coordinates"":[]}"
17388_0,0.3731105,"{""type"":""MultiPoint"",""coordinates"":[]}"
17389_0,0.11579308,"{""type"":""MultiPoint"",""coordinates"":[]}"
17390_0,0.08960526,"{""type"":""MultiPoint"",""coordinates"":[]}"
17393_0,0.06551323,"{""type"":""MultiPoint"",""coordinates"":[]}"
17394_0,0.38543224,"{""type"":""MultiPoint"",""coordinates"":[]}"
17397_0,0.075928405,"{""type"":""MultiPoint"",""coordinates"":[]}"
17399_0,0.07807663,"{""type"":""MultiPoint"",""coordinates"":[]}"
17403_0,0.13919297,"{""type"":""MultiPoint"",""coordinates"":[]}"
17406_0,0.14436103,"{""type"":""MultiPoint"",""coordinates"":[]}"
17408_0,0.024329606,"{""type"":""MultiPoint"",""coordinates"":[]}"
17409_0,0.15302198,"{""type"":""MultiPoint"",""coordinates"":[]}"
17413_0,0.059212394,"{""type"":""MultiPoint"",""coordinates"":[]}"
17414_0,0.11084138,"{""type"":""MultiPoint"",""coordinates"":[]}"
17416_0,0.10061891,"{""type"":""MultiPoint"",""coordinates"":[]}"
17417_0,0.13127942,"{""type"":""MultiPoint"",""coordinates"":[]}"
17421_0,0.17007737,"{""type"":""MultiPoint"",""coordinates"":[]}"
17422_0,0.069211595,"{""type"":""MultiPoint"",""coordinates"":[]}"
17423_0,0.23416746,"{""type"":""MultiPoint"",""coordinates"":[]}"
17424_0,0.011621363,"{""type"":""MultiPoint"",""coordinates"":[]}"
17427_0,0.083567135,"{""type"":""MultiPoint"",""coordinates"":[]}"
17431_0,0.06754969,"{""type"":""MultiPoint"",""coordinates"":[]}"
17435_0,0.17270221,"{""type"":""MultiPoint"",""coordinates"":[]}"
17437_0,0.46180025,"{""type"":""MultiPoint"",""coordinates"":[]}"
17441_0,0.13803168,"{""type"":""MultiPoint"",""coordinates"":[]}"
17445_0,0.10046318,"{""type"":""MultiPoint"",""coordinates"":[]}"
17446_0,0.035828542,"{""type"":""MultiPoint"",""coordinates"":[]}"
17454_0,0.7351673,"{""type"":""MultiPoint"",""coordinates"":[]}"
17458_0,0.23077728,"{""type"":""MultiPoint"",""coordinates"":[]}"
17463_0,0.088706054,"{""type"":""MultiPoint"",""coordinates"":[]}"
17464_0,0.18456773,"{""type"":""MultiPoint"",""coordinates"":[]}"
17467_0,0.24883893,"{""type"":""MultiPoint"",""coordinates"":[]}"
17469_0,0.14729375,"{""type"":""MultiPoint"",""coordinates"":[]}"
17474_0,0.17570755,"{""type"":""MultiPoint"",""coordinates"":[]}"
17476_0,0.03387099,"{""type"":""MultiPoint"",""coordinates"":[]}"
17478_0,0.07082936,"{""type"":""MultiPoint"",""coordinates"":[]}"
17481_0,0.08310655,"{""type"":""MultiPoint"",""coordinates"":[]}"
17484_0,0.03901541,"{""type"":""MultiPoint"",""coordinates"":[]}"
17486_0,0.14250277,"{""type"":""MultiPoint"",""coordinates"":[]}"
17489_0,0.10980927,"{""type"":""MultiPoint"",""coordinates"":[]}"
17490_0,0.062192984,"{""type"":""MultiPoint"",""coordinates"":[]}"
17491_0,0.070046775,"{""type"":""MultiPoint"",""coordinates"":[]}"
17492_0,0.29140612,"{""type"":""MultiPoint"",""coordinates"":[]}"
17503_0,0.021088053,"{""type"":""MultiPoint"",""coordinates"":[]}"
17504_0,0.16103384,"{""type"":""MultiPoint"",""coordinates"":[]}"
17512_0,0.39804915,"{""type"":""MultiPoint"",""coordinates"":[]}"
17519_0,0.04613221,"{""type"":""MultiPoint"",""coordinates"":[]}"
17521_0,0.44791245,"{""type"":""MultiPoint"",""coordinates"":[]}"
17522_0,0.060420234,"{""type"":""MultiPoint"",""coordinates"":[]}"
17528_0,0.23077728,"{""type"":""MultiPoint"",""coordinates"":[]}"
17529_0,0.0039507416,"{""type"":""MultiPoint"",""coordinates"":[]}"
17530_0,0.09554416,"{""type"":""MultiPoint"",""coordinates"":[]}"
17533_0,0.18456773,"{""type"":""MultiPoint"",""coordinates"":[]}"
17536_0,0.06890464,"{""type"":""MultiPoint"",""coordinates"":[]}"
17537_0,0.10285099,"{""type"":""MultiPoint"",""coordinates"":[]}"
17538_0,0.105786815,"{""type"":""MultiPoint"",""coordinates"":[]}"
17539_0,0.021491943,"{""type"":""MultiPoint"",""coordinates"":[]}"
17540_0,0.028991824,"{""type"":""MultiPoint"",""coordinates"":[]}"
17544_0,0.03000763,"{""type"":""MultiPoint"",""coordinates"":[]}"
17545_0,0.0025054368,"{""type"":""MultiPoint"",""coordinates"":[]}"
17547_0,0.12343565,"{""type"":""MultiPoint"",""coordinates"":[]}"
17549_0,0.08122719,"{""type"":""MultiPoint"",""coordinates"":[]}"
17551_0,0.084594846,"{""type"":""MultiPoint"",""coordinates"":[]}"
17558_0,0.14356324,"{""type"":""MultiPoint"",""coordinates"":[]}"
17560_0,0.023014698,"{""type"":""MultiPoint"",""coordinates"":[]}"
17562_0,0.256283,"{""type"":""MultiPoint"",""coordinates"":[]}"
17563_0,0.088706054,"{""type"":""MultiPoint"",""coordinates"":[]}"
17566_0,0.7709468,"{""type"":""MultiPoint"",""coordinates"":[]}"
17569_0,0.075928405,"{""type"":""MultiPoint"",""coordinates"":[]}"
17570_0,0.15916133,"{""type"":""MultiPoint"",""coordinates"":[]}"
17571_0,0.25712207,"{""type"":""MultiPoint"",""coordinates"":[]}"
17572_0,0.2382989,"{""type"":""MultiPoint"",""coordinates"":[]}"
17574_0,0.24566188,"{""type"":""MultiPoint"",""coordinates"":[]}"
17576_0,0.17502892,"{""type"":""MultiPoint"",""coordinates"":[]}"
17580_0,0.22186464,"{""type"":""MultiPoint"",""coordinates"":[]}"
17586_0,0.4976047,"{""type"":""MultiPoint"",""coordinates"":[]}"
17591_0,0.014485282,"{""type"":""MultiPoint"",""coordinates"":[]}"
17592_0,0.0867102,"{""type"":""MultiPoint"",""coordinates"":[]}"
17593_0,0.08310655,"{""type"":""MultiPoint"",""coordinates"":[]}"
17595_0,0.088706054,"{""type"":""MultiPoint"",""coordinates"":[]}"
17596_0,0.12646525,"{""type"":""MultiPoint"",""coordinates"":[]}"
17597_0,0.08963592,"{""type"":""MultiPoint"",""coordinates"":[]}"
17601_0,0.99802935,"{""type"":""MultiPoint"",""coordinates"":[]}"
17603_0,0.11975249,"{""type"":""MultiPoint"",""coordinates"":[]}"
17606_0,0.019450601,"{""type"":""MultiPoint"",""coordinates"":[]}"
17607_0,0.43094435,"{""type"":""MultiPoint"",""coordinates"":[]}"
17608_0,0.29031333,"{""type"":""MultiPoint"",""coordinates"":[]}"
17610_0,0.017389607,"{""type"":""MultiPoint"",""coordinates"":[]}"
17612_0,0.5083188,"{""type"":""MultiPoint"",""coordinates"":[]}"
17614_0,0.34347838,"{""type"":""MultiPoint"",""coordinates"":[]}"
17615_0,0.18998411,"{""type"":""MultiPoint"",""coordinates"":[]}"
17616_0,0.16247424,"{""type"":""MultiPoint"",""coordinates"":[]}"
17617_0,0.027102858,"{""type"":""MultiPoint"",""coordinates"":[]}"
17619_0,0.19359218,"{""type"":""MultiPoint"",""coordinates"":[]}"
17620_0,0.08145048,"{""type"":""MultiPoint"",""coordinates"":[]}"
17623_0,0.097796425,"{""type"":""MultiPoint"",""coordinates"":[]}"
17626_0,0.10285099,"{""type"":""MultiPoint"",""coordinates"":[]}"
17628_0,0.6220532,"{""type"":""MultiPoint"",""coordinates"":[]}"
17631_0,0.28131342,"{""type"":""MultiPoint"",""coordinates"":[]}"
17633_0,0.088706054,"{""type"":""MultiPoint"",""coordinates"":[]}"
17635_0,0.24355017,"{""type"":""MultiPoint"",""coordinates"":[]}"
17636_0,0.10176475,"{""type"":""MultiPoint"",""coordinates"":[]}"
17637_0,0.04254737,"{""type"":""MultiPoint"",""coordinates"":[]}"
17639_0,0.1471628,"{""type"":""MultiPoint"",""coordinates"":[]}"
17642_0,0.29505783,"{""type"":""MultiPoint"",""coordinates"":[]}"
17648_0,0.10043903,"{""type"":""MultiPoint"",""coordinates"":[]}"
17651_0,0.062192984,"{""type"":""MultiPoint"",""coordinates"":[]}"
17652_0,0.24355017,"{""type"":""MultiPoint"",""coordinates"":[]}"
17654_0,0.9774331,"{""type"":""MultiPoint"",""coordinates"":[]}"
17655_0,0.08200271,"{""type"":""MultiPoint"",""coordinates"":[]}"
17659_0,0.22646506,"{""type"":""MultiPoint"",""coordinates"":[]}"
17660_0,0.017060058,"{""type"":""MultiPoint"",""coordinates"":[]}"
17663_0,0.25047827,"{""type"":""MultiPoint"",""coordinates"":[]}"
17668_0,0.366994,"{""type"":""MultiPoint"",""coordinates"":[]}"
17669_0,0.9698025,"{""type"":""MultiPoint"",""coordinates"":[]}"
17670_0,0.103687,"{""type"":""MultiPoint"",""coordinates"":[]}"
17672_0,0.38050815,"{""type"":""MultiPoint"",""coordinates"":[]}"
17675_0,0.17270221,"{""type"":""MultiPoint"",""coordinates"":[]}"
17678_0,0.29111573,"{""type"":""MultiPoint"",""coordinates"":[]}"
17679_0,0.060420234,"{""type"":""MultiPoint"",""coordinates"":[]}"
17680_0,0.9916289,"{""type"":""MultiPoint"",""coordinates"":[]}"
17681_0,0.062660575,"{""type"":""MultiPoint"",""coordinates"":[]}"
17684_0,0.1687904,"{""type"":""MultiPoint"",""coordinates"":[]}"
17689_0,0.021119766,"{""type"":""MultiPoint"",""coordinates"":[]}"
17690_0,0.11374652,"{""type"":""MultiPoint"",""coordinates"":[]}"
17691_0,0.10651422,"{""type"":""MultiPoint"",""coordinates"":[]}"
17693_0,0.08208904,"{""type"":""MultiPoint"",""coordinates"":[]}"
17694_0,0.031937007,"{""type"":""MultiPoint"",""coordinates"":[]}"
17696_0,0.09450153,"{""type"":""MultiPoint"",""coordinates"":[]}"
17698_0,0.08321394,"{""type"":""MultiPoint"",""coordinates"":[]}"
17700_0,0.6347026,"{""type"":""MultiPoint"",""coordinates"":[]}"
17703_0,0.10285099,"{""type"":""MultiPoint"",""coordinates"":[]}"
17704_0,0.17007737,"{""type"":""MultiPoint"",""coordinates"":[]}"
17705_0,0.1689819,"{""type"":""MultiPoint"",""coordinates"":[]}"
17706_0,0.16944925,"{""type"":""MultiPoint"",""coordinates"":[]}"
17712_0,0.47945124,"{""type"":""MultiPoint"",""coordinates"":[]}"
17713_0,0.030337205,"{""type"":""MultiPoint"",""coordinates"":[]}"
17715_0,0.059212394,"{""type"":""MultiPoint"",""coordinates"":[]}"
17718_0,0.18877323,"{""type"":""MultiPoint"",""coordinates"":[]}"
17719_0,0.063124426,"{""type"":""MultiPoint"",""coordinates"":[]}"
17720_0,0.052205198,"{""type"":""MultiPoint"",""coordinates"":[]}"
17724_0,0.09558582,"{""type"":""MultiPoint"",""coordinates"":[]}"
17727_0,0.1514283,"{""type"":""MultiPoint"",""coordinates"":[]}"
17733_0,0.14031753,"{""type"":""MultiPoint"",""coordinates"":[]}"
17734_0,0.097796425,"{""type"":""MultiPoint"",""coordinates"":[]}"
17735_0,0.50064844,"{""type"":""MultiPoint"",""coordinates"":[]}"
17736_0,0.29140612,"{""type"":""MultiPoint"",""coordinates"":[]}"
17737_0,0.20947154,"{""type"":""MultiPoint"",""coordinates"":[]}"
17741_0,0.9841305,"{""type"":""MultiPoint"",""coordinates"":[]}"
17742_0,0.09343831,"{""type"":""MultiPoint"",""coordinates"":[]}"
17743_0,0.040621363,"{""type"":""MultiPoint"",""coordinates"":[]}"
17746_0,0.0039507053,"{""type"":""MultiPoint"",""coordinates"":[]}"
17748_0,0.103687,"{""type"":""MultiPoint"",""coordinates"":[]}"
17749_0,0.27238712,"{""type"":""MultiPoint"",""coordinates"":[]}"
17753_0,0.08602925,"{""type"":""MultiPoint"",""coordinates"":[]}"
17756_0,0.18456773,"{""type"":""MultiPoint"",""coordinates"":[]}"
17758_0,0.12682562,"{""type"":""MultiPoint"",""coordinates"":[]}"
17759_0,0.07868619,"{""type"":""MultiPoint"",""coordinates"":[]}"
17760_0,0.18370125,"{""type"":""MultiPoint"",""coordinates"":[]}"
17761_0,0.028539514,"{""type"":""MultiPoint"",""coordinates"":[]}"
17762_0,0.38956642,"{""type"":""MultiPoint"",""coordinates"":[]}"
17764_0,0.082366966,"{""type"":""MultiPoint"",""coordinates"":[]}"
17765_0,0.0853373,"{""type"":""MultiPoint"",""coordinates"":[]}"
17766_0,0.03296321,"{""type"":""MultiPoint"",""coordinates"":[]}"
17771_0,0.39829385,"{""type"":""MultiPoint"",""coordinates"":[]}"
17772_0,0.104081936,"{""type"":""MultiPoint"",""coordinates"":[]}"
17776_0,0.9737312,"{""type"":""MultiPoint"",""coordinates"":[]}"
17778_0,0.3392879,"{""type"":""MultiPoint"",""coordinates"":[]}"
17779_0,0.22253513,"{""type"":""MultiPoint"",""coordinates"":[]}"
17781_0,0.06315727,"{""type"":""MultiPoint"",""coordinates"":[]}"
17782_0,0.45599988,"{""type"":""MultiPoint"",""coordinates"":[]}"
17785_0,0.022384467,"{""type"":""MultiPoint"",""coordinates"":[]}"
17787_0,0.21329407,"{""type"":""MultiPoint"",""coordinates"":[]}"
17789_0,0.11946426,"{""type"":""MultiPoint"",""coordinates"":[]}"
17791_0,0.09343831,"{""type"":""MultiPoint"",""coordinates"":[]}"
17792_0,0.08960526,"{""type"":""MultiPoint"",""coordinates"":[]}"
17794_0,0.094689816,"{""type"":""MultiPoint"",""coordinates"":[]}"
17796_0,0.25650725,"{""type"":""MultiPoint"",""coordinates"":[]}"
17798_0,0.28452653,"{""type"":""MultiPoint"",""coordinates"":[]}"
17801_0,0.10285099,"{""type"":""MultiPoint"",""coordinates"":[]}"
17803_0,0.07513506,"{""type"":""MultiPoint"",""coordinates"":[]}"
17804_0,0.019965336,"{""type"":""MultiPoint"",""coordinates"":[]}"
17806_0,0.16908874,"{""type"":""MultiPoint"",""coordinates"":[]}"
17807_0,0.14980307,"{""type"":""MultiPoint"",""coordinates"":[]}"
17808_0,0.10165171,"{""type"":""MultiPoint"",""coordinates"":[]}"
17809_0,0.053750552,"{""type"":""MultiPoint"",""coordinates"":[]}"
17811_0,0.33797872,"{""type"":""MultiPoint"",""coordinates"":[]}"
17812_0,0.35924155,"{""type"":""MultiPoint"",""coordinates"":[]}"
17813_0,0.15370815,"{""type"":""MultiPoint"",""coordinates"":[]}"
17814_0,0.36449873,"{""type"":""MultiPoint"",""coordinates"":[]}"
17815_0,0.37606007,"{""type"":""MultiPoint"",""coordinates"":[]}"
17816_0,0.1164443,"{""type"":""MultiPoint"",""coordinates"":[]}"
17820_0,0.032586772,"{""type"":""MultiPoint"",""coordinates"":[]}"
17821_0,0.25047827,"{""type"":""MultiPoint"",""coordinates"":[]}"
17823_0,0.17230389,"{""type"":""MultiPoint"",""coordinates"":[]}"
17826_0,8.8210386E-4,"{""type"":""MultiPoint"",""coordinates"":[]}"
17827_0,0.061435554,"{""type"":""MultiPoint"",""coordinates"":[]}"
17828_0,0.023495313,"{""type"":""MultiPoint"",""coordinates"":[]}"
17832_0,0.021119766,"{""type"":""MultiPoint"",""coordinates"":[]}"
17833_0,0.6002986,"{""type"":""MultiPoint"",""coordinates"":[]}"
17834_0,0.4802776,"{""type"":""MultiPoint"",""coordinates"":[]}"
17838_0,0.18061113,"{""type"":""MultiPoint"",""coordinates"":[]}"
17839_0,0.2382989,"{""type"":""MultiPoint"",""coordinates"":[]}"
17845_0,0.02743451,"{""type"":""MultiPoint"",""coordinates"":[]}"
17849_0,0.17270221,"{""type"":""MultiPoint"",""coordinates"":[]}"
17852_0,0.105786815,"{""type"":""MultiPoint"",""coordinates"":[]}"
17858_0,0.5942292,"{""type"":""MultiPoint"",""coordinates"":[]}"
17861_0,0.9939764,"{""type"":""MultiPoint"",""coordinates"":[]}"
17862_0,0.0556878,"{""type"":""MultiPoint"",""coordinates"":[]}"
17871_0,0.37606007,"{""type"":""MultiPoint"",""coordinates"":[]}"
17872_0,0.81149995,"{""type"":""MultiPoint"",""coordinates"":[]}"
17873_0,0.9628215,"{""type"":""MultiPoint"",""coordinates"":[]}"
17876_0,0.099711925,"{""type"":""MultiPoint"",""coordinates"":[]}"
17877_0,0.4802776,"{""type"":""MultiPoint"",""coordinates"":[]}"
17880_0,0.10285099,"{""type"":""MultiPoint"",""coordinates"":[]}"
17881_0,0.097796425,"{""type"":""MultiPoint"",""coordinates"":[]}"
17882_0,0.4927715,"{""type"":""MultiPoint"",""coordinates"":[]}"
17883_0,0.31992158,"{""type"":""MultiPoint"",""coordinates"":[]}"
17884_0,0.097796425,"{""type"":""MultiPoint"",""coordinates"":[]}"
17887_0,0.3470214,"{""type"":""MultiPoint"",""coordinates"":[]}"
17890_0,0.3756314,"{""type"":""MultiPoint"",""coordinates"":[]}"
17891_0,0.048094667,"{""type"":""MultiPoint"",""coordinates"":[]}"
17893_0,0.060817193,"{""type"":""MultiPoint"",""coordinates"":[]}"
17896_0,0.08170499,"{""type"":""MultiPoint"",""coordinates"":[]}"
17897_0,0.021088053,"{""type"":""MultiPoint"",""coordinates"":[]}"
17902_0,0.011040757,"{""type"":""MultiPoint"",""coordinates"":[]}"
17903_0,0.03296321,"{""type"":""MultiPoint"",""coordinates"":[]}"
17905_0,0.0139602395,"{""type"":""MultiPoint"",""coordinates"":[]}"
17906_0,0.29140612,"{""type"":""MultiPoint"",""coordinates"":[]}"
17908_0,0.17502892,"{""type"":""MultiPoint"",""coordinates"":[]}"
17909_0,0.18690279,"{""type"":""MultiPoint"",""coordinates"":[]}"
17912_0,0.34397468,"{""type"":""MultiPoint"",""coordinates"":[]}"
17919_0,0.38543224,"{""type"":""MultiPoint"",""coordinates"":[]}"
17922_0,0.3875038,"{""type"":""MultiPoint"",""coordinates"":[]}"
17923_0,0.07699686,"{""type"":""MultiPoint"",""coordinates"":[]}"
17924_0,0.24032514,"{""type"":""MultiPoint"",""coordinates"":[]}"
17927_0,0.030783214,"{""type"":""MultiPoint"",""coordinates"":[]}"
17929_0,0.09334352,"{""type"":""MultiPoint"",""coordinates"":[]}"
17930_0,0.20623015,"{""type"":""MultiPoint"",""coordinates"":[]}"
17933_0,0.27081478,"{""type"":""MultiPoint"",""coordinates"":[]}"
17934_0,0.101649106,"{""type"":""MultiPoint"",""coordinates"":[]}"
17941_0,0.43868947,"{""type"":""MultiPoint"",""coordinates"":[]}"
17945_0,0.26181906,"{""type"":""MultiPoint"",""coordinates"":[]}"
17950_0,0.50064844,"{""type"":""MultiPoint"",""coordinates"":[]}"
17956_0,0.011621363,"{""type"":""MultiPoint"",""coordinates"":[]}"
17957_0,0.060817193,"{""type"":""MultiPoint"",""coordinates"":[]}"
17960_0,0.10285099,"{""type"":""MultiPoint"",""coordinates"":[]}"
17965_0,0.10630077,"{""type"":""MultiPoint"",""coordinates"":[]}"
17968_0,0.2201503,"{""type"":""MultiPoint"",""coordinates"":[]}"
17971_0,0.19359218,"{""type"":""MultiPoint"",""coordinates"":[]}"
17974_0,0.18877323,"{""type"":""MultiPoint"",""coordinates"":[]}"
17978_0,0.25650725,"{""type"":""MultiPoint"",""coordinates"":[]}"
17979_0,0.1075159,"{""type"":""MultiPoint"",""coordinates"":[]}"
17981_0,0.38956642,"{""type"":""MultiPoint"",""coordinates"":[]}"
17982_0,0.17502892,"{""type"":""MultiPoint"",""coordinates"":[]}"
17984_0,0.090327226,"{""type"":""MultiPoint"",""coordinates"":[]}"
17985_0,0.10097202,"{""type"":""MultiPoint"",""coordinates"":[]}"
17988_0,0.15361306,"{""type"":""MultiPoint"",""coordinates"":[]}"
17989_0,0.042711835,"{""type"":""MultiPoint"",""coordinates"":[]}"
17990_0,0.05108714,"{""type"":""MultiPoint"",""coordinates"":[]}"
17991_0,0.03356531,"{""type"":""MultiPoint"",""coordinates"":[]}"
17993_0,0.3023574,"{""type"":""MultiPoint"",""coordinates"":[]}"
17999_0,0.114047475,"{""type"":""MultiPoint"",""coordinates"":[]}"
18000_0,0.13963479,"{""type"":""MultiPoint"",""coordinates"":[]}"
18002_0,0.51852524,"{""type"":""MultiPoint"",""coordinates"":[]}"
18003_0,0.3544604,"{""type"":""MultiPoint"",""coordinates"":[]}"
18004_0,0.10728097,"{""type"":""MultiPoint"",""coordinates"":[]}"
18005_0,0.13963479,"{""type"":""MultiPoint"",""coordinates"":[]}"
18006_0,0.28666985,"{""type"":""MultiPoint"",""coordinates"":[]}"
18011_0,0.09554416,"{""type"":""MultiPoint"",""coordinates"":[]}"
18012_0,0.37606007,"{""type"":""MultiPoint"",""coordinates"":[]}"
18019_0,0.09554416,"{""type"":""MultiPoint"",""coordinates"":[]}"
18022_0,0.06263004,"{""type"":""MultiPoint"",""coordinates"":[]}"
18028_0,0.044486247,"{""type"":""MultiPoint"",""coordinates"":[]}"
18029_0,0.075928405,"{""type"":""MultiPoint"",""coordinates"":[]}"
18030_0,0.31172946,"{""type"":""MultiPoint"",""coordinates"":[]}"
18035_0,0.03769546,"{""type"":""MultiPoint"",""coordinates"":[]}"
18036_0,0.11975249,"{""type"":""MultiPoint"",""coordinates"":[]}"
18037_0,0.021659931,"{""type"":""MultiPoint"",""coordinates"":[]}"
18038_0,0.10285099,"{""type"":""MultiPoint"",""coordinates"":[]}"
18039_0,0.07497728,"{""type"":""MultiPoint"",""coordinates"":[]}"
18047_0,0.0039507053,"{""type"":""MultiPoint"",""coordinates"":[]}"
18049_0,0.020662699,"{""type"":""MultiPoint"",""coordinates"":[]}"
18050_0,0.10285099,"{""type"":""MultiPoint"",""coordinates"":[]}"
18054_0,0.6160909,"{""type"":""MultiPoint"",""coordinates"":[]}"
18057_0,0.06765379,"{""type"":""MultiPoint"",""coordinates"":[]}"
18061_0,0.29140612,"{""type"":""MultiPoint"",""coordinates"":[]}"
18063_0,0.95340747,"{""type"":""MultiPoint"",""coordinates"":[]}"
18066_0,0.41026428,"{""type"":""MultiPoint"",""coordinates"":[]}"
18067_0,0.2076316,"{""type"":""MultiPoint"",""coordinates"":[]}"
18068_0,0.5060473,"{""type"":""MultiPoint"",""coordinates"":[]}"
18069_0,0.1093405,"{""type"":""MultiPoint"",""coordinates"":[]}"
18070_0,0.3875038,"{""type"":""MultiPoint"",""coordinates"":[]}"
18085_0,0.07870284,"{""type"":""MultiPoint"",""coordinates"":[]}"
18090_0,0.11084138,"{""type"":""MultiPoint"",""coordinates"":[]}"
18091_0,0.09558582,"{""type"":""MultiPoint"",""coordinates"":[]}"
18092_0,0.075928405,"{""type"":""MultiPoint"",""coordinates"":[]}"
18095_0,0.34275794,"{""type"":""MultiPoint"",""coordinates"":[]}"
18098_0,0.25047827,"{""type"":""MultiPoint"",""coordinates"":[]}"
18101_0,0.7083123,"{""type"":""MultiPoint"",""coordinates"":[]}"
18103_0,0.063124426,"{""type"":""MultiPoint"",""coordinates"":[]}"
18106_0,0.054954067,"{""type"":""MultiPoint"",""coordinates"":[]}"
18107_0,0.021263884,"{""type"":""MultiPoint"",""coordinates"":[]}"
18109_0,0.021263884,"{""type"":""MultiPoint"",""coordinates"":[]}"
18113_0,0.24355017,"{""type"":""MultiPoint"",""coordinates"":[]}"
18114_0,0.10285099,"{""type"":""MultiPoint"",""coordinates"":[]}"
18122_0,0.07870284,"{""type"":""MultiPoint"",""coordinates"":[]}"
18123_0,0.04254737,"{""type"":""MultiPoint"",""coordinates"":[]}"
18124_0,0.18456773,"{""type"":""MultiPoint"",""coordinates"":[]}"
18126_0,0.29140612,"{""type"":""MultiPoint"",""coordinates"":[]}"
18127_0,0.097796425,"{""type"":""MultiPoint"",""coordinates"":[]}"
18133_0,0.20581931,"{""type"":""MultiPoint"",""coordinates"":[]}"
18134_0,0.007618522,"{""type"":""MultiPoint"",""coordinates"":[]}"
18136_0,0.08998143,"{""type"":""MultiPoint"",""coordinates"":[]}"
18137_0,0.12124009,"{""type"":""MultiPoint"",""coordinates"":[]}"
18138_0,0.14356324,"{""type"":""MultiPoint"",""coordinates"":[]}"
18139_0,0.03296321,"{""type"":""MultiPoint"",""coordinates"":[]}"
18142_0,0.4802776,"{""type"":""MultiPoint"",""coordinates"":[]}"
18143_0,0.10285099,"{""type"":""MultiPoint"",""coordinates"":[]}"
18145_0,0.11084138,"{""type"":""MultiPoint"",""coordinates"":[]}"
18146_0,0.366994,"{""type"":""MultiPoint"",""coordinates"":[]}"
18147_0,0.0295578,"{""type"":""MultiPoint"",""coordinates"":[]}"
18148_0,0.07834225,"{""type"":""MultiPoint"",""coordinates"":[]}"
18151_0,0.25047827,"{""type"":""MultiPoint"",""coordinates"":[]}"
18154_0,0.30804354,"{""type"":""MultiPoint"",""coordinates"":[]}"
18158_0,0.09460962,"{""type"":""MultiPoint"",""coordinates"":[]}"
18161_0,0.10727189,"{""type"":""MultiPoint"",""coordinates"":[]}"
18163_0,0.018144088,"{""type"":""MultiPoint"",""coordinates"":[]}"
18164_0,0.09334352,"{""type"":""MultiPoint"",""coordinates"":[]}"
18166_0,0.0139602395,"{""type"":""MultiPoint"",""coordinates"":[]}"
18167_0,0.035375528,"{""type"":""MultiPoint"",""coordinates"":[]}"
18170_0,0.8513526,"{""type"":""MultiPoint"",""coordinates"":[]}"
18171_0,0.09334352,"{""type"":""MultiPoint"",""coordinates"":[]}"
18172_0,0.010031843,"{""type"":""MultiPoint"",""coordinates"":[]}"
18173_0,0.17502892,"{""type"":""MultiPoint"",""coordinates"":[]}"
18174_0,0.5364599,"{""type"":""MultiPoint"",""coordinates"":[]}"
18175_0,0.50361776,"{""type"":""MultiPoint"",""coordinates"":[]}"
18176_0,0.100524165,"{""type"":""MultiPoint"",""coordinates"":[]}"
18183_0,0.32464442,"{""type"":""MultiPoint"",""coordinates"":[]}"
18186_0,0.5647319,"{""type"":""MultiPoint"",""coordinates"":[]}"
18189_0,0.30083594,"{""type"":""MultiPoint"",""coordinates"":[]}"
18191_0,0.14020745,"{""type"":""MultiPoint"",""coordinates"":[]}"
18193_0,0.097796425,"{""type"":""MultiPoint"",""coordinates"":[]}"
18196_0,0.3544604,"{""type"":""MultiPoint"",""coordinates"":[]}"
18199_0,0.07234602,"{""type"":""MultiPoint"",""coordinates"":[]}"
18200_0,0.34347838,"{""type"":""MultiPoint"",""coordinates"":[]}"
18201_0,0.16607964,"{""type"":""MultiPoint"",""coordinates"":[]}"
18202_0,0.0023103207,"{""type"":""MultiPoint"",""coordinates"":[]}"
18206_0,0.23000424,"{""type"":""MultiPoint"",""coordinates"":[]}"
18207_0,0.07736541,"{""type"":""MultiPoint"",""coordinates"":[]}"
18208_0,0.07807663,"{""type"":""MultiPoint"",""coordinates"":[]}"
18210_0,0.07479553,"{""type"":""MultiPoint"",""coordinates"":[]}"
18213_0,0.25047827,"{""type"":""MultiPoint"",""coordinates"":[]}"
18215_0,0.6916973,"{""type"":""MultiPoint"",""coordinates"":[]}"
18216_0,0.111505456,"{""type"":""MultiPoint"",""coordinates"":[]}"
18224_0,0.12563357,"{""type"":""MultiPoint"",""coordinates"":[]}"
18225_0,0.08938021,"{""type"":""MultiPoint"",""coordinates"":[]}"
18234_0,0.384799,"{""type"":""MultiPoint"",""coordinates"":[]}"
18238_0,0.28095347,"{""type"":""MultiPoint"",""coordinates"":[]}"
18239_0,0.38543224,"{""type"":""MultiPoint"",""coordinates"":[]}"
18244_0,0.9984116,"{""type"":""MultiPoint"",""coordinates"":[]}"
18248_0,0.022743892,"{""type"":""MultiPoint"",""coordinates"":[]}"
18249_0,0.14462978,"{""type"":""MultiPoint"",""coordinates"":[]}"
18250_0,0.18877323,"{""type"":""MultiPoint"",""coordinates"":[]}"
18252_0,0.023014698,"{""type"":""MultiPoint"",""coordinates"":[]}"
18253_0,0.2623607,"{""type"":""MultiPoint"",""coordinates"":[]}"
18258_0,0.059212394,"{""type"":""MultiPoint"",""coordinates"":[]}"
18260_0,0.10285099,"{""type"":""MultiPoint"",""coordinates"":[]}"
18264_0,0.18506268,"{""type"":""MultiPoint"",""coordinates"":[]}"
18265_0,0.09265305,"{""type"":""MultiPoint"",""coordinates"":[]}"
18268_0,0.03387099,"{""type"":""MultiPoint"",""coordinates"":[]}"
18269_0,0.11989372,"{""type"":""MultiPoint"",""coordinates"":[]}"
18273_0,0.021491943,"{""type"":""MultiPoint"",""coordinates"":[]}"
18277_0,0.10285099,"{""type"":""MultiPoint"",""coordinates"":[]}"
18278_0,0.2636579,"{""type"":""MultiPoint"",""coordinates"":[]}"
18281_0,0.18456773,"{""type"":""MultiPoint"",""coordinates"":[]}"
18282_0,0.1584743,"{""type"":""MultiPoint"",""coordinates"":[]}"
18284_0,0.29140612,"{""type"":""MultiPoint"",""coordinates"":[]}"
18285_0,0.13767032,"{""type"":""MultiPoint"",""coordinates"":[]}"
18286_0,0.07354527,"{""type"":""MultiPoint"",""coordinates"":[]}"
18287_0,0.12384092,"{""type"":""MultiPoint"",""coordinates"":[]}"
18288_0,0.1431327,"{""type"":""MultiPoint"",""coordinates"":[]}"
18291_0,0.37729144,"{""type"":""MultiPoint"",""coordinates"":[]}"
18292_0,0.11149791,"{""type"":""MultiPoint"",""coordinates"":[]}"
18293_0,0.38543224,"{""type"":""MultiPoint"",""coordinates"":[]}"
18294_0,0.0959975,"{""type"":""MultiPoint"",""coordinates"":[]}"
18296_0,0.08331088,"{""type"":""MultiPoint"",""coordinates"":[]}"
18300_0,0.03387099,"{""type"":""MultiPoint"",""coordinates"":[]}"
18304_0,0.3875038,"{""type"":""MultiPoint"",""coordinates"":[]}"
18307_0,0.105786815,"{""type"":""MultiPoint"",""coordinates"":[]}"
18308_0,0.4802776,"{""type"":""MultiPoint"",""coordinates"":[]}"
18309_0,0.29140612,"{""type"":""MultiPoint"",""coordinates"":[]}"
18310_0,0.23328546,"{""type"":""MultiPoint"",""coordinates"":[]}"
18317_0,0.01104236,"{""type"":""MultiPoint"",""coordinates"":[]}"
18321_0,0.06426433,"{""type"":""MultiPoint"",""coordinates"":[]}"
18325_0,0.097796425,"{""type"":""MultiPoint"",""coordinates"":[]}"
18331_0,0.11975249,"{""type"":""MultiPoint"",""coordinates"":[]}"
18333_0,0.07462469,"{""type"":""MultiPoint"",""coordinates"":[]}"
18334_0,0.086008824,"{""type"":""MultiPoint"",""coordinates"":[]}"
18335_0,0.6160909,"{""type"":""MultiPoint"",""coordinates"":[]}"
18336_0,0.020746686,"{""type"":""MultiPoint"",""coordinates"":[]}"
18344_0,0.10284163,"{""type"":""MultiPoint"",""coordinates"":[]}"
18346_0,0.015520881,"{""type"":""MultiPoint"",""coordinates"":[]}"
18347_0,0.0853373,"{""type"":""MultiPoint"",""coordinates"":[]}"
18348_0,0.105786815,"{""type"":""MultiPoint"",""coordinates"":[]}"
18353_0,0.14729375,"{""type"":""MultiPoint"",""coordinates"":[]}"
18354_0,0.10952454,"{""type"":""MultiPoint"",""coordinates"":[]}"
18355_0,0.021119766,"{""type"":""MultiPoint"",""coordinates"":[]}"
18361_0,0.028439859,"{""type"":""MultiPoint"",""coordinates"":[]}"
18362_0,0.16777518,"{""type"":""MultiPoint"",""coordinates"":[]}"
18365_0,0.0039507053,"{""type"":""MultiPoint"",""coordinates"":[]}"
18366_0,0.10285099,"{""type"":""MultiPoint"",""coordinates"":[]}"
18371_0,0.1416121,"{""type"":""MultiPoint"",""coordinates"":[]}"
18372_0,0.17502892,"{""type"":""MultiPoint"",""coordinates"":[]}"
18376_0,0.13919297,"{""type"":""MultiPoint"",""coordinates"":[]}"
18380_0,0.06765379,"{""type"":""MultiPoint"",""coordinates"":[]}"
18381_0,0.0867102,"{""type"":""MultiPoint"",""coordinates"":[]}"
18382_0,0.2438891,"{""type"":""MultiPoint"",""coordinates"":[]}"
18385_0,0.24509844,"{""type"":""MultiPoint"",""coordinates"":[]}"
18387_0,0.24976988,"{""type"":""MultiPoint"",""coordinates"":[]}"
18390_0,0.13525626,"{""type"":""MultiPoint"",""coordinates"":[]}"
18392_0,0.11374652,"{""type"":""MultiPoint"",""coordinates"":[]}"
18397_0,0.04929287,"{""type"":""MultiPoint"",""coordinates"":[]}"
18398_0,0.4976047,"{""type"":""MultiPoint"",""coordinates"":[]}"
18402_0,0.3851201,"{""type"":""MultiPoint"",""coordinates"":[]}"
18404_0,0.05616936,"{""type"":""MultiPoint"",""coordinates"":[]}"
18405_0,0.024329606,"{""type"":""MultiPoint"",""coordinates"":[]}"
18407_0,0.22559902,"{""type"":""MultiPoint"",""coordinates"":[]}"
18409_0,0.17676485,"{""type"":""MultiPoint"",""coordinates"":[]}"
18411_0,0.384725,"{""type"":""MultiPoint"",""coordinates"":[]}"
18416_0,0.014184934,"{""type"":""MultiPoint"",""coordinates"":[]}"
18423_0,0.17502892,"{""type"":""MultiPoint"",""coordinates"":[]}"
18429_0,0.023014698,"{""type"":""MultiPoint"",""coordinates"":[]}"
18433_0,0.061732315,"{""type"":""MultiPoint"",""coordinates"":[]}"
18434_0,0.059212394,"{""type"":""MultiPoint"",""coordinates"":[]}"
18435_0,0.290257,"{""type"":""MultiPoint"",""coordinates"":[]}"
18437_0,0.2378419,"{""type"":""MultiPoint"",""coordinates"":[]}"
18438_0,0.25603816,"{""type"":""MultiPoint"",""coordinates"":[]}"
18440_0,0.32464442,"{""type"":""MultiPoint"",""coordinates"":[]}"
18442_0,0.099958666,"{""type"":""MultiPoint"",""coordinates"":[]}"
18446_0,0.3875038,"{""type"":""MultiPoint"",""coordinates"":[]}"
18447_0,0.4661105,"{""type"":""MultiPoint"",""coordinates"":[]}"
18448_0,0.38956642,"{""type"":""MultiPoint"",""coordinates"":[]}"
18453_0,0.7706159,"{""type"":""MultiPoint"",""coordinates"":[]}"
18456_0,0.04230152,"{""type"":""MultiPoint"",""coordinates"":[]}"
18457_0,0.25712207,"{""type"":""MultiPoint"",""coordinates"":[]}"
18458_0,0.018239975,"{""type"":""MultiPoint"",""coordinates"":[]}"
18461_0,0.07669952,"{""type"":""MultiPoint"",""coordinates"":[]}"
18462_0,0.16908874,"{""type"":""MultiPoint"",""coordinates"":[]}"
18463_0,0.040359054,"{""type"":""MultiPoint"",""coordinates"":[]}"
18465_0,0.37606007,"{""type"":""MultiPoint"",""coordinates"":[]}"
18470_0,0.010467444,"{""type"":""MultiPoint"",""coordinates"":[]}"
18475_0,0.17796138,"{""type"":""MultiPoint"",""coordinates"":[]}"
18478_0,0.14827345,"{""type"":""MultiPoint"",""coordinates"":[]}"
18480_0,0.17204231,"{""type"":""MultiPoint"",""coordinates"":[]}"
18482_0,0.08160356,"{""type"":""MultiPoint"",""coordinates"":[]}"
18486_0,0.25047827,"{""type"":""MultiPoint"",""coordinates"":[]}"
18487_0,0.36087003,"{""type"":""MultiPoint"",""coordinates"":[]}"
18488_0,0.0867102,"{""type"":""MultiPoint"",""coordinates"":[]}"
18489_0,0.04810359,"{""type"":""MultiPoint"",""coordinates"":[]}"
18490_0,0.18877323,"{""type"":""MultiPoint"",""coordinates"":[]}"
18497_0,0.021216407,"{""type"":""MultiPoint"",""coordinates"":[]}"
18498_0,0.18877323,"{""type"":""MultiPoint"",""coordinates"":[]}"
18499_0,0.02092735,"{""type"":""MultiPoint"",""coordinates"":[]}"
18500_0,0.015752748,"{""type"":""MultiPoint"",""coordinates"":[]}"
18503_0,0.120261066,"{""type"":""MultiPoint"",""coordinates"":[]}"
18506_0,0.30083594,"{""type"":""MultiPoint"",""coordinates"":[]}"
18507_0,0.13919297,"{""type"":""MultiPoint"",""coordinates"":[]}"
18508_0,0.1715961,"{""type"":""MultiPoint"",""coordinates"":[]}"
18510_0,0.16253944,"{""type"":""MultiPoint"",""coordinates"":[]}"
18513_0,0.18877323,"{""type"":""MultiPoint"",""coordinates"":[]}"
18518_0,0.014133324,"{""type"":""MultiPoint"",""coordinates"":[]}"
18522_0,0.074546695,"{""type"":""MultiPoint"",""coordinates"":[]}"
18523_0,0.012327017,"{""type"":""MultiPoint"",""coordinates"":[]}"
18527_0,0.030965991,"{""type"":""MultiPoint"",""coordinates"":[]}"
18528_0,0.06203053,"{""type"":""MultiPoint"",""coordinates"":[]}"
18529_0,0.18998411,"{""type"":""MultiPoint"",""coordinates"":[]}"
18532_0,0.1936337,"{""type"":""MultiPoint"",""coordinates"":[]}"
18534_0,0.021119766,"{""type"":""MultiPoint"",""coordinates"":[]}"
18537_0,0.013680672,"{""type"":""MultiPoint"",""coordinates"":[]}"
18538_0,0.056976356,"{""type"":""MultiPoint"",""coordinates"":[]}"
18539_0,0.17270221,"{""type"":""MultiPoint"",""coordinates"":[]}"
18540_0,0.11975249,"{""type"":""MultiPoint"",""coordinates"":[]}"
18543_0,0.0075883036,"{""type"":""MultiPoint"",""coordinates"":[]}"
18544_0,0.19359218,"{""type"":""MultiPoint"",""coordinates"":[]}"
18545_0,0.024329606,"{""type"":""MultiPoint"",""coordinates"":[]}"
18546_0,0.048695814,"{""type"":""MultiPoint"",""coordinates"":[]}"
18550_0,0.27566728,"{""type"":""MultiPoint"",""coordinates"":[]}"
18551_0,0.03296321,"{""type"":""MultiPoint"",""coordinates"":[]}"
18558_0,0.021119766,"{""type"":""MultiPoint"",""coordinates"":[]}"
18559_0,0.07283917,"{""type"":""MultiPoint"",""coordinates"":[]}"
18560_0,0.31992158,"{""type"":""MultiPoint"",""coordinates"":[]}"
18561_0,0.063124426,"{""type"":""MultiPoint"",""coordinates"":[]}"
18562_0,0.12646525,"{""type"":""MultiPoint"",""coordinates"":[]}"
18564_0,0.28452653,"{""type"":""MultiPoint"",""coordinates"":[]}"
18567_0,0.46497604,"{""type"":""MultiPoint"",""coordinates"":[]}"
18568_0,0.096440725,"{""type"":""MultiPoint"",""coordinates"":[]}"
18569_0,0.76569724,"{""type"":""MultiPoint"",""coordinates"":[]}"
18571_0,0.075928405,"{""type"":""MultiPoint"",""coordinates"":[]}"
18572_0,0.059212394,"{""type"":""MultiPoint"",""coordinates"":[]}"
18573_0,0.12958813,"{""type"":""MultiPoint"",""coordinates"":[]}"
18574_0,0.1855154,"{""type"":""MultiPoint"",""coordinates"":[]}"
18576_0,0.022349652,"{""type"":""MultiPoint"",""coordinates"":[]}"
18578_0,0.017836066,"{""type"":""MultiPoint"",""coordinates"":[]}"
18581_0,0.073374644,"{""type"":""MultiPoint"",""coordinates"":[]}"
18582_0,0.061440054,"{""type"":""MultiPoint"",""coordinates"":[]}"
18586_0,0.13379851,"{""type"":""MultiPoint"",""coordinates"":[]}"
18587_0,0.03387099,"{""type"":""MultiPoint"",""coordinates"":[]}"
18592_0,0.13072795,"{""type"":""MultiPoint"",""coordinates"":[]}"
18593_0,0.09343831,"{""type"":""MultiPoint"",""coordinates"":[]}"
18594_0,0.11924733,"{""type"":""MultiPoint"",""coordinates"":[]}"
18597_0,0.13750376,"{""type"":""MultiPoint"",""coordinates"":[]}"
18602_0,0.6121191,"{""type"":""MultiPoint"",""coordinates"":[]}"
18603_0,0.097796425,"{""type"":""MultiPoint"",""coordinates"":[]}"
18604_0,0.18877323,"{""type"":""MultiPoint"",""coordinates"":[]}"
18605_0,0.18998411,"{""type"":""MultiPoint"",""coordinates"":[]}"
18606_0,0.10285099,"{""type"":""MultiPoint"",""coordinates"":[]}"
18608_0,0.08224562,"{""type"":""MultiPoint"",""coordinates"":[]}"
18612_0,0.38543224,"{""type"":""MultiPoint"",""coordinates"":[]}"
18613_0,0.11457911,"{""type"":""MultiPoint"",""coordinates"":[]}"
18614_0,0.99708134,"{""type"":""MultiPoint"",""coordinates"":[]}"
18616_0,0.23131377,"{""type"":""MultiPoint"",""coordinates"":[]}"
18617_0,0.14032865,"{""type"":""MultiPoint"",""coordinates"":[]}"
18620_0,0.03296321,"{""type"":""MultiPoint"",""coordinates"":[]}"
18622_0,0.6160909,"{""type"":""MultiPoint"",""coordinates"":[]}"
18624_0,0.02264252,"{""type"":""MultiPoint"",""coordinates"":[]}"
18625_0,0.61749727,"{""type"":""MultiPoint"",""coordinates"":[]}"
18630_0,0.5060473,"{""type"":""MultiPoint"",""coordinates"":[]}"
18635_0,0.040856514,"{""type"":""MultiPoint"",""coordinates"":[]}"
18641_0,0.11498691,"{""type"":""MultiPoint"",""coordinates"":[]}"
18642_0,0.021119766,"{""type"":""MultiPoint"",""coordinates"":[]}"
18644_0,0.025907684,"{""type"":""MultiPoint"",""coordinates"":[]}"
18650_0,0.24355017,"{""type"":""MultiPoint"",""coordinates"":[]}"
18651_0,0.100524165,"{""type"":""MultiPoint"",""coordinates"":[]}"
18652_0,0.3851201,"{""type"":""MultiPoint"",""coordinates"":[]}"
18654_0,0.24355017,"{""type"":""MultiPoint"",""coordinates"":[]}"
18655_0,0.12961753,"{""type"":""MultiPoint"",""coordinates"":[]}"
18658_0,0.07870284,"{""type"":""MultiPoint"",""coordinates"":[]}"
18660_0,0.0024157963,"{""type"":""MultiPoint"",""coordinates"":[]}"
18661_0,0.011621363,"{""type"":""MultiPoint"",""coordinates"":[]}"
18664_0,0.08368953,"{""type"":""MultiPoint"",""coordinates"":[]}"
18665_0,0.08661002,"{""type"":""MultiPoint"",""coordinates"":[]}"
18666_0,0.18957797,"{""type"":""MultiPoint"",""coordinates"":[]}"
18668_0,0.114047475,"{""type"":""MultiPoint"",""coordinates"":[]}"
18671_0,0.37606007,"{""type"":""MultiPoint"",""coordinates"":[]}"
18672_0,0.089036375,"{""type"":""MultiPoint"",""coordinates"":[]}"
18679_0,0.11185759,"{""type"":""MultiPoint"",""coordinates"":[]}"
18681_0,0.71830815,"{""type"":""MultiPoint"",""coordinates"":[]}"
18682_0,0.5265836,"{""type"":""MultiPoint"",""coordinates"":[]}"
18685_0,0.0543004,"{""type"":""MultiPoint"",""coordinates"":[]}"
18687_0,0.0982416,"{""type"":""MultiPoint"",""coordinates"":[]}"
18688_0,0.13333978,"{""type"":""MultiPoint"",""coordinates"":[]}"
18690_0,0.10285099,"{""type"":""MultiPoint"",""coordinates"":[]}"
18691_0,0.026121335,"{""type"":""MultiPoint"",""coordinates"":[]}"
18692_0,0.017302977,"{""type"":""MultiPoint"",""coordinates"":[]}"
18695_0,0.08867514,"{""type"":""MultiPoint"",""coordinates"":[]}"
18697_0,0.017995218,"{""type"":""MultiPoint"",""coordinates"":[]}"
18699_0,0.075928405,"{""type"":""MultiPoint"",""coordinates"":[]}"
18700_0,0.26275623,"{""type"":""MultiPoint"",""coordinates"":[]}"
18701_0,0.12249981,"{""type"":""MultiPoint"",""coordinates"":[]}"
18702_0,0.14096272,"{""type"":""MultiPoint"",""coordinates"":[]}"
18705_0,0.7147144,"{""type"":""MultiPoint"",""coordinates"":[]}"
18707_0,0.063124426,"{""type"":""MultiPoint"",""coordinates"":[]}"
18712_0,0.09460962,"{""type"":""MultiPoint"",""coordinates"":[]}"
18716_0,0.4766739,"{""type"":""MultiPoint"",""coordinates"":[]}"
18722_0,0.08257291,"{""type"":""MultiPoint"",""coordinates"":[]}"
18728_0,0.10980927,"{""type"":""MultiPoint"",""coordinates"":[]}"
18731_0,0.041731,"{""type"":""MultiPoint"",""coordinates"":[]}"
18737_0,0.066371836,"{""type"":""MultiPoint"",""coordinates"":[]}"
18738_0,0.041300055,"{""type"":""MultiPoint"",""coordinates"":[]}"
18739_0,0.96969193,"{""type"":""MultiPoint"",""coordinates"":[]}"
18742_0,0.21113235,"{""type"":""MultiPoint"",""coordinates"":[]}"
18746_0,0.062192984,"{""type"":""MultiPoint"",""coordinates"":[]}"
18749_0,0.41349977,"{""type"":""MultiPoint"",""coordinates"":[]}"
18750_0,0.3392879,"{""type"":""MultiPoint"",""coordinates"":[]}"
18753_0,0.10059872,"{""type"":""MultiPoint"",""coordinates"":[]}"
18756_0,0.8566325,"{""type"":""MultiPoint"",""coordinates"":[]}"
18757_0,0.7357671,"{""type"":""MultiPoint"",""coordinates"":[]}"
18759_0,0.9981976,"{""type"":""MultiPoint"",""coordinates"":[]}"
18762_0,0.11975249,"{""type"":""MultiPoint"",""coordinates"":[]}"
18764_0,0.24355017,"{""type"":""MultiPoint"",""coordinates"":[]}"
18774_0,0.04538677,"{""type"":""MultiPoint"",""coordinates"":[]}"
18775_0,0.10285099,"{""type"":""MultiPoint"",""coordinates"":[]}"
18776_0,0.24355017,"{""type"":""MultiPoint"",""coordinates"":[]}"
18777_0,0.18998411,"{""type"":""MultiPoint"",""coordinates"":[]}"
18780_0,0.23113486,"{""type"":""MultiPoint"",""coordinates"":[]}"
18781_0,0.28046545,"{""type"":""MultiPoint"",""coordinates"":[]}"
18782_0,0.02385106,"{""type"":""MultiPoint"",""coordinates"":[]}"
18789_0,0.065271914,"{""type"":""MultiPoint"",""coordinates"":[]}"
18797_0,0.00771889,"{""type"":""MultiPoint"",""coordinates"":[]}"
18798_0,0.07547843,"{""type"":""MultiPoint"",""coordinates"":[]}"
18799_0,0.15403998,"{""type"":""MultiPoint"",""coordinates"":[]}"
18803_0,0.31093368,"{""type"":""MultiPoint"",""coordinates"":[]}"
18804_0,0.07669952,"{""type"":""MultiPoint"",""coordinates"":[]}"
18805_0,0.16543287,"{""type"":""MultiPoint"",""coordinates"":[]}"
18806_0,0.08271224,"{""type"":""MultiPoint"",""coordinates"":[]}"
18808_0,0.17902705,"{""type"":""MultiPoint"",""coordinates"":[]}"
18809_0,0.2959227,"{""type"":""MultiPoint"",""coordinates"":[]}"
18811_0,0.98180205,"{""type"":""MultiPoint"",""coordinates"":[]}"
18812_0,0.13840814,"{""type"":""MultiPoint"",""coordinates"":[]}"
18816_0,0.17852768,"{""type"":""MultiPoint"",""coordinates"":[]}"
18818_0,0.35924155,"{""type"":""MultiPoint"",""coordinates"":[]}"
18819_0,0.12540835,"{""type"":""MultiPoint"",""coordinates"":[]}"
18822_0,0.08845048,"{""type"":""MultiPoint"",""coordinates"":[]}"
18829_0,0.11834879,"{""type"":""MultiPoint"",""coordinates"":[]}"
18831_0,0.29140612,"{""type"":""MultiPoint"",""coordinates"":[]}"
18832_0,0.36359498,"{""type"":""MultiPoint"",""coordinates"":[]}"
18833_0,0.13721088,"{""type"":""MultiPoint"",""coordinates"":[]}"
18834_0,0.21962184,"{""type"":""MultiPoint"",""coordinates"":[]}"
18837_0,0.08310655,"{""type"":""MultiPoint"",""coordinates"":[]}"
18840_0,0.1110861,"{""type"":""MultiPoint"",""coordinates"":[]}"
18841_0,0.14462978,"{""type"":""MultiPoint"",""coordinates"":[]}"
18843_0,0.28452653,"{""type"":""MultiPoint"",""coordinates"":[]}"
18844_0,0.27519646,"{""type"":""MultiPoint"",""coordinates"":[]}"
18847_0,0.40724438,"{""type"":""MultiPoint"",""coordinates"":[]}"
18849_0,0.5224071,"{""type"":""MultiPoint"",""coordinates"":[]}"
18851_0,0.72709256,"{""type"":""MultiPoint"",""coordinates"":[]}"
18853_0,0.022384467,"{""type"":""MultiPoint"",""coordinates"":[]}"
18857_0,0.366994,"{""type"":""MultiPoint"",""coordinates"":[]}"
18858_0,0.11304259,"{""type"":""MultiPoint"",""coordinates"":[]}"
18859_0,0.17796138,"{""type"":""MultiPoint"",""coordinates"":[]}"
18860_0,0.4802776,"{""type"":""MultiPoint"",""coordinates"":[]}"
18863_0,0.24976988,"{""type"":""MultiPoint"",""coordinates"":[]}"
18865_0,0.048094667,"{""type"":""MultiPoint"",""coordinates"":[]}"
18866_0,0.15259017,"{""type"":""MultiPoint"",""coordinates"":[]}"
18867_0,0.019494193,"{""type"":""MultiPoint"",""coordinates"":[]}"
18868_0,0.022349652,"{""type"":""MultiPoint"",""coordinates"":[]}"
18871_0,0.9967477,"{""type"":""MultiPoint"",""coordinates"":[]}"
18873_0,0.3731105,"{""type"":""MultiPoint"",""coordinates"":[]}"
18875_0,0.9632215,"{""type"":""MultiPoint"",""coordinates"":[]}"
18876_0,0.023462558,"{""type"":""MultiPoint"",""coordinates"":[]}"
18877_0,0.08027557,"{""type"":""MultiPoint"",""coordinates"":[]}"
18879_0,0.07086241,"{""type"":""MultiPoint"",""coordinates"":[]}"
18882_0,0.07669952,"{""type"":""MultiPoint"",""coordinates"":[]}"
18886_0,0.11084138,"{""type"":""MultiPoint"",""coordinates"":[]}"
18888_0,0.082366966,"{""type"":""MultiPoint"",""coordinates"":[]}"
18889_0,0.17152493,"{""type"":""MultiPoint"",""coordinates"":[]}"
18891_0,0.10285099,"{""type"":""MultiPoint"",""coordinates"":[]}"
18893_0,0.10285099,"{""type"":""MultiPoint"",""coordinates"":[]}"
18895_0,0.17502892,"{""type"":""MultiPoint"",""coordinates"":[]}"
18896_0,0.030252635,"{""type"":""MultiPoint"",""coordinates"":[]}"
18898_0,0.1998186,"{""type"":""MultiPoint"",""coordinates"":[]}"
18899_0,0.12871715,"{""type"":""MultiPoint"",""coordinates"":[]}"
18901_0,0.11084138,"{""type"":""MultiPoint"",""coordinates"":[]}"
18902_0,0.10980927,"{""type"":""MultiPoint"",""coordinates"":[]}"
18904_0,0.11975249,"{""type"":""MultiPoint"",""coordinates"":[]}"
18905_0,0.33702496,"{""type"":""MultiPoint"",""coordinates"":[]}"
18907_0,0.075928405,"{""type"":""MultiPoint"",""coordinates"":[]}"
18912_0,0.28433612,"{""type"":""MultiPoint"",""coordinates"":[]}"
18915_0,0.1536948,"{""type"":""MultiPoint"",""coordinates"":[]}"
18916_0,0.3382676,"{""type"":""MultiPoint"",""coordinates"":[]}"
18917_0,0.22742334,"{""type"":""MultiPoint"",""coordinates"":[]}"
18923_0,0.29624894,"{""type"":""MultiPoint"",""coordinates"":[]}"
18926_0,0.7184996,"{""type"":""MultiPoint"",""coordinates"":[]}"
18928_0,0.060817193,"{""type"":""MultiPoint"",""coordinates"":[]}"
18934_0,0.026121335,"{""type"":""MultiPoint"",""coordinates"":[]}"
18935_0,0.01679423,"{""type"":""MultiPoint"",""coordinates"":[]}"
18938_0,0.3392879,"{""type"":""MultiPoint"",""coordinates"":[]}"
18943_0,0.0867102,"{""type"":""MultiPoint"",""coordinates"":[]}"
18945_0,0.23077728,"{""type"":""MultiPoint"",""coordinates"":[]}"
18951_0,0.06489111,"{""type"":""MultiPoint"",""coordinates"":[]}"
18955_0,0.09524611,"{""type"":""MultiPoint"",""coordinates"":[]}"
18956_0,0.175729,"{""type"":""MultiPoint"",""coordinates"":[]}"
18961_0,0.3470214,"{""type"":""MultiPoint"",""coordinates"":[]}"
18963_0,0.025124483,"{""type"":""MultiPoint"",""coordinates"":[]}"
18964_0,0.30268568,"{""type"":""MultiPoint"",""coordinates"":[]}"
18967_0,0.029883523,"{""type"":""MultiPoint"",""coordinates"":[]}"
18968_0,0.14092804,"{""type"":""MultiPoint"",""coordinates"":[]}"
18969_0,0.19154887,"{""type"":""MultiPoint"",""coordinates"":[]}"
18971_0,0.25712207,"{""type"":""MultiPoint"",""coordinates"":[]}"
18972_0,0.105786815,"{""type"":""MultiPoint"",""coordinates"":[]}"
18974_0,0.047351953,"{""type"":""MultiPoint"",""coordinates"":[]}"
18979_0,0.06765379,"{""type"":""MultiPoint"",""coordinates"":[]}"
18984_0,0.08557811,"{""type"":""MultiPoint"",""coordinates"":[]}"
18985_0,0.042021427,"{""type"":""MultiPoint"",""coordinates"":[]}"
18988_0,0.033594366,"{""type"":""MultiPoint"",""coordinates"":[]}"
18989_0,0.18456773,"{""type"":""MultiPoint"",""coordinates"":[]}"
18991_0,0.194598,"{""type"":""MultiPoint"",""coordinates"":[]}"
18994_0,0.1055249,"{""type"":""MultiPoint"",""coordinates"":[]}"
18995_0,0.0039507416,"{""type"":""MultiPoint"",""coordinates"":[]}"
18996_0,0.08851832,"{""type"":""MultiPoint"",""coordinates"":[]}"
18998_0,0.026176041,"{""type"":""MultiPoint"",""coordinates"":[]}"
19002_0,0.18456773,"{""type"":""MultiPoint"",""coordinates"":[]}"
19007_0,0.3589354,"{""type"":""MultiPoint"",""coordinates"":[]}"
19012_0,0.075928405,"{""type"":""MultiPoint"",""coordinates"":[]}"
19013_0,0.087028846,"{""type"":""MultiPoint"",""coordinates"":[]}"
19015_0,0.18456773,"{""type"":""MultiPoint"",""coordinates"":[]}"
19018_0,0.09334352,"{""type"":""MultiPoint"",""coordinates"":[]}"
19019_0,0.5017335,"{""type"":""MultiPoint"",""coordinates"":[]}"
19020_0,0.37606007,"{""type"":""MultiPoint"",""coordinates"":[]}"
19021_0,0.19281252,"{""type"":""MultiPoint"",""coordinates"":[]}"
19022_0,0.51943034,"{""type"":""MultiPoint"",""coordinates"":[]}"
19023_0,0.12388101,"{""type"":""MultiPoint"",""coordinates"":[]}"
19024_0,0.13669217,"{""type"":""MultiPoint"",""coordinates"":[]}"
19025_0,0.32196933,"{""type"":""MultiPoint"",""coordinates"":[]}"
19026_0,0.054815147,"{""type"":""MultiPoint"",""coordinates"":[]}"
19027_0,0.10771803,"{""type"":""MultiPoint"",""coordinates"":[]}"
19030_0,0.07669952,"{""type"":""MultiPoint"",""coordinates"":[]}"
19033_0,0.10980927,"{""type"":""MultiPoint"",""coordinates"":[]}"
19034_0,0.43868947,"{""type"":""MultiPoint"",""coordinates"":[]}"
19037_0,0.11301686,"{""type"":""MultiPoint"",""coordinates"":[]}"
19038_0,0.29410505,"{""type"":""MultiPoint"",""coordinates"":[]}"
19040_0,0.21050468,"{""type"":""MultiPoint"",""coordinates"":[]}"
19041_0,0.0075883036,"{""type"":""MultiPoint"",""coordinates"":[]}"
19042_0,0.11989372,"{""type"":""MultiPoint"",""coordinates"":[]}"
19045_0,0.08122719,"{""type"":""MultiPoint"",""coordinates"":[]}"
19047_0,0.0039507416,"{""type"":""MultiPoint"",""coordinates"":[]}"
19048_0,0.08145048,"{""type"":""MultiPoint"",""coordinates"":[]}"
19053_0,0.1297358,"{""type"":""MultiPoint"",""coordinates"":[]}"
19054_0,0.038270354,"{""type"":""MultiPoint"",""coordinates"":[]}"
19060_0,0.021263884,"{""type"":""MultiPoint"",""coordinates"":[]}"
19062_0,0.40898508,"{""type"":""MultiPoint"",""coordinates"":[]}"
19066_0,0.15234406,"{""type"":""MultiPoint"",""coordinates"":[]}"
19067_0,0.23048483,"{""type"":""MultiPoint"",""coordinates"":[]}"
19072_0,0.13525626,"{""type"":""MultiPoint"",""coordinates"":[]}"
19073_0,0.011317061,"{""type"":""MultiPoint"",""coordinates"":[]}"
19075_0,0.0139602395,"{""type"":""MultiPoint"",""coordinates"":[]}"
19077_0,0.13296287,"{""type"":""MultiPoint"",""coordinates"":[]}"
19084_0,0.25047827,"{""type"":""MultiPoint"",""coordinates"":[]}"
19086_0,0.056940697,"{""type"":""MultiPoint"",""coordinates"":[]}"
19087_0,0.074546695,"{""type"":""MultiPoint"",""coordinates"":[]}"
19088_0,0.25047827,"{""type"":""MultiPoint"",""coordinates"":[]}"
19090_0,0.18456773,"{""type"":""MultiPoint"",""coordinates"":[]}"
19096_0,0.089481495,"{""type"":""MultiPoint"",""coordinates"":[]}"
19099_0,0.18877323,"{""type"":""MultiPoint"",""coordinates"":[]}"
19100_0,0.082722835,"{""type"":""MultiPoint"",""coordinates"":[]}"
19108_0,0.17796138,"{""type"":""MultiPoint"",""coordinates"":[]}"
19109_0,0.022743892,"{""type"":""MultiPoint"",""coordinates"":[]}"
19111_0,0.24177404,"{""type"":""MultiPoint"",""coordinates"":[]}"
19115_0,0.25188187,"{""type"":""MultiPoint"",""coordinates"":[]}"
19120_0,0.021263884,"{""type"":""MultiPoint"",""coordinates"":[]}"
19121_0,0.18456773,"{""type"":""MultiPoint"",""coordinates"":[]}"
19122_0,0.7357671,"{""type"":""MultiPoint"",""coordinates"":[]}"
19123_0,0.20999172,"{""type"":""MultiPoint"",""coordinates"":[]}"
19126_0,0.099859014,"{""type"":""MultiPoint"",""coordinates"":[]}"
19127_0,0.36359498,"{""type"":""MultiPoint"",""coordinates"":[]}"
19131_0,0.14380477,"{""type"":""MultiPoint"",""coordinates"":[]}"
19132_0,0.06754969,"{""type"":""MultiPoint"",""coordinates"":[]}"
19135_0,0.07699686,"{""type"":""MultiPoint"",""coordinates"":[]}"
19144_0,0.0867102,"{""type"":""MultiPoint"",""coordinates"":[]}"
19146_0,0.18877323,"{""type"":""MultiPoint"",""coordinates"":[]}"
19150_0,0.053750552,"{""type"":""MultiPoint"",""coordinates"":[]}"
19151_0,0.14356324,"{""type"":""MultiPoint"",""coordinates"":[]}"
19153_0,0.036663428,"{""type"":""MultiPoint"",""coordinates"":[]}"
19156_0,0.03356531,"{""type"":""MultiPoint"",""coordinates"":[]}"
19159_0,0.08985279,"{""type"":""MultiPoint"",""coordinates"":[]}"
19160_0,0.023871304,"{""type"":""MultiPoint"",""coordinates"":[]}"
19164_0,0.07651094,"{""type"":""MultiPoint"",""coordinates"":[]}"
19167_0,0.10014764,"{""type"":""MultiPoint"",""coordinates"":[]}"
19170_0,0.07870284,"{""type"":""MultiPoint"",""coordinates"":[]}"
19175_0,0.10285099,"{""type"":""MultiPoint"",""coordinates"":[]}"
19181_0,0.84474915,"{""type"":""MultiPoint"",""coordinates"":[]}"
19183_0,0.059212394,"{""type"":""MultiPoint"",""coordinates"":[]}"
19189_0,0.05285938,"{""type"":""MultiPoint"",""coordinates"":[]}"
19190_0,0.017295185,"{""type"":""MultiPoint"",""coordinates"":[]}"
19191_0,0.6246548,"{""type"":""MultiPoint"",""coordinates"":[]}"
19192_0,0.078240186,"{""type"":""MultiPoint"",""coordinates"":[]}"
19194_0,0.20938267,"{""type"":""MultiPoint"",""coordinates"":[]}"
19196_0,0.060306367,"{""type"":""MultiPoint"",""coordinates"":[]}"
19198_0,0.10980927,"{""type"":""MultiPoint"",""coordinates"":[]}"
19202_0,0.97612566,"{""type"":""MultiPoint"",""coordinates"":[]}"
19203_0,0.07737491,"{""type"":""MultiPoint"",""coordinates"":[]}"
19205_0,0.07870284,"{""type"":""MultiPoint"",""coordinates"":[]}"
19214_0,0.17267007,"{""type"":""MultiPoint"",""coordinates"":[]}"
19215_0,0.12123924,"{""type"":""MultiPoint"",""coordinates"":[]}"
19218_0,0.23077728,"{""type"":""MultiPoint"",""coordinates"":[]}"
19219_0,0.7465803,"{""type"":""MultiPoint"",""coordinates"":[]}"
19222_0,0.082722835,"{""type"":""MultiPoint"",""coordinates"":[]}"
19225_0,0.11229959,"{""type"":""MultiPoint"",""coordinates"":[]}"
19226_0,0.384725,"{""type"":""MultiPoint"",""coordinates"":[]}"
19227_0,0.6203525,"{""type"":""MultiPoint"",""coordinates"":[]}"
19229_0,0.17270221,"{""type"":""MultiPoint"",""coordinates"":[]}"
19230_0,0.9921843,"{""type"":""MultiPoint"",""coordinates"":[]}"
19231_0,0.063124426,"{""type"":""MultiPoint"",""coordinates"":[]}"
19237_0,0.3023574,"{""type"":""MultiPoint"",""coordinates"":[]}"
19242_0,0.106181785,"{""type"":""MultiPoint"",""coordinates"":[]}"
19245_0,0.057327054,"{""type"":""MultiPoint"",""coordinates"":[]}"
19250_0,0.19546548,"{""type"":""MultiPoint"",""coordinates"":[]}"
19252_0,0.10285099,"{""type"":""MultiPoint"",""coordinates"":[]}"
19254_0,0.36921608,"{""type"":""MultiPoint"",""coordinates"":[]}"
19255_0,0.3875038,"{""type"":""MultiPoint"",""coordinates"":[]}"
19258_0,0.024329606,"{""type"":""MultiPoint"",""coordinates"":[]}"
19260_0,0.7090576,"{""type"":""MultiPoint"",""coordinates"":[]}"
19270_0,0.0026684531,"{""type"":""MultiPoint"",""coordinates"":[]}"
19273_0,0.07729754,"{""type"":""MultiPoint"",""coordinates"":[]}"
19276_0,0.0755203,"{""type"":""MultiPoint"",""coordinates"":[]}"
19277_0,0.3406289,"{""type"":""MultiPoint"",""coordinates"":[]}"
19278_0,0.039151233,"{""type"":""MultiPoint"",""coordinates"":[]}"
19280_0,0.10061891,"{""type"":""MultiPoint"",""coordinates"":[]}"
19282_0,0.062192984,"{""type"":""MultiPoint"",""coordinates"":[]}"
19287_0,0.021119766,"{""type"":""MultiPoint"",""coordinates"":[]}"
19290_0,0.04929287,"{""type"":""MultiPoint"",""coordinates"":[]}"
19291_0,0.43402666,"{""type"":""MultiPoint"",""coordinates"":[]}"
19295_0,0.37449735,"{""type"":""MultiPoint"",""coordinates"":[]}"
19296_0,0.1075159,"{""type"":""MultiPoint"",""coordinates"":[]}"
19304_0,0.20452382,"{""type"":""MultiPoint"",""coordinates"":[]}"
19305_0,0.021119766,"{""type"":""MultiPoint"",""coordinates"":[]}"
19306_0,0.011475624,"{""type"":""MultiPoint"",""coordinates"":[]}"
19308_0,0.043451868,"{""type"":""MultiPoint"",""coordinates"":[]}"
19310_0,0.112022206,"{""type"":""MultiPoint"",""coordinates"":[]}"
19313_0,0.31745332,"{""type"":""MultiPoint"",""coordinates"":[]}"
19315_0,0.7641302,"{""type"":""MultiPoint"",""coordinates"":[]}"
19316_0,0.08208485,"{""type"":""MultiPoint"",""coordinates"":[]}"
19317_0,0.08602925,"{""type"":""MultiPoint"",""coordinates"":[]}"
19321_0,0.090327226,"{""type"":""MultiPoint"",""coordinates"":[]}"
19323_0,0.36337736,"{""type"":""MultiPoint"",""coordinates"":[]}"
19324_0,0.07669952,"{""type"":""MultiPoint"",""coordinates"":[]}"
19325_0,0.12343565,"{""type"":""MultiPoint"",""coordinates"":[]}"
19327_0,0.036089867,"{""type"":""MultiPoint"",""coordinates"":[]}"
19328_0,0.3361892,"{""type"":""MultiPoint"",""coordinates"":[]}"
19332_0,0.9933653,"{""type"":""MultiPoint"",""coordinates"":[]}"
19333_0,0.36978626,"{""type"":""MultiPoint"",""coordinates"":[]}"
19339_0,0.07497728,"{""type"":""MultiPoint"",""coordinates"":[]}"
19340_0,0.28131342,"{""type"":""MultiPoint"",""coordinates"":[]}"
19341_0,0.9710983,"{""type"":""MultiPoint"",""coordinates"":[]}"
19346_0,0.14205033,"{""type"":""MultiPoint"",""coordinates"":[]}"
19351_0,0.45365342,"{""type"":""MultiPoint"",""coordinates"":[]}"
19353_0,0.114047475,"{""type"":""MultiPoint"",""coordinates"":[]}"
19355_0,0.14462978,"{""type"":""MultiPoint"",""coordinates"":[]}"
19357_0,0.22186464,"{""type"":""MultiPoint"",""coordinates"":[]}"
19361_0,0.060420234,"{""type"":""MultiPoint"",""coordinates"":[]}"
19366_0,0.04254737,"{""type"":""MultiPoint"",""coordinates"":[]}"
19368_0,0.2438891,"{""type"":""MultiPoint"",""coordinates"":[]}"
19373_0,0.15916133,"{""type"":""MultiPoint"",""coordinates"":[]}"
19375_0,0.18456773,"{""type"":""MultiPoint"",""coordinates"":[]}"
19376_0,0.48459473,"{""type"":""MultiPoint"",""coordinates"":[]}"
19377_0,0.09460962,"{""type"":""MultiPoint"",""coordinates"":[]}"
19383_0,0.5422807,"{""type"":""MultiPoint"",""coordinates"":[]}"
19384_0,0.20155804,"{""type"":""MultiPoint"",""coordinates"":[]}"
19385_0,0.18456773,"{""type"":""MultiPoint"",""coordinates"":[]}"
19386_0,0.021119766,"{""type"":""MultiPoint"",""coordinates"":[]}"
19392_0,0.055208884,"{""type"":""MultiPoint"",""coordinates"":[]}"
19395_0,0.038940735,"{""type"":""MultiPoint"",""coordinates"":[]}"
19397_0,0.023423303,"{""type"":""MultiPoint"",""coordinates"":[]}"
19398_0,0.08257291,"{""type"":""MultiPoint"",""coordinates"":[]}"
19402_0,0.8672423,"{""type"":""MultiPoint"",""coordinates"":[]}"
19404_0,0.07513506,"{""type"":""MultiPoint"",""coordinates"":[]}"
19405_0,0.37103114,"{""type"":""MultiPoint"",""coordinates"":[]}"
19408_0,0.0850703,"{""type"":""MultiPoint"",""coordinates"":[]}"
19409_0,0.12682562,"{""type"":""MultiPoint"",""coordinates"":[]}"
19410_0,0.29140612,"{""type"":""MultiPoint"",""coordinates"":[]}"
19413_0,0.06765379,"{""type"":""MultiPoint"",""coordinates"":[]}"
19418_0,0.12990949,"{""type"":""MultiPoint"",""coordinates"":[]}"
19422_0,0.075928405,"{""type"":""MultiPoint"",""coordinates"":[]}"
19423_0,0.9722918,"{""type"":""MultiPoint"",""coordinates"":[]}"
19426_0,0.06407895,"{""type"":""MultiPoint"",""coordinates"":[]}"
19428_0,0.20050494,"{""type"":""MultiPoint"",""coordinates"":[]}"
19429_0,0.43868947,"{""type"":""MultiPoint"",""coordinates"":[]}"
19430_0,0.063124426,"{""type"":""MultiPoint"",""coordinates"":[]}"
19433_0,0.07914007,"{""type"":""MultiPoint"",""coordinates"":[]}"
19440_0,0.07669952,"{""type"":""MultiPoint"",""coordinates"":[]}"
19443_0,0.6709732,"{""type"":""MultiPoint"",""coordinates"":[]}"
19444_0,0.019889027,"{""type"":""MultiPoint"",""coordinates"":[]}"
19445_0,0.16068025,"{""type"":""MultiPoint"",""coordinates"":[]}"
19449_0,0.18877323,"{""type"":""MultiPoint"",""coordinates"":[]}"
19451_0,0.077646285,"{""type"":""MultiPoint"",""coordinates"":[]}"
19455_0,0.082366966,"{""type"":""MultiPoint"",""coordinates"":[]}"
19458_0,0.18998411,"{""type"":""MultiPoint"",""coordinates"":[]}"
19459_0,0.10829289,"{""type"":""MultiPoint"",""coordinates"":[]}"
19463_0,0.17902705,"{""type"":""MultiPoint"",""coordinates"":[]}"
19468_0,0.11229959,"{""type"":""MultiPoint"",""coordinates"":[]}"
19470_0,0.08960526,"{""type"":""MultiPoint"",""coordinates"":[]}"
19472_0,0.020985296,"{""type"":""MultiPoint"",""coordinates"":[]}"
19473_0,0.014546178,"{""type"":""MultiPoint"",""coordinates"":[]}"
19474_0,0.1665652,"{""type"":""MultiPoint"",""coordinates"":[]}"
19476_0,0.9982206,"{""type"":""MultiPoint"",""coordinates"":[]}"
19481_0,0.24355017,"{""type"":""MultiPoint"",""coordinates"":[]}"
19482_0,0.6121191,"{""type"":""MultiPoint"",""coordinates"":[]}"
19490_0,0.3287856,"{""type"":""MultiPoint"",""coordinates"":[]}"
19491_0,0.16262841,"{""type"":""MultiPoint"",""coordinates"":[]}"
19493_0,0.06765379,"{""type"":""MultiPoint"",""coordinates"":[]}"
19500_0,0.07497728,"{""type"":""MultiPoint"",""coordinates"":[]}"
19501_0,0.49203724,"{""type"":""MultiPoint"",""coordinates"":[]}"
19504_0,0.06765379,"{""type"":""MultiPoint"",""coordinates"":[]}"
19509_0,0.10285099,"{""type"":""MultiPoint"",""coordinates"":[]}"
19512_0,0.20947154,"{""type"":""MultiPoint"",""coordinates"":[]}"
19516_0,0.3470279,"{""type"":""MultiPoint"",""coordinates"":[]}"
19518_0,0.070046775,"{""type"":""MultiPoint"",""coordinates"":[]}"
19519_0,0.7960194,"{""type"":""MultiPoint"",""coordinates"":[]}"
19523_0,0.4261324,"{""type"":""MultiPoint"",""coordinates"":[]}"
19529_0,0.075928405,"{""type"":""MultiPoint"",""coordinates"":[]}"
19530_0,0.31745332,"{""type"":""MultiPoint"",""coordinates"":[]}"
19533_0,0.0867102,"{""type"":""MultiPoint"",""coordinates"":[]}"
19537_0,0.18456773,"{""type"":""MultiPoint"",""coordinates"":[]}"
19539_0,0.0729661,"{""type"":""MultiPoint"",""coordinates"":[]}"
19540_0,0.07870284,"{""type"":""MultiPoint"",""coordinates"":[]}"
19542_0,0.4976047,"{""type"":""MultiPoint"",""coordinates"":[]}"
19543_0,0.018148784,"{""type"":""MultiPoint"",""coordinates"":[]}"
19545_0,0.3875038,"{""type"":""MultiPoint"",""coordinates"":[]}"
19546_0,0.3675075,"{""type"":""MultiPoint"",""coordinates"":[]}"
19547_0,0.07526206,"{""type"":""MultiPoint"",""coordinates"":[]}"
19549_0,0.105786815,"{""type"":""MultiPoint"",""coordinates"":[]}"
19553_0,0.3544604,"{""type"":""MultiPoint"",""coordinates"":[]}"
19554_0,0.010488412,"{""type"":""MultiPoint"",""coordinates"":[]}"
19557_0,0.023202542,"{""type"":""MultiPoint"",""coordinates"":[]}"
19561_0,0.3875038,"{""type"":""MultiPoint"",""coordinates"":[]}"
19562_0,0.36647472,"{""type"":""MultiPoint"",""coordinates"":[]}"
19563_0,0.10285099,"{""type"":""MultiPoint"",""coordinates"":[]}"
19564_0,0.024067983,"{""type"":""MultiPoint"",""coordinates"":[]}"
19567_0,0.015396533,"{""type"":""MultiPoint"",""coordinates"":[]}"
19569_0,0.04321844,"{""type"":""MultiPoint"",""coordinates"":[]}"
19571_0,0.019515349,"{""type"":""MultiPoint"",""coordinates"":[]}"
19572_0,0.13243066,"{""type"":""MultiPoint"",""coordinates"":[]}"
19575_0,0.3544604,"{""type"":""MultiPoint"",""coordinates"":[]}"
19579_0,0.30083594,"{""type"":""MultiPoint"",""coordinates"":[]}"
19580_0,0.29140612,"{""type"":""MultiPoint"",""coordinates"":[]}"
19583_0,0.053745676,"{""type"":""MultiPoint"",""coordinates"":[]}"
19584_0,0.25192103,"{""type"":""MultiPoint"",""coordinates"":[]}"
19585_0,0.14462978,"{""type"":""MultiPoint"",""coordinates"":[]}"
19587_0,0.6231613,"{""type"":""MultiPoint"",""coordinates"":[]}"
19588_0,0.0039507416,"{""type"":""MultiPoint"",""coordinates"":[]}"
19593_0,0.2075964,"{""type"":""MultiPoint"",""coordinates"":[]}"
19594_0,0.03387099,"{""type"":""MultiPoint"",""coordinates"":[]}"
19595_0,0.08310655,"{""type"":""MultiPoint"",""coordinates"":[]}"
19600_0,0.02254176,"{""type"":""MultiPoint"",""coordinates"":[]}"
19604_0,0.26290175,"{""type"":""MultiPoint"",""coordinates"":[]}"
19605_0,0.09320235,"{""type"":""MultiPoint"",""coordinates"":[]}"
19609_0,0.107677706,"{""type"":""MultiPoint"",""coordinates"":[]}"
19613_0,0.021603787,"{""type"":""MultiPoint"",""coordinates"":[]}"
19617_0,0.105786815,"{""type"":""MultiPoint"",""coordinates"":[]}"
19619_0,0.17375225,"{""type"":""MultiPoint"",""coordinates"":[]}"
19621_0,0.73508996,"{""type"":""MultiPoint"",""coordinates"":[]}"
19622_0,0.6916973,"{""type"":""MultiPoint"",""coordinates"":[]}"
19627_0,0.18456773,"{""type"":""MultiPoint"",""coordinates"":[]}"
19629_0,0.18877323,"{""type"":""MultiPoint"",""coordinates"":[]}"
19630_0,0.77516,"{""type"":""MultiPoint"",""coordinates"":[]}"
19631_0,0.018068487,"{""type"":""MultiPoint"",""coordinates"":[]}"
19635_0,0.03199333,"{""type"":""MultiPoint"",""coordinates"":[]}"
19638_0,0.11975249,"{""type"":""MultiPoint"",""coordinates"":[]}"
19639_0,0.03296321,"{""type"":""MultiPoint"",""coordinates"":[]}"
19642_0,0.9981976,"{""type"":""MultiPoint"",""coordinates"":[]}"
19644_0,0.07772712,"{""type"":""MultiPoint"",""coordinates"":[]}"
19650_0,0.97914904,"{""type"":""MultiPoint"",""coordinates"":[]}"
19652_0,0.17375225,"{""type"":""MultiPoint"",""coordinates"":[]}"
19658_0,0.18825167,"{""type"":""MultiPoint"",""coordinates"":[]}"
19660_0,0.3675075,"{""type"":""MultiPoint"",""coordinates"":[]}"
19661_0,0.107677706,"{""type"":""MultiPoint"",""coordinates"":[]}"
19663_0,0.1093405,"{""type"":""MultiPoint"",""coordinates"":[]}"
19664_0,0.3675075,"{""type"":""MultiPoint"",""coordinates"":[]}"
19666_0,0.013868708,"{""type"":""MultiPoint"",""coordinates"":[]}"
19667_0,0.15383972,"{""type"":""MultiPoint"",""coordinates"":[]}"
19671_0,0.0947122,"{""type"":""MultiPoint"",""coordinates"":[]}"
19675_0,0.18877323,"{""type"":""MultiPoint"",""coordinates"":[]}"
19678_0,0.048094667,"{""type"":""MultiPoint"",""coordinates"":[]}"
19685_0,0.17502892,"{""type"":""MultiPoint"",""coordinates"":[]}"
19686_0,0.35924155,"{""type"":""MultiPoint"",""coordinates"":[]}"
19691_0,0.044090163,"{""type"":""MultiPoint"",""coordinates"":[]}"
19693_0,0.08769481,"{""type"":""MultiPoint"",""coordinates"":[]}"
19695_0,0.29140612,"{""type"":""MultiPoint"",""coordinates"":[]}"
19699_0,0.19363141,"{""type"":""MultiPoint"",""coordinates"":[]}"
19700_0,0.18456773,"{""type"":""MultiPoint"",""coordinates"":[]}"
19703_0,0.0039507416,"{""type"":""MultiPoint"",""coordinates"":[]}"
19705_0,0.17742892,"{""type"":""MultiPoint"",""coordinates"":[]}"
19707_0,0.3529046,"{""type"":""MultiPoint"",""coordinates"":[]}"
19713_0,0.10492,"{""type"":""MultiPoint"",""coordinates"":[]}"
19715_0,0.19359218,"{""type"":""MultiPoint"",""coordinates"":[]}"
19718_0,0.7641302,"{""type"":""MultiPoint"",""coordinates"":[]}"
19723_0,0.18456773,"{""type"":""MultiPoint"",""coordinates"":[]}"
19727_0,0.22278292,"{""type"":""MultiPoint"",""coordinates"":[]}"
19729_0,0.980317,"{""type"":""MultiPoint"",""coordinates"":[]}"
19733_0,0.31918198,"{""type"":""MultiPoint"",""coordinates"":[]}"
19735_0,0.11975249,"{""type"":""MultiPoint"",""coordinates"":[]}"
19736_0,0.31583408,"{""type"":""MultiPoint"",""coordinates"":[]}"
19738_0,0.26739815,"{""type"":""MultiPoint"",""coordinates"":[]}"
19740_0,0.5791997,"{""type"":""MultiPoint"",""coordinates"":[]}"
19741_0,0.10885331,"{""type"":""MultiPoint"",""coordinates"":[]}"
19742_0,0.384725,"{""type"":""MultiPoint"",""coordinates"":[]}"
19745_0,0.060420234,"{""type"":""MultiPoint"",""coordinates"":[]}"
19749_0,0.12958813,"{""type"":""MultiPoint"",""coordinates"":[]}"
19750_0,0.09450153,"{""type"":""MultiPoint"",""coordinates"":[]}"
19752_0,0.48759544,"{""type"":""MultiPoint"",""coordinates"":[]}"
19754_0,0.24355017,"{""type"":""MultiPoint"",""coordinates"":[]}"
19756_0,0.19359218,"{""type"":""MultiPoint"",""coordinates"":[]}"
19758_0,0.11084138,"{""type"":""MultiPoint"",""coordinates"":[]}"
19759_0,0.037136648,"{""type"":""MultiPoint"",""coordinates"":[]}"
19765_0,2.2185392E-4,"{""type"":""MultiPoint"",""coordinates"":[]}"
19767_0,0.6035624,"{""type"":""MultiPoint"",""coordinates"":[]}"
19769_0,0.09470192,"{""type"":""MultiPoint"",""coordinates"":[]}"
19771_0,0.12990949,"{""type"":""MultiPoint"",""coordinates"":[]}"
19772_0,0.086008824,"{""type"":""MultiPoint"",""coordinates"":[]}"
19773_0,0.112022206,"{""type"":""MultiPoint"",""coordinates"":[]}"
19775_0,0.17502892,"{""type"":""MultiPoint"",""coordinates"":[]}"
19778_0,0.11579308,"{""type"":""MultiPoint"",""coordinates"":[]}"
19780_0,0.0018869828,"{""type"":""MultiPoint"",""coordinates"":[]}"
19781_0,0.062192984,"{""type"":""MultiPoint"",""coordinates"":[]}"
19782_0,0.019494193,"{""type"":""MultiPoint"",""coordinates"":[]}"
19783_0,0.8965536,"{""type"":""MultiPoint"",""coordinates"":[]}"
19784_0,0.97252613,"{""type"":""MultiPoint"",""coordinates"":[]}"
19790_0,0.0024798817,"{""type"":""MultiPoint"",""coordinates"":[]}"
19793_0,0.023014698,"{""type"":""MultiPoint"",""coordinates"":[]}"
19795_0,0.010488413,"{""type"":""MultiPoint"",""coordinates"":[]}"
19799_0,0.7184705,"{""type"":""MultiPoint"",""coordinates"":[]}"
19801_0,0.6896748,"{""type"":""MultiPoint"",""coordinates"":[]}"
19802_0,0.99834627,"{""type"":""MultiPoint"",""coordinates"":[]}"
19803_0,0.105786815,"{""type"":""MultiPoint"",""coordinates"":[]}"
19804_0,0.7351673,"{""type"":""MultiPoint"",""coordinates"":[]}"
19805_0,0.09554416,"{""type"":""MultiPoint"",""coordinates"":[]}"
19806_0,0.04190955,"{""type"":""MultiPoint"",""coordinates"":[]}"
19807_0,0.3875038,"{""type"":""MultiPoint"",""coordinates"":[]}"
19809_0,0.1110861,"{""type"":""MultiPoint"",""coordinates"":[]}"
19810_0,0.446766,"{""type"":""MultiPoint"",""coordinates"":[]}"
19811_0,0.02998267,"{""type"":""MultiPoint"",""coordinates"":[]}"
19813_0,0.10631123,"{""type"":""MultiPoint"",""coordinates"":[]}"
19816_0,0.025640285,"{""type"":""MultiPoint"",""coordinates"":[]}"
19819_0,0.097796425,"{""type"":""MultiPoint"",""coordinates"":[]}"
19821_0,0.022743892,"{""type"":""MultiPoint"",""coordinates"":[]}"
19823_0,0.10059872,"{""type"":""MultiPoint"",""coordinates"":[]}"
19824_0,0.021647938,"{""type"":""MultiPoint"",""coordinates"":[]}"
19835_0,0.256283,"{""type"":""MultiPoint"",""coordinates"":[]}"
19839_0,0.3548757,"{""type"":""MultiPoint"",""coordinates"":[]}"
19840_0,0.005641876,"{""type"":""MultiPoint"",""coordinates"":[]}"
19841_0,0.18998411,"{""type"":""MultiPoint"",""coordinates"":[]}"
19848_0,0.15390596,"{""type"":""MultiPoint"",""coordinates"":[]}"
19849_0,0.99708134,"{""type"":""MultiPoint"",""coordinates"":[]}"
19851_0,0.16923568,"{""type"":""MultiPoint"",""coordinates"":[]}"
19852_0,0.0177255,"{""type"":""MultiPoint"",""coordinates"":[]}"
19854_0,0.09811185,"{""type"":""MultiPoint"",""coordinates"":[]}"
19856_0,0.020746686,"{""type"":""MultiPoint"",""coordinates"":[]}"
19857_0,0.65547025,"{""type"":""MultiPoint"",""coordinates"":[]}"
19858_0,0.18506268,"{""type"":""MultiPoint"",""coordinates"":[]}"
19859_0,0.36087003,"{""type"":""MultiPoint"",""coordinates"":[]}"
19860_0,0.060817193,"{""type"":""MultiPoint"",""coordinates"":[]}"
19862_0,0.0025054368,"{""type"":""MultiPoint"",""coordinates"":[]}"
19867_0,0.19359218,"{""type"":""MultiPoint"",""coordinates"":[]}"
19875_0,0.04983962,"{""type"":""MultiPoint"",""coordinates"":[]}"
19881_0,0.018925924,"{""type"":""MultiPoint"",""coordinates"":[]}"
19890_0,0.06765379,"{""type"":""MultiPoint"",""coordinates"":[]}"
19892_0,0.15392268,"{""type"":""MultiPoint"",""coordinates"":[]}"
19894_0,0.13934451,"{""type"":""MultiPoint"",""coordinates"":[]}"
19897_0,0.50064844,"{""type"":""MultiPoint"",""coordinates"":[]}"
19899_0,0.05287206,"{""type"":""MultiPoint"",""coordinates"":[]}"
19903_0,0.10630077,"{""type"":""MultiPoint"",""coordinates"":[]}"
19905_0,0.21367691,"{""type"":""MultiPoint"",""coordinates"":[]}"
19908_0,0.073374644,"{""type"":""MultiPoint"",""coordinates"":[]}"
19912_0,0.29140612,"{""type"":""MultiPoint"",""coordinates"":[]}"
19913_0,0.021263884,"{""type"":""MultiPoint"",""coordinates"":[]}"
19914_0,0.059212394,"{""type"":""MultiPoint"",""coordinates"":[]}"
19918_0,0.08602925,"{""type"":""MultiPoint"",""coordinates"":[]}"
19926_0,0.11573818,"{""type"":""MultiPoint"",""coordinates"":[]}"
19928_0,0.122086085,"{""type"":""MultiPoint"",""coordinates"":[]}"
19929_0,0.087186486,"{""type"":""MultiPoint"",""coordinates"":[]}"
19930_0,0.3722862,"{""type"":""MultiPoint"",""coordinates"":[]}"
19936_0,0.32878986,"{""type"":""MultiPoint"",""coordinates"":[]}"
19940_0,0.036168516,"{""type"":""MultiPoint"",""coordinates"":[]}"
19945_0,0.2880271,"{""type"":""MultiPoint"",""coordinates"":[]}"
19950_0,0.19342259,"{""type"":""MultiPoint"",""coordinates"":[]}"
19955_0,0.020662699,"{""type"":""MultiPoint"",""coordinates"":[]}"
19958_0,0.123318784,"{""type"":""MultiPoint"",""coordinates"":[]}"
19959_0,0.063124426,"{""type"":""MultiPoint"",""coordinates"":[]}"
19961_0,0.019118797,"{""type"":""MultiPoint"",""coordinates"":[]}"
19964_0,0.110418975,"{""type"":""MultiPoint"",""coordinates"":[]}"
19968_0,0.15916133,"{""type"":""MultiPoint"",""coordinates"":[]}"
19969_0,0.106181785,"{""type"":""MultiPoint"",""coordinates"":[]}"
19970_0,0.08016755,"{""type"":""MultiPoint"",""coordinates"":[]}"
19976_0,0.10980927,"{""type"":""MultiPoint"",""coordinates"":[]}"
19977_0,0.96945345,"{""type"":""MultiPoint"",""coordinates"":[]}"
19981_0,0.021263884,"{""type"":""MultiPoint"",""coordinates"":[]}"
19984_0,0.11579308,"{""type"":""MultiPoint"",""coordinates"":[]}"
19986_0,0.29761535,"{""type"":""MultiPoint"",""coordinates"":[]}"
19987_0,0.18456773,"{""type"":""MultiPoint"",""coordinates"":[]}"
19989_0,0.9692725,"{""type"":""MultiPoint"",""coordinates"":[]}"
19990_0,0.0853373,"{""type"":""MultiPoint"",""coordinates"":[]}"
19991_0,0.24355017,"{""type"":""MultiPoint"",""coordinates"":[]}"
19992_0,0.4568602,"{""type"":""MultiPoint"",""coordinates"":[]}"
19993_0,0.09511139,"{""type"":""MultiPoint"",""coordinates"":[]}"
19994_0,0.38093492,"{""type"":""MultiPoint"",""coordinates"":[]}"
19995_0,0.051497575,"{""type"":""MultiPoint"",""coordinates"":[]}"
19998_0,0.105786815,"{""type"":""MultiPoint"",""coordinates"":[]}"
20000_0,0.0767264,"{""type"":""MultiPoint"",""coordinates"":[]}"
20001_0,0.80455184,"{""type"":""MultiPoint"",""coordinates"":[]}"
20003_0,0.25047827,"{""type"":""MultiPoint"",""coordinates"":[]}"
20006_0,0.020747347,"{""type"":""MultiPoint"",""coordinates"":[]}"
20008_0,0.08250383,"{""type"":""MultiPoint"",""coordinates"":[]}"
20009_0,0.07338073,"{""type"":""MultiPoint"",""coordinates"":[]}"
20010_0,0.09644953,"{""type"":""MultiPoint"",""coordinates"":[]}"
20014_0,0.21942921,"{""type"":""MultiPoint"",""coordinates"":[]}"
20016_0,0.059212394,"{""type"":""MultiPoint"",""coordinates"":[]}"
20021_0,0.0867102,"{""type"":""MultiPoint"",""coordinates"":[]}"
20022_0,0.030965991,"{""type"":""MultiPoint"",""coordinates"":[]}"
20023_0,0.14953141,"{""type"":""MultiPoint"",""coordinates"":[]}"
20026_0,0.20664243,"{""type"":""MultiPoint"",""coordinates"":[]}"
20030_0,0.18877323,"{""type"":""MultiPoint"",""coordinates"":[]}"
20031_0,0.014133324,"{""type"":""MultiPoint"",""coordinates"":[]}"
20033_0,0.21235617,"{""type"":""MultiPoint"",""coordinates"":[]}"
20036_0,0.09811185,"{""type"":""MultiPoint"",""coordinates"":[]}"
20039_0,0.28131342,"{""type"":""MultiPoint"",""coordinates"":[]}"
20041_0,0.9251598,"{""type"":""MultiPoint"",""coordinates"":[]}"
20043_0,0.062192984,"{""type"":""MultiPoint"",""coordinates"":[]}"
20047_0,0.22793429,"{""type"":""MultiPoint"",""coordinates"":[]}"
20048_0,0.05956977,"{""type"":""MultiPoint"",""coordinates"":[]}"
20049_0,0.04781847,"{""type"":""MultiPoint"",""coordinates"":[]}"
20056_0,0.105786815,"{""type"":""MultiPoint"",""coordinates"":[]}"
20059_0,0.2382989,"{""type"":""MultiPoint"",""coordinates"":[]}"
20060_0,0.09460962,"{""type"":""MultiPoint"",""coordinates"":[]}"
20061_0,0.1017234,"{""type"":""MultiPoint"",""coordinates"":[]}"
20063_0,0.09034921,"{""type"":""MultiPoint"",""coordinates"":[]}"
20066_0,0.011475624,"{""type"":""MultiPoint"",""coordinates"":[]}"
20068_0,0.08960526,"{""type"":""MultiPoint"",""coordinates"":[]}"
20070_0,0.29846126,"{""type"":""MultiPoint"",""coordinates"":[]}"
20072_0,0.12990949,"{""type"":""MultiPoint"",""coordinates"":[]}"
20073_0,0.30185091,"{""type"":""MultiPoint"",""coordinates"":[]}"
20075_0,0.24355017,"{""type"":""MultiPoint"",""coordinates"":[]}"
20076_0,0.0024157963,"{""type"":""MultiPoint"",""coordinates"":[]}"
20077_0,0.013667606,"{""type"":""MultiPoint"",""coordinates"":[]}"
20080_0,0.10631123,"{""type"":""MultiPoint"",""coordinates"":[]}"
20081_0,0.10980927,"{""type"":""MultiPoint"",""coordinates"":[]}"
20082_0,0.35081464,"{""type"":""MultiPoint"",""coordinates"":[]}"
20085_0,0.35081464,"{""type"":""MultiPoint"",""coordinates"":[]}"
20086_0,0.0050518652,"{""type"":""MultiPoint"",""coordinates"":[]}"
20087_0,0.1831723,"{""type"":""MultiPoint"",""coordinates"":[]}"
20090_0,0.0039507053,"{""type"":""MultiPoint"",""coordinates"":[]}"
20093_0,0.057747234,"{""type"":""MultiPoint"",""coordinates"":[]}"
20095_0,0.105786815,"{""type"":""MultiPoint"",""coordinates"":[]}"
20101_0,0.14011467,"{""type"":""MultiPoint"",""coordinates"":[]}"
20102_0,0.0653899,"{""type"":""MultiPoint"",""coordinates"":[]}"
20104_0,0.075928405,"{""type"":""MultiPoint"",""coordinates"":[]}"
20106_0,0.3413083,"{""type"":""MultiPoint"",""coordinates"":[]}"
20108_0,0.17375225,"{""type"":""MultiPoint"",""coordinates"":[]}"
20111_0,0.1427958,"{""type"":""MultiPoint"",""coordinates"":[]}"
20112_0,0.11707677,"{""type"":""MultiPoint"",""coordinates"":[]}"
20120_0,0.11084138,"{""type"":""MultiPoint"",""coordinates"":[]}"
20122_0,0.15916133,"{""type"":""MultiPoint"",""coordinates"":[]}"
20126_0,0.23223382,"{""type"":""MultiPoint"",""coordinates"":[]}"
20127_0,0.17604549,"{""type"":""MultiPoint"",""coordinates"":[]}"
20136_0,0.1689819,"{""type"":""MultiPoint"",""coordinates"":[]}"
20138_0,0.2438891,"{""type"":""MultiPoint"",""coordinates"":[]}"
20142_0,0.16247424,"{""type"":""MultiPoint"",""coordinates"":[]}"
20143_0,0.61749727,"{""type"":""MultiPoint"",""coordinates"":[]}"
20144_0,0.069211595,"{""type"":""MultiPoint"",""coordinates"":[]}"
20145_0,0.33560166,"{""type"":""MultiPoint"",""coordinates"":[]}"
20149_0,0.0024157963,"{""type"":""MultiPoint"",""coordinates"":[]}"
20151_0,0.22559902,"{""type"":""MultiPoint"",""coordinates"":[]}"
20152_0,0.29140612,"{""type"":""MultiPoint"",""coordinates"":[]}"
20158_0,0.80455184,"{""type"":""MultiPoint"",""coordinates"":[]}"
20159_0,0.02729791,"{""type"":""MultiPoint"",""coordinates"":[]}"
20162_0,0.11975249,"{""type"":""MultiPoint"",""coordinates"":[]}"
20163_0,0.15535335,"{""type"":""MultiPoint"",""coordinates"":[]}"
20166_0,0.3703644,"{""type"":""MultiPoint"",""coordinates"":[]}"
20167_0,0.18877323,"{""type"":""MultiPoint"",""coordinates"":[]}"
20169_0,0.053750552,"{""type"":""MultiPoint"",""coordinates"":[]}"
20171_0,0.3392879,"{""type"":""MultiPoint"",""coordinates"":[]}"
20173_0,0.35658762,"{""type"":""MultiPoint"",""coordinates"":[]}"
20174_0,0.11229959,"{""type"":""MultiPoint"",""coordinates"":[]}"
20175_0,0.18456773,"{""type"":""MultiPoint"",""coordinates"":[]}"
20176_0,0.03005696,"{""type"":""MultiPoint"",""coordinates"":[]}"
20180_0,0.1778677,"{""type"":""MultiPoint"",""coordinates"":[]}"
20184_0,0.016840065,"{""type"":""MultiPoint"",""coordinates"":[]}"
20191_0,0.0039507053,"{""type"":""MultiPoint"",""coordinates"":[]}"
20193_0,0.049501333,"{""type"":""MultiPoint"",""coordinates"":[]}"
20200_0,0.36776486,"{""type"":""MultiPoint"",""coordinates"":[]}"
20201_0,0.1093405,"{""type"":""MultiPoint"",""coordinates"":[]}"
20207_0,0.3140383,"{""type"":""MultiPoint"",""coordinates"":[]}"
20211_0,0.24355017,"{""type"":""MultiPoint"",""coordinates"":[]}"
20212_0,0.11629032,"{""type"":""MultiPoint"",""coordinates"":[]}"
20213_0,0.09334352,"{""type"":""MultiPoint"",""coordinates"":[]}"
20216_0,0.062192984,"{""type"":""MultiPoint"",""coordinates"":[]}"
20217_0,0.13066229,"{""type"":""MultiPoint"",""coordinates"":[]}"
20224_0,0.96911657,"{""type"":""MultiPoint"",""coordinates"":[]}"
20225_0,0.0853373,"{""type"":""MultiPoint"",""coordinates"":[]}"
20227_0,0.10285099,"{""type"":""MultiPoint"",""coordinates"":[]}"
20237_0,0.012327017,"{""type"":""MultiPoint"",""coordinates"":[]}"
20238_0,0.10285099,"{""type"":""MultiPoint"",""coordinates"":[]}"
20245_0,0.10285099,"{""type"":""MultiPoint"",""coordinates"":[]}"
20246_0,0.11271702,"{""type"":""MultiPoint"",""coordinates"":[]}"
20247_0,0.38772282,"{""type"":""MultiPoint"",""coordinates"":[]}"
20249_0,0.06407895,"{""type"":""MultiPoint"",""coordinates"":[]}"
20254_0,0.10502513,"{""type"":""MultiPoint"",""coordinates"":[]}"
20255_0,0.014133324,"{""type"":""MultiPoint"",""coordinates"":[]}"
20256_0,0.1892106,"{""type"":""MultiPoint"",""coordinates"":[]}"
20259_0,0.0867102,"{""type"":""MultiPoint"",""coordinates"":[]}"
20261_0,0.0882946,"{""type"":""MultiPoint"",""coordinates"":[]}"
20263_0,0.030385124,"{""type"":""MultiPoint"",""coordinates"":[]}"
20265_0,0.3392879,"{""type"":""MultiPoint"",""coordinates"":[]}"
20272_0,0.15024994,"{""type"":""MultiPoint"",""coordinates"":[]}"
20273_0,0.33560166,"{""type"":""MultiPoint"",""coordinates"":[]}"
20275_0,0.060817193,"{""type"":""MultiPoint"",""coordinates"":[]}"
20277_0,0.36918136,"{""type"":""MultiPoint"",""coordinates"":[]}"
20278_0,0.09360839,"{""type"":""MultiPoint"",""coordinates"":[]}"
20280_0,0.18456773,"{""type"":""MultiPoint"",""coordinates"":[]}"
20281_0,0.09460962,"{""type"":""MultiPoint"",""coordinates"":[]}"
20283_0,0.3675075,"{""type"":""MultiPoint"",""coordinates"":[]}"
20284_0,0.17230389,"{""type"":""MultiPoint"",""coordinates"":[]}"
20285_0,0.07729754,"{""type"":""MultiPoint"",""coordinates"":[]}"
20290_0,0.074546695,"{""type"":""MultiPoint"",""coordinates"":[]}"
20295_0,0.057553586,"{""type"":""MultiPoint"",""coordinates"":[]}"
20297_0,0.35081464,"{""type"":""MultiPoint"",""coordinates"":[]}"
20300_0,0.12123924,"{""type"":""MultiPoint"",""coordinates"":[]}"
20304_0,0.033334926,"{""type"":""MultiPoint"",""coordinates"":[]}"
20305_0,0.116636395,"{""type"":""MultiPoint"",""coordinates"":[]}"
20308_0,0.11707677,"{""type"":""MultiPoint"",""coordinates"":[]}"
20310_0,0.088706054,"{""type"":""MultiPoint"",""coordinates"":[]}"
20312_0,0.14394403,"{""type"":""MultiPoint"",""coordinates"":[]}"
20316_0,0.14462978,"{""type"":""MultiPoint"",""coordinates"":[]}"
20319_0,0.08960526,"{""type"":""MultiPoint"",""coordinates"":[]}"
20321_0,0.2604219,"{""type"":""MultiPoint"",""coordinates"":[]}"
20322_0,0.24566188,"{""type"":""MultiPoint"",""coordinates"":[]}"
20323_0,0.14821805,"{""type"":""MultiPoint"",""coordinates"":[]}"
20325_0,0.062192984,"{""type"":""MultiPoint"",""coordinates"":[]}"
20326_0,0.18877323,"{""type"":""MultiPoint"",""coordinates"":[]}"
20330_0,0.9901895,"{""type"":""MultiPoint"",""coordinates"":[]}"
20332_0,0.0011976603,"{""type"":""MultiPoint"",""coordinates"":[]}"
20333_0,0.19891512,"{""type"":""MultiPoint"",""coordinates"":[]}"
20334_0,0.09880389,"{""type"":""MultiPoint"",""coordinates"":[]}"
20335_0,0.22559902,"{""type"":""MultiPoint"",""coordinates"":[]}"
20336_0,0.366994,"{""type"":""MultiPoint"",""coordinates"":[]}"
20337_0,0.099958666,"{""type"":""MultiPoint"",""coordinates"":[]}"
20338_0,0.037330184,"{""type"":""MultiPoint"",""coordinates"":[]}"
20339_0,0.34347838,"{""type"":""MultiPoint"",""coordinates"":[]}"
20341_0,0.0039507416,"{""type"":""MultiPoint"",""coordinates"":[]}"
20343_0,0.07819003,"{""type"":""MultiPoint"",""coordinates"":[]}"
20344_0,0.059212394,"{""type"":""MultiPoint"",""coordinates"":[]}"
20346_0,0.7351673,"{""type"":""MultiPoint"",""coordinates"":[]}"
20352_0,0.2382989,"{""type"":""MultiPoint"",""coordinates"":[]}"
20354_0,0.09274447,"{""type"":""MultiPoint"",""coordinates"":[]}"
20356_0,0.19359218,"{""type"":""MultiPoint"",""coordinates"":[]}"
20357_0,0.09343831,"{""type"":""MultiPoint"",""coordinates"":[]}"
20360_0,0.19359218,"{""type"":""MultiPoint"",""coordinates"":[]}"
20365_0,0.99708134,"{""type"":""MultiPoint"",""coordinates"":[]}"
20369_0,0.002808498,"{""type"":""MultiPoint"",""coordinates"":[]}"
20370_0,0.010488413,"{""type"":""MultiPoint"",""coordinates"":[]}"
20371_0,0.0319901,"{""type"":""MultiPoint"",""coordinates"":[]}"
20373_0,0.100524165,"{""type"":""MultiPoint"",""coordinates"":[]}"
20375_0,0.25626782,"{""type"":""MultiPoint"",""coordinates"":[]}"
20376_0,0.0139602395,"{""type"":""MultiPoint"",""coordinates"":[]}"
20377_0,0.19797829,"{""type"":""MultiPoint"",""coordinates"":[]}"
20379_0,0.097796425,"{""type"":""MultiPoint"",""coordinates"":[]}"
20382_0,0.35924155,"{""type"":""MultiPoint"",""coordinates"":[]}"
20397_0,0.105786815,"{""type"":""MultiPoint"",""coordinates"":[]}"
20401_0,0.29140612,"{""type"":""MultiPoint"",""coordinates"":[]}"
20402_0,0.105786815,"{""type"":""MultiPoint"",""coordinates"":[]}"
20404_0,0.07771914,"{""type"":""MultiPoint"",""coordinates"":[]}"
20408_0,0.07661117,"{""type"":""MultiPoint"",""coordinates"":[]}"
20410_0,0.11084138,"{""type"":""MultiPoint"",""coordinates"":[]}"
20413_0,0.29069847,"{""type"":""MultiPoint"",""coordinates"":[]}"
20419_0,0.07870284,"{""type"":""MultiPoint"",""coordinates"":[]}"
20420_0,0.18456773,"{""type"":""MultiPoint"",""coordinates"":[]}"
20425_0,0.9705818,"{""type"":""MultiPoint"",""coordinates"":[]}"
20426_0,0.04500519,"{""type"":""MultiPoint"",""coordinates"":[]}"
20428_0,0.25047827,"{""type"":""MultiPoint"",""coordinates"":[]}"
20430_0,0.054723796,"{""type"":""MultiPoint"",""coordinates"":[]}"
20431_0,0.4061255,"{""type"":""MultiPoint"",""coordinates"":[]}"
20434_0,0.31449068,"{""type"":""MultiPoint"",""coordinates"":[]}"
20435_0,0.18877323,"{""type"":""MultiPoint"",""coordinates"":[]}"
20438_0,0.23077728,"{""type"":""MultiPoint"",""coordinates"":[]}"
20440_0,0.9617603,"{""type"":""MultiPoint"",""coordinates"":[]}"
20442_0,5.7894044E-4,"{""type"":""MultiPoint"",""coordinates"":[]}"
20444_0,0.12263602,"{""type"":""MultiPoint"",""coordinates"":[]}"
20447_0,0.08424047,"{""type"":""MultiPoint"",""coordinates"":[]}"
20448_0,0.14462978,"{""type"":""MultiPoint"",""coordinates"":[]}"
20449_0,0.04269243,"{""type"":""MultiPoint"",""coordinates"":[]}"
20454_0,0.021119766,"{""type"":""MultiPoint"",""coordinates"":[]}"
20455_0,0.290257,"{""type"":""MultiPoint"",""coordinates"":[]}"
20456_0,0.10203091,"{""type"":""MultiPoint"",""coordinates"":[]}"
20457_0,0.2438891,"{""type"":""MultiPoint"",""coordinates"":[]}"
20462_0,0.3308999,"{""type"":""MultiPoint"",""coordinates"":[]}"
20463_0,0.010229418,"{""type"":""MultiPoint"",""coordinates"":[]}"
20467_0,0.057327054,"{""type"":""MultiPoint"",""coordinates"":[]}"
20468_0,0.09289798,"{""type"":""MultiPoint"",""coordinates"":[]}"
20475_0,0.25650725,"{""type"":""MultiPoint"",""coordinates"":[]}"
20476_0,0.23113486,"{""type"":""MultiPoint"",""coordinates"":[]}"
20478_0,0.12263602,"{""type"":""MultiPoint"",""coordinates"":[]}"
20479_0,0.23312505,"{""type"":""MultiPoint"",""coordinates"":[]}"
20482_0,0.015139095,"{""type"":""MultiPoint"",""coordinates"":[]}"
20483_0,0.0024157963,"{""type"":""MultiPoint"",""coordinates"":[]}"
20488_0,0.1164443,"{""type"":""MultiPoint"",""coordinates"":[]}"
20493_0,0.012327017,"{""type"":""MultiPoint"",""coordinates"":[]}"
20500_0,0.1093405,"{""type"":""MultiPoint"",""coordinates"":[]}"
20501_0,0.060817193,"{""type"":""MultiPoint"",""coordinates"":[]}"
20502_0,0.023014698,"{""type"":""MultiPoint"",""coordinates"":[]}"
20505_0,0.2382989,"{""type"":""MultiPoint"",""coordinates"":[]}"
20506_0,0.23077728,"{""type"":""MultiPoint"",""coordinates"":[]}"
20508_0,0.014283177,"{""type"":""MultiPoint"",""coordinates"":[]}"
20511_0,0.08960526,"{""type"":""MultiPoint"",""coordinates"":[]}"
20513_0,0.7695759,"{""type"":""MultiPoint"",""coordinates"":[]}"
20514_0,0.29140612,"{""type"":""MultiPoint"",""coordinates"":[]}"
20515_0,0.083563656,"{""type"":""MultiPoint"",""coordinates"":[]}"
20518_0,0.14501017,"{""type"":""MultiPoint"",""coordinates"":[]}"
20520_0,0.18456773,"{""type"":""MultiPoint"",""coordinates"":[]}"
20521_0,0.60399926,"{""type"":""MultiPoint"",""coordinates"":[]}"
20523_0,0.021491943,"{""type"":""MultiPoint"",""coordinates"":[]}"
20524_0,0.10285099,"{""type"":""MultiPoint"",""coordinates"":[]}"
20525_0,0.13106167,"{""type"":""MultiPoint"",""coordinates"":[]}"
20528_0,0.28452653,"{""type"":""MultiPoint"",""coordinates"":[]}"
20530_0,0.010488413,"{""type"":""MultiPoint"",""coordinates"":[]}"
20534_0,0.06765379,"{""type"":""MultiPoint"",""coordinates"":[]}"
20538_0,0.5247466,"{""type"":""MultiPoint"",""coordinates"":[]}"
20541_0,0.20161475,"{""type"":""MultiPoint"",""coordinates"":[]}"
20542_0,0.021647938,"{""type"":""MultiPoint"",""coordinates"":[]}"
20544_0,0.31918198,"{""type"":""MultiPoint"",""coordinates"":[]}"
20545_0,0.19755152,"{""type"":""MultiPoint"",""coordinates"":[]}"
20546_0,0.22559902,"{""type"":""MultiPoint"",""coordinates"":[]}"
20547_0,0.9692725,"{""type"":""MultiPoint"",""coordinates"":[]}"
20552_0,0.07718533,"{""type"":""MultiPoint"",""coordinates"":[]}"
20554_0,0.11707677,"{""type"":""MultiPoint"",""coordinates"":[]}"
20555_0,0.95709825,"{""type"":""MultiPoint"",""coordinates"":[]}"
20559_0,0.99708134,"{""type"":""MultiPoint"",""coordinates"":[]}"
20560_0,0.079751395,"{""type"":""MultiPoint"",""coordinates"":[]}"
20561_0,0.11151295,"{""type"":""MultiPoint"",""coordinates"":[]}"
20564_0,0.034211073,"{""type"":""MultiPoint"",""coordinates"":[]}"
20567_0,0.11885514,"{""type"":""MultiPoint"",""coordinates"":[]}"
20580_0,0.11894829,"{""type"":""MultiPoint"",""coordinates"":[]}"
20586_0,0.29505783,"{""type"":""MultiPoint"",""coordinates"":[]}"
20589_0,0.112022206,"{""type"":""MultiPoint"",""coordinates"":[]}"
20590_0,0.06765379,"{""type"":""MultiPoint"",""coordinates"":[]}"
20591_0,0.10592705,"{""type"":""MultiPoint"",""coordinates"":[]}"
20598_0,0.013680672,"{""type"":""MultiPoint"",""coordinates"":[]}"
20600_0,0.3589354,"{""type"":""MultiPoint"",""coordinates"":[]}"
20603_0,0.11084138,"{""type"":""MultiPoint"",""coordinates"":[]}"
20607_0,0.96969193,"{""type"":""MultiPoint"",""coordinates"":[]}"
20611_0,0.0686927,"{""type"":""MultiPoint"",""coordinates"":[]}"
20615_0,0.4976047,"{""type"":""MultiPoint"",""coordinates"":[]}"
20617_0,0.091185756,"{""type"":""MultiPoint"",""coordinates"":[]}"
20621_0,0.097796425,"{""type"":""MultiPoint"",""coordinates"":[]}"
20630_0,0.010215646,"{""type"":""MultiPoint"",""coordinates"":[]}"
20632_0,0.0050518652,"{""type"":""MultiPoint"",""coordinates"":[]}"
20633_0,0.06006523,"{""type"":""MultiPoint"",""coordinates"":[]}"
20638_0,0.10952454,"{""type"":""MultiPoint"",""coordinates"":[]}"
20639_0,0.09955926,"{""type"":""MultiPoint"",""coordinates"":[]}"
20641_0,0.2382989,"{""type"":""MultiPoint"",""coordinates"":[]}"
20642_0,0.25203088,"{""type"":""MultiPoint"",""coordinates"":[]}"
20644_0,0.057327054,"{""type"":""MultiPoint"",""coordinates"":[]}"
20645_0,0.98292536,"{""type"":""MultiPoint"",""coordinates"":[]}"
20647_0,0.03010386,"{""type"":""MultiPoint"",""coordinates"":[]}"
20651_0,0.035140686,"{""type"":""MultiPoint"",""coordinates"":[]}"
20652_0,0.05285938,"{""type"":""MultiPoint"",""coordinates"":[]}"
20655_0,0.03265573,"{""type"":""MultiPoint"",""coordinates"":[]}"
20660_0,0.3470214,"{""type"":""MultiPoint"",""coordinates"":[]}"
20661_0,0.0039507053,"{""type"":""MultiPoint"",""coordinates"":[]}"
20663_0,0.030492669,"{""type"":""MultiPoint"",""coordinates"":[]}"
20664_0,0.94934607,"{""type"":""MultiPoint"",""coordinates"":[]}"
20665_0,0.1093405,"{""type"":""MultiPoint"",""coordinates"":[]}"
20668_0,0.24355017,"{""type"":""MultiPoint"",""coordinates"":[]}"
20671_0,0.32147717,"{""type"":""MultiPoint"",""coordinates"":[]}"
20673_0,0.107677706,"{""type"":""MultiPoint"",""coordinates"":[]}"
20678_0,0.23123239,"{""type"":""MultiPoint"",""coordinates"":[]}"
20679_0,0.14729375,"{""type"":""MultiPoint"",""coordinates"":[]}"
20680_0,0.06513302,"{""type"":""MultiPoint"",""coordinates"":[]}"
20682_0,0.17796138,"{""type"":""MultiPoint"",""coordinates"":[]}"
20683_0,0.23609287,"{""type"":""MultiPoint"",""coordinates"":[]}"
20684_0,0.075928405,"{""type"":""MultiPoint"",""coordinates"":[]}"
20687_0,0.105786815,"{""type"":""MultiPoint"",""coordinates"":[]}"
20693_0,0.18456773,"{""type"":""MultiPoint"",""coordinates"":[]}"
20694_0,0.30941874,"{""type"":""MultiPoint"",""coordinates"":[]}"
20695_0,0.020985296,"{""type"":""MultiPoint"",""coordinates"":[]}"
20702_0,0.7736855,"{""type"":""MultiPoint"",""coordinates"":[]}"
20703_0,0.09343831,"{""type"":""MultiPoint"",""coordinates"":[]}"
20713_0,0.32878986,"{""type"":""MultiPoint"",""coordinates"":[]}"
20716_0,0.2786403,"{""type"":""MultiPoint"",""coordinates"":[]}"
20718_0,0.11579308,"{""type"":""MultiPoint"",""coordinates"":[]}"
20720_0,0.99731183,"{""type"":""MultiPoint"",""coordinates"":[]}"
20721_0,0.14714752,"{""type"":""MultiPoint"",""coordinates"":[]}"
20723_0,0.0139602395,"{""type"":""MultiPoint"",""coordinates"":[]}"
20725_0,0.16068025,"{""type"":""MultiPoint"",""coordinates"":[]}"
20726_0,0.021263884,"{""type"":""MultiPoint"",""coordinates"":[]}"
20727_0,0.08016755,"{""type"":""MultiPoint"",""coordinates"":[]}"
20729_0,0.097796425,"{""type"":""MultiPoint"",""coordinates"":[]}"
20733_0,0.2939757,"{""type"":""MultiPoint"",""coordinates"":[]}"
20734_0,0.014488011,"{""type"":""MultiPoint"",""coordinates"":[]}"
20737_0,0.2006495,"{""type"":""MultiPoint"",""coordinates"":[]}"
20739_0,0.1863837,"{""type"":""MultiPoint"",""coordinates"":[]}"
20742_0,0.0767264,"{""type"":""MultiPoint"",""coordinates"":[]}"
20745_0,0.35081464,"{""type"":""MultiPoint"",""coordinates"":[]}"
20746_0,0.026262548,"{""type"":""MultiPoint"",""coordinates"":[]}"
20747_0,0.19359218,"{""type"":""MultiPoint"",""coordinates"":[]}"
20748_0,0.017638443,"{""type"":""MultiPoint"",""coordinates"":[]}"
20749_0,0.290257,"{""type"":""MultiPoint"",""coordinates"":[]}"
20751_0,0.11579308,"{""type"":""MultiPoint"",""coordinates"":[]}"
20755_0,0.02264252,"{""type"":""MultiPoint"",""coordinates"":[]}"
20757_0,0.1892106,"{""type"":""MultiPoint"",""coordinates"":[]}"
20760_0,0.34869072,"{""type"":""MultiPoint"",""coordinates"":[]}"
20761_0,0.08627816,"{""type"":""MultiPoint"",""coordinates"":[]}"
20762_0,0.17902705,"{""type"":""MultiPoint"",""coordinates"":[]}"
20766_0,0.38543224,"{""type"":""MultiPoint"",""coordinates"":[]}"
20768_0,0.47487548,"{""type"":""MultiPoint"",""coordinates"":[]}"
20771_0,0.12646525,"{""type"":""MultiPoint"",""coordinates"":[]}"
20772_0,0.06418356,"{""type"":""MultiPoint"",""coordinates"":[]}"
20775_0,0.6706327,"{""type"":""MultiPoint"",""coordinates"":[]}"
20776_0,0.050995886,"{""type"":""MultiPoint"",""coordinates"":[]}"
20778_0,0.101116106,"{""type"":""MultiPoint"",""coordinates"":[]}"
20779_0,0.105786815,"{""type"":""MultiPoint"",""coordinates"":[]}"
20780_0,0.03864637,"{""type"":""MultiPoint"",""coordinates"":[]}"
20781_0,0.065133035,"{""type"":""MultiPoint"",""coordinates"":[]}"
20784_0,0.17657089,"{""type"":""MultiPoint"",""coordinates"":[]}"
20787_0,0.92817307,"{""type"":""MultiPoint"",""coordinates"":[]}"
20788_0,0.18877323,"{""type"":""MultiPoint"",""coordinates"":[]}"
20790_0,0.29140612,"{""type"":""MultiPoint"",""coordinates"":[]}"
20791_0,0.022384467,"{""type"":""MultiPoint"",""coordinates"":[]}"
20796_0,0.22186464,"{""type"":""MultiPoint"",""coordinates"":[]}"
20798_0,0.10285099,"{""type"":""MultiPoint"",""coordinates"":[]}"
20799_0,0.10829289,"{""type"":""MultiPoint"",""coordinates"":[]}"
20801_0,0.012088657,"{""type"":""MultiPoint"",""coordinates"":[]}"
20805_0,0.2691035,"{""type"":""MultiPoint"",""coordinates"":[]}"
20809_0,0.8528581,"{""type"":""MultiPoint"",""coordinates"":[]}"
20811_0,0.036089312,"{""type"":""MultiPoint"",""coordinates"":[]}"
20813_0,0.06460922,"{""type"":""MultiPoint"",""coordinates"":[]}"
20817_0,0.22186464,"{""type"":""MultiPoint"",""coordinates"":[]}"
20821_0,0.18456773,"{""type"":""MultiPoint"",""coordinates"":[]}"
20822_0,0.09343831,"{""type"":""MultiPoint"",""coordinates"":[]}"
20823_0,0.066580884,"{""type"":""MultiPoint"",""coordinates"":[]}"
20825_0,0.30083594,"{""type"":""MultiPoint"",""coordinates"":[]}"
20829_0,0.038098253,"{""type"":""MultiPoint"",""coordinates"":[]}"
20831_0,0.33797872,"{""type"":""MultiPoint"",""coordinates"":[]}"
20832_0,0.035828542,"{""type"":""MultiPoint"",""coordinates"":[]}"
20833_0,0.07513506,"{""type"":""MultiPoint"",""coordinates"":[]}"
20835_0,0.014381545,"{""type"":""MultiPoint"",""coordinates"":[]}"
20836_0,0.17375225,"{""type"":""MultiPoint"",""coordinates"":[]}"
20839_0,0.25047827,"{""type"":""MultiPoint"",""coordinates"":[]}"
20840_0,0.18456773,"{""type"":""MultiPoint"",""coordinates"":[]}"
20843_0,0.23077728,"{""type"":""MultiPoint"",""coordinates"":[]}"
20845_0,0.011960252,"{""type"":""MultiPoint"",""coordinates"":[]}"
20847_0,0.9777476,"{""type"":""MultiPoint"",""coordinates"":[]}"
20850_0,0.0853373,"{""type"":""MultiPoint"",""coordinates"":[]}"
20852_0,0.18456773,"{""type"":""MultiPoint"",""coordinates"":[]}"
20854_0,0.06905619,"{""type"":""MultiPoint"",""coordinates"":[]}"
20859_0,0.15916133,"{""type"":""MultiPoint"",""coordinates"":[]}"
20862_0,0.7815261,"{""type"":""MultiPoint"",""coordinates"":[]}"
20867_0,0.043443125,"{""type"":""MultiPoint"",""coordinates"":[]}"
20871_0,0.099958666,"{""type"":""MultiPoint"",""coordinates"":[]}"
20873_0,0.063124426,"{""type"":""MultiPoint"",""coordinates"":[]}"
20876_0,0.21998142,"{""type"":""MultiPoint"",""coordinates"":[]}"
20877_0,0.073926896,"{""type"":""MultiPoint"",""coordinates"":[]}"
20878_0,0.0767264,"{""type"":""MultiPoint"",""coordinates"":[]}"
20880_0,0.09343831,"{""type"":""MultiPoint"",""coordinates"":[]}"
20881_0,0.11457911,"{""type"":""MultiPoint"",""coordinates"":[]}"
20884_0,0.086726815,"{""type"":""MultiPoint"",""coordinates"":[]}"
20885_0,0.15916133,"{""type"":""MultiPoint"",""coordinates"":[]}"
20888_0,0.057327054,"{""type"":""MultiPoint"",""coordinates"":[]}"
20891_0,0.14484543,"{""type"":""MultiPoint"",""coordinates"":[]}"
20892_0,0.08348124,"{""type"":""MultiPoint"",""coordinates"":[]}"
20893_0,0.26329228,"{""type"":""MultiPoint"",""coordinates"":[]}"
20894_0,0.055208884,"{""type"":""MultiPoint"",""coordinates"":[]}"
20900_0,0.109044075,"{""type"":""MultiPoint"",""coordinates"":[]}"
20904_0,0.097796425,"{""type"":""MultiPoint"",""coordinates"":[]}"
20905_0,0.18877323,"{""type"":""MultiPoint"",""coordinates"":[]}"
20909_0,0.4214472,"{""type"":""MultiPoint"",""coordinates"":[]}"
20916_0,0.18496272,"{""type"":""MultiPoint"",""coordinates"":[]}"
20917_0,0.12958813,"{""type"":""MultiPoint"",""coordinates"":[]}"
20919_0,0.035787992,"{""type"":""MultiPoint"",""coordinates"":[]}"
20922_0,0.10356744,"{""type"":""MultiPoint"",""coordinates"":[]}"
20925_0,0.097796425,"{""type"":""MultiPoint"",""coordinates"":[]}"
20930_0,0.9705818,"{""type"":""MultiPoint"",""coordinates"":[]}"
20932_0,0.18877323,"{""type"":""MultiPoint"",""coordinates"":[]}"
20937_0,0.0767264,"{""type"":""MultiPoint"",""coordinates"":[]}"
20940_0,0.06212306,"{""type"":""MultiPoint"",""coordinates"":[]}"
20941_0,0.10285099,"{""type"":""MultiPoint"",""coordinates"":[]}"
20943_0,0.14462978,"{""type"":""MultiPoint"",""coordinates"":[]}"
20944_0,0.18456773,"{""type"":""MultiPoint"",""coordinates"":[]}"
20945_0,0.2865437,"{""type"":""MultiPoint"",""coordinates"":[]}"
20950_0,0.070046775,"{""type"":""MultiPoint"",""coordinates"":[]}"
20952_0,0.08960526,"{""type"":""MultiPoint"",""coordinates"":[]}"
20956_0,0.071420826,"{""type"":""MultiPoint"",""coordinates"":[]}"
20957_0,0.07082936,"{""type"":""MultiPoint"",""coordinates"":[]}"
20959_0,0.5214101,"{""type"":""MultiPoint"",""coordinates"":[]}"
20961_0,0.28452653,"{""type"":""MultiPoint"",""coordinates"":[]}"
20964_0,0.09558582,"{""type"":""MultiPoint"",""coordinates"":[]}"
20966_0,0.36087003,"{""type"":""MultiPoint"",""coordinates"":[]}"
20969_0,0.13287143,"{""type"":""MultiPoint"",""coordinates"":[]}"
20970_0,0.114718124,"{""type"":""MultiPoint"",""coordinates"":[]}"
20971_0,0.384725,"{""type"":""MultiPoint"",""coordinates"":[]}"
20973_0,0.20811607,"{""type"":""MultiPoint"",""coordinates"":[]}"
20975_0,0.089421496,"{""type"":""MultiPoint"",""coordinates"":[]}"
20978_0,0.099958666,"{""type"":""MultiPoint"",""coordinates"":[]}"
20980_0,0.1811774,"{""type"":""MultiPoint"",""coordinates"":[]}"
20984_0,0.33383775,"{""type"":""MultiPoint"",""coordinates"":[]}"
20987_0,0.95538694,"{""type"":""MultiPoint"",""coordinates"":[]}"
20991_0,0.2769399,"{""type"":""MultiPoint"",""coordinates"":[]}"
20995_0,0.18456773,"{""type"":""MultiPoint"",""coordinates"":[]}"
20998_0,0.0039507416,"{""type"":""MultiPoint"",""coordinates"":[]}"
20999_0,0.3675075,"{""type"":""MultiPoint"",""coordinates"":[]}"
21000_0,0.06765379,"{""type"":""MultiPoint"",""coordinates"":[]}"
21002_0,0.32951292,"{""type"":""MultiPoint"",""coordinates"":[]}"
21003_0,0.10033204,"{""type"":""MultiPoint"",""coordinates"":[]}"
21013_0,0.15535143,"{""type"":""MultiPoint"",""coordinates"":[]}"
21015_0,0.017002057,"{""type"":""MultiPoint"",""coordinates"":[]}"
21017_0,0.0025054368,"{""type"":""MultiPoint"",""coordinates"":[]}"
21019_0,0.088706054,"{""type"":""MultiPoint"",""coordinates"":[]}"
21024_0,0.11629032,"{""type"":""MultiPoint"",""coordinates"":[]}"
21026_0,0.27605456,"{""type"":""MultiPoint"",""coordinates"":[]}"
21029_0,0.021263884,"{""type"":""MultiPoint"",""coordinates"":[]}"
21031_0,0.6990581,"{""type"":""MultiPoint"",""coordinates"":[]}"
21034_0,0.116636395,"{""type"":""MultiPoint"",""coordinates"":[]}"
21035_0,0.29140612,"{""type"":""MultiPoint"",""coordinates"":[]}"
21037_0,0.0548835,"{""type"":""MultiPoint"",""coordinates"":[]}"
21039_0,0.07870284,"{""type"":""MultiPoint"",""coordinates"":[]}"
21040_0,0.4306667,"{""type"":""MultiPoint"",""coordinates"":[]}"
21043_0,0.08802745,"{""type"":""MultiPoint"",""coordinates"":[]}"
21045_0,0.060420234,"{""type"":""MultiPoint"",""coordinates"":[]}"
21047_0,0.07082936,"{""type"":""MultiPoint"",""coordinates"":[]}"
21050_0,0.24414037,"{""type"":""MultiPoint"",""coordinates"":[]}"
21051_0,0.12051454,"{""type"":""MultiPoint"",""coordinates"":[]}"
21052_0,0.014485282,"{""type"":""MultiPoint"",""coordinates"":[]}"
21053_0,0.11382693,"{""type"":""MultiPoint"",""coordinates"":[]}"
21054_0,0.9619775,"{""type"":""MultiPoint"",""coordinates"":[]}"
21056_0,0.10775955,"{""type"":""MultiPoint"",""coordinates"":[]}"
21059_0,0.12563357,"{""type"":""MultiPoint"",""coordinates"":[]}"
21062_0,0.07642482,"{""type"":""MultiPoint"",""coordinates"":[]}"
21064_0,0.08540255,"{""type"":""MultiPoint"",""coordinates"":[]}"
21065_0,0.19359218,"{""type"":""MultiPoint"",""coordinates"":[]}"
21067_0,0.36359498,"{""type"":""MultiPoint"",""coordinates"":[]}"
21069_0,0.18456773,"{""type"":""MultiPoint"",""coordinates"":[]}"
21070_0,0.4976047,"{""type"":""MultiPoint"",""coordinates"":[]}"
21076_0,0.29367673,"{""type"":""MultiPoint"",""coordinates"":[]}"
21078_0,0.11457911,"{""type"":""MultiPoint"",""coordinates"":[]}"
21080_0,0.06765379,"{""type"":""MultiPoint"",""coordinates"":[]}"
21081_0,0.3392879,"{""type"":""MultiPoint"",""coordinates"":[]}"
21083_0,0.46497604,"{""type"":""MultiPoint"",""coordinates"":[]}"
21086_0,0.36359498,"{""type"":""MultiPoint"",""coordinates"":[]}"
21089_0,0.7357671,"{""type"":""MultiPoint"",""coordinates"":[]}"
21091_0,0.011621363,"{""type"":""MultiPoint"",""coordinates"":[]}"
21093_0,0.1497226,"{""type"":""MultiPoint"",""coordinates"":[]}"
21097_0,0.0049008783,"{""type"":""MultiPoint"",""coordinates"":[]}"
21107_0,0.19359218,"{""type"":""MultiPoint"",""coordinates"":[]}"
21110_0,0.29140612,"{""type"":""MultiPoint"",""coordinates"":[]}"
21112_0,0.37984455,"{""type"":""MultiPoint"",""coordinates"":[]}"
21113_0,0.021088053,"{""type"":""MultiPoint"",""coordinates"":[]}"
21115_0,0.29140612,"{""type"":""MultiPoint"",""coordinates"":[]}"
21117_0,0.49290863,"{""type"":""MultiPoint"",""coordinates"":[]}"
21120_0,0.35924155,"{""type"":""MultiPoint"",""coordinates"":[]}"
21121_0,0.08200271,"{""type"":""MultiPoint"",""coordinates"":[]}"
21122_0,0.2547637,"{""type"":""MultiPoint"",""coordinates"":[]}"
21125_0,0.14462978,"{""type"":""MultiPoint"",""coordinates"":[]}"
21126_0,0.7313624,"{""type"":""MultiPoint"",""coordinates"":[]}"
21127_0,0.08817687,"{""type"":""MultiPoint"",""coordinates"":[]}"
21130_0,0.13127942,"{""type"":""MultiPoint"",""coordinates"":[]}"
21138_0,0.09343831,"{""type"":""MultiPoint"",""coordinates"":[]}"
21140_0,0.097796425,"{""type"":""MultiPoint"",""coordinates"":[]}"
21141_0,0.1824619,"{""type"":""MultiPoint"",""coordinates"":[]}"
21143_0,0.19546548,"{""type"":""MultiPoint"",""coordinates"":[]}"
21144_0,0.20581931,"{""type"":""MultiPoint"",""coordinates"":[]}"
21146_0,0.103687,"{""type"":""MultiPoint"",""coordinates"":[]}"
21148_0,0.088706054,"{""type"":""MultiPoint"",""coordinates"":[]}"
21149_0,0.07500967,"{""type"":""MultiPoint"",""coordinates"":[]}"
21152_0,0.3716944,"{""type"":""MultiPoint"",""coordinates"":[]}"
21161_0,0.09947689,"{""type"":""MultiPoint"",""coordinates"":[]}"
21164_0,0.05110869,"{""type"":""MultiPoint"",""coordinates"":[]}"
21165_0,0.38124594,"{""type"":""MultiPoint"",""coordinates"":[]}"
21167_0,0.81525415,"{""type"":""MultiPoint"",""coordinates"":[]}"
21171_0,0.02054017,"{""type"":""MultiPoint"",""coordinates"":[]}"
21178_0,0.13243066,"{""type"":""MultiPoint"",""coordinates"":[]}"
21179_0,0.23256089,"{""type"":""MultiPoint"",""coordinates"":[]}"
21181_0,0.2486849,"{""type"":""MultiPoint"",""coordinates"":[]}"
21182_0,0.18456773,"{""type"":""MultiPoint"",""coordinates"":[]}"
21183_0,0.36921608,"{""type"":""MultiPoint"",""coordinates"":[]}"
21184_0,0.0867102,"{""type"":""MultiPoint"",""coordinates"":[]}"
21185_0,0.011621363,"{""type"":""MultiPoint"",""coordinates"":[]}"
21186_0,0.052390788,"{""type"":""MultiPoint"",""coordinates"":[]}"
21187_0,0.101116106,"{""type"":""MultiPoint"",""coordinates"":[]}"
21188_0,0.9981976,"{""type"":""MultiPoint"",""coordinates"":[]}"
21189_0,0.08424047,"{""type"":""MultiPoint"",""coordinates"":[]}"
21191_0,0.22410962,"{""type"":""MultiPoint"",""coordinates"":[]}"
21192_0,0.042293914,"{""type"":""MultiPoint"",""coordinates"":[]}"
21194_0,0.21952288,"{""type"":""MultiPoint"",""coordinates"":[]}"
21197_0,0.11331291,"{""type"":""MultiPoint"",""coordinates"":[]}"
21199_0,0.10631123,"{""type"":""MultiPoint"",""coordinates"":[]}"
21201_0,0.17302658,"{""type"":""MultiPoint"",""coordinates"":[]}"
21204_0,0.24355017,"{""type"":""MultiPoint"",""coordinates"":[]}"
21206_0,0.10284163,"{""type"":""MultiPoint"",""coordinates"":[]}"
21209_0,0.060420234,"{""type"":""MultiPoint"",""coordinates"":[]}"
21210_0,0.6497085,"{""type"":""MultiPoint"",""coordinates"":[]}"
21211_0,0.10285099,"{""type"":""MultiPoint"",""coordinates"":[]}"
21215_0,0.017854592,"{""type"":""MultiPoint"",""coordinates"":[]}"
21216_0,0.021263884,"{""type"":""MultiPoint"",""coordinates"":[]}"
21217_0,0.11579308,"{""type"":""MultiPoint"",""coordinates"":[]}"
21220_0,0.290257,"{""type"":""MultiPoint"",""coordinates"":[]}"
21221_0,0.022785375,"{""type"":""MultiPoint"",""coordinates"":[]}"
21222_0,0.12540835,"{""type"":""MultiPoint"",""coordinates"":[]}"
21223_0,0.06482913,"{""type"":""MultiPoint"",""coordinates"":[]}"
21224_0,0.40394714,"{""type"":""MultiPoint"",""coordinates"":[]}"
21225_0,0.18506268,"{""type"":""MultiPoint"",""coordinates"":[]}"
21227_0,0.7515206,"{""type"":""MultiPoint"",""coordinates"":[]}"
21230_0,0.17502892,"{""type"":""MultiPoint"",""coordinates"":[]}"
21233_0,0.41358295,"{""type"":""MultiPoint"",""coordinates"":[]}"
21236_0,0.021119766,"{""type"":""MultiPoint"",""coordinates"":[]}"
21237_0,0.29140612,"{""type"":""MultiPoint"",""coordinates"":[]}"
21239_0,0.03387099,"{""type"":""MultiPoint"",""coordinates"":[]}"
21240_0,0.6878842,"{""type"":""MultiPoint"",""coordinates"":[]}"
21243_0,0.7736855,"{""type"":""MultiPoint"",""coordinates"":[]}"
21248_0,0.010071743,"{""type"":""MultiPoint"",""coordinates"":[]}"
21249_0,0.06426433,"{""type"":""MultiPoint"",""coordinates"":[]}"
21256_0,0.12646525,"{""type"":""MultiPoint"",""coordinates"":[]}"
21261_0,0.06754969,"{""type"":""MultiPoint"",""coordinates"":[]}"
21264_0,0.51943034,"{""type"":""MultiPoint"",""coordinates"":[]}"
21265_0,0.50064844,"{""type"":""MultiPoint"",""coordinates"":[]}"
21266_0,0.7313624,"{""type"":""MultiPoint"",""coordinates"":[]}"
21272_0,0.013680672,"{""type"":""MultiPoint"",""coordinates"":[]}"
21274_0,0.1110861,"{""type"":""MultiPoint"",""coordinates"":[]}"
21278_0,0.20050494,"{""type"":""MultiPoint"",""coordinates"":[]}"
21280_0,0.07154436,"{""type"":""MultiPoint"",""coordinates"":[]}"
21284_0,0.06765379,"{""type"":""MultiPoint"",""coordinates"":[]}"
21288_0,0.15882993,"{""type"":""MultiPoint"",""coordinates"":[]}"
21289_0,0.6260957,"{""type"":""MultiPoint"",""coordinates"":[]}"
21290_0,0.022349652,"{""type"":""MultiPoint"",""coordinates"":[]}"
21291_0,0.08310655,"{""type"":""MultiPoint"",""coordinates"":[]}"
21297_0,0.27772948,"{""type"":""MultiPoint"",""coordinates"":[]}"
21299_0,0.5733066,"{""type"":""MultiPoint"",""coordinates"":[]}"
21300_0,0.10285099,"{""type"":""MultiPoint"",""coordinates"":[]}"
21301_0,0.18456773,"{""type"":""MultiPoint"",""coordinates"":[]}"
21302_0,0.08636307,"{""type"":""MultiPoint"",""coordinates"":[]}"
21304_0,0.021491943,"{""type"":""MultiPoint"",""coordinates"":[]}"
21308_0,0.007950252,"{""type"":""MultiPoint"",""coordinates"":[]}"
21311_0,0.105786815,"{""type"":""MultiPoint"",""coordinates"":[]}"
21312_0,0.14827345,"{""type"":""MultiPoint"",""coordinates"":[]}"
21315_0,0.0024157963,"{""type"":""MultiPoint"",""coordinates"":[]}"
21319_0,0.23077728,"{""type"":""MultiPoint"",""coordinates"":[]}"
21322_0,0.13693358,"{""type"":""MultiPoint"",""coordinates"":[]}"
21323_0,0.6160909,"{""type"":""MultiPoint"",""coordinates"":[]}"
21328_0,0.8031244,"{""type"":""MultiPoint"",""coordinates"":[]}"
21330_0,0.08960526,"{""type"":""MultiPoint"",""coordinates"":[]}"
21332_0,0.41101637,"{""type"":""MultiPoint"",""coordinates"":[]}"
21333_0,0.05285938,"{""type"":""MultiPoint"",""coordinates"":[]}"
21335_0,0.29140612,"{""type"":""MultiPoint"",""coordinates"":[]}"
21336_0,0.0719269,"{""type"":""MultiPoint"",""coordinates"":[]}"
21339_0,0.075928405,"{""type"":""MultiPoint"",""coordinates"":[]}"
21340_0,0.060981326,"{""type"":""MultiPoint"",""coordinates"":[]}"
21344_0,0.105786815,"{""type"":""MultiPoint"",""coordinates"":[]}"
21350_0,0.03265573,"{""type"":""MultiPoint"",""coordinates"":[]}"
21351_0,0.7960194,"{""type"":""MultiPoint"",""coordinates"":[]}"
21352_0,0.19359218,"{""type"":""MultiPoint"",""coordinates"":[]}"
21354_0,0.22267942,"{""type"":""MultiPoint"",""coordinates"":[]}"
21355_0,0.11579308,"{""type"":""MultiPoint"",""coordinates"":[]}"
21357_0,0.9358026,"{""type"":""MultiPoint"",""coordinates"":[]}"
21359_0,0.28131342,"{""type"":""MultiPoint"",""coordinates"":[]}"
21364_0,0.18496272,"{""type"":""MultiPoint"",""coordinates"":[]}"
21368_0,0.24355017,"{""type"":""MultiPoint"",""coordinates"":[]}"
21369_0,0.12263602,"{""type"":""MultiPoint"",""coordinates"":[]}"
21372_0,0.37796706,"{""type"":""MultiPoint"",""coordinates"":[]}"
21373_0,0.7094667,"{""type"":""MultiPoint"",""coordinates"":[]}"
21374_0,0.18456773,"{""type"":""MultiPoint"",""coordinates"":[]}"
21378_0,0.04254737,"{""type"":""MultiPoint"",""coordinates"":[]}"
21379_0,0.22559902,"{""type"":""MultiPoint"",""coordinates"":[]}"
21387_0,0.08310655,"{""type"":""MultiPoint"",""coordinates"":[]}"
21388_0,0.3392879,"{""type"":""MultiPoint"",""coordinates"":[]}"
21389_0,0.13296287,"{""type"":""MultiPoint"",""coordinates"":[]}"
21390_0,0.014283177,"{""type"":""MultiPoint"",""coordinates"":[]}"
21395_0,0.16103384,"{""type"":""MultiPoint"",""coordinates"":[]}"
21397_0,0.24355017,"{""type"":""MultiPoint"",""coordinates"":[]}"
21399_0,0.2438891,"{""type"":""MultiPoint"",""coordinates"":[]}"
21401_0,0.022208823,"{""type"":""MultiPoint"",""coordinates"":[]}"
21402_0,0.36921608,"{""type"":""MultiPoint"",""coordinates"":[]}"
21404_0,0.037136648,"{""type"":""MultiPoint"",""coordinates"":[]}"
21406_0,0.03296321,"{""type"":""MultiPoint"",""coordinates"":[]}"
21408_0,0.0867102,"{""type"":""MultiPoint"",""coordinates"":[]}"
21412_0,0.47945124,"{""type"":""MultiPoint"",""coordinates"":[]}"
21416_0,0.3509854,"{""type"":""MultiPoint"",""coordinates"":[]}"
21421_0,0.18456773,"{""type"":""MultiPoint"",""coordinates"":[]}"
21422_0,0.1666878,"{""type"":""MultiPoint"",""coordinates"":[]}"
21423_0,0.028820759,"{""type"":""MultiPoint"",""coordinates"":[]}"
21425_0,0.7176265,"{""type"":""MultiPoint"",""coordinates"":[]}"
21427_0,0.070046775,"{""type"":""MultiPoint"",""coordinates"":[]}"
21428_0,0.03387099,"{""type"":""MultiPoint"",""coordinates"":[]}"
21432_0,0.25047827,"{""type"":""MultiPoint"",""coordinates"":[]}"
21436_0,0.36087003,"{""type"":""MultiPoint"",""coordinates"":[]}"
21439_0,0.06765379,"{""type"":""MultiPoint"",""coordinates"":[]}"
21442_0,0.021088053,"{""type"":""MultiPoint"",""coordinates"":[]}"
21446_0,0.08368953,"{""type"":""MultiPoint"",""coordinates"":[]}"
21447_0,0.028735083,"{""type"":""MultiPoint"",""coordinates"":[]}"
21448_0,0.02381739,"{""type"":""MultiPoint"",""coordinates"":[]}"
21452_0,0.023014698,"{""type"":""MultiPoint"",""coordinates"":[]}"
21453_0,0.3731105,"{""type"":""MultiPoint"",""coordinates"":[]}"
21455_0,0.10631123,"{""type"":""MultiPoint"",""coordinates"":[]}"
21459_0,0.20469242,"{""type"":""MultiPoint"",""coordinates"":[]}"
21461_0,0.022349652,"{""type"":""MultiPoint"",""coordinates"":[]}"
21464_0,0.30057666,"{""type"":""MultiPoint"",""coordinates"":[]}"
21465_0,0.3082513,"{""type"":""MultiPoint"",""coordinates"":[]}"
21466_0,0.107677706,"{""type"":""MultiPoint"",""coordinates"":[]}"
21467_0,0.019118372,"{""type"":""MultiPoint"",""coordinates"":[]}"
21469_0,0.014283177,"{""type"":""MultiPoint"",""coordinates"":[]}"
21470_0,0.062192984,"{""type"":""MultiPoint"",""coordinates"":[]}"
21472_0,0.9826156,"{""type"":""MultiPoint"",""coordinates"":[]}"
21474_0,0.42613247,"{""type"":""MultiPoint"",""coordinates"":[]}"
21479_0,0.037136648,"{""type"":""MultiPoint"",""coordinates"":[]}"
21480_0,0.4976047,"{""type"":""MultiPoint"",""coordinates"":[]}"
21481_0,0.13669217,"{""type"":""MultiPoint"",""coordinates"":[]}"
21484_0,0.08040871,"{""type"":""MultiPoint"",""coordinates"":[]}"
21487_0,0.0025054368,"{""type"":""MultiPoint"",""coordinates"":[]}"
21488_0,0.060817193,"{""type"":""MultiPoint"",""coordinates"":[]}"
21489_0,0.19700466,"{""type"":""MultiPoint"",""coordinates"":[]}"
21492_0,0.16068025,"{""type"":""MultiPoint"",""coordinates"":[]}"
21493_0,0.028932964,"{""type"":""MultiPoint"",""coordinates"":[]}"
21495_0,0.09558582,"{""type"":""MultiPoint"",""coordinates"":[]}"
21496_0,0.022349652,"{""type"":""MultiPoint"",""coordinates"":[]}"
21498_0,0.7313624,"{""type"":""MultiPoint"",""coordinates"":[]}"
21501_0,0.38057765,"{""type"":""MultiPoint"",""coordinates"":[]}"
21504_0,0.9933653,"{""type"":""MultiPoint"",""coordinates"":[]}"
21505_0,0.17502892,"{""type"":""MultiPoint"",""coordinates"":[]}"
21508_0,0.0025054368,"{""type"":""MultiPoint"",""coordinates"":[]}"
21511_0,0.3875038,"{""type"":""MultiPoint"",""coordinates"":[]}"
21514_0,0.31163284,"{""type"":""MultiPoint"",""coordinates"":[]}"
21518_0,0.075081296,"{""type"":""MultiPoint"",""coordinates"":[]}"
21521_0,0.035828542,"{""type"":""MultiPoint"",""coordinates"":[]}"
21523_0,0.0767264,"{""type"":""MultiPoint"",""coordinates"":[]}"
21526_0,0.02278664,"{""type"":""MultiPoint"",""coordinates"":[]}"
21530_0,0.11084138,"{""type"":""MultiPoint"",""coordinates"":[]}"
21534_0,0.032723997,"{""type"":""MultiPoint"",""coordinates"":[]}"
21536_0,0.18016276,"{""type"":""MultiPoint"",""coordinates"":[]}"
21539_0,0.91488653,"{""type"":""MultiPoint"",""coordinates"":[]}"
21541_0,0.10162102,"{""type"":""MultiPoint"",""coordinates"":[]}"
21542_0,0.09554416,"{""type"":""MultiPoint"",""coordinates"":[]}"
21544_0,0.5197454,"{""type"":""MultiPoint"",""coordinates"":[]}"
21545_0,0.37729144,"{""type"":""MultiPoint"",""coordinates"":[]}"
21546_0,0.80455184,"{""type"":""MultiPoint"",""coordinates"":[]}"
21547_0,0.062192984,"{""type"":""MultiPoint"",""coordinates"":[]}"
21552_0,0.0025054368,"{""type"":""MultiPoint"",""coordinates"":[]}"
21555_0,0.1276894,"{""type"":""MultiPoint"",""coordinates"":[]}"
21556_0,0.2959227,"{""type"":""MultiPoint"",""coordinates"":[]}"
21561_0,0.771164,"{""type"":""MultiPoint"",""coordinates"":[]}"
21562_0,0.06765379,"{""type"":""MultiPoint"",""coordinates"":[]}"
21564_0,0.097796425,"{""type"":""MultiPoint"",""coordinates"":[]}"
21567_0,0.48928148,"{""type"":""MultiPoint"",""coordinates"":[]}"
21571_0,0.034880314,"{""type"":""MultiPoint"",""coordinates"":[]}"
21575_0,0.47690803,"{""type"":""MultiPoint"",""coordinates"":[]}"
21576_0,0.26706392,"{""type"":""MultiPoint"",""coordinates"":[]}"
21577_0,0.34642112,"{""type"":""MultiPoint"",""coordinates"":[]}"
21578_0,0.96935046,"{""type"":""MultiPoint"",""coordinates"":[]}"
21579_0,0.18456773,"{""type"":""MultiPoint"",""coordinates"":[]}"
21580_0,0.18456773,"{""type"":""MultiPoint"",""coordinates"":[]}"
21585_0,0.1424429,"{""type"":""MultiPoint"",""coordinates"":[]}"
21586_0,0.017046528,"{""type"":""MultiPoint"",""coordinates"":[]}"
21588_0,0.03046439,"{""type"":""MultiPoint"",""coordinates"":[]}"
21591_0,0.9965921,"{""type"":""MultiPoint"",""coordinates"":[]}"
21595_0,0.22186464,"{""type"":""MultiPoint"",""coordinates"":[]}"
21596_0,0.019734982,"{""type"":""MultiPoint"",""coordinates"":[]}"
21597_0,0.0867102,"{""type"":""MultiPoint"",""coordinates"":[]}"
21598_0,0.36119714,"{""type"":""MultiPoint"",""coordinates"":[]}"
21599_0,0.18456773,"{""type"":""MultiPoint"",""coordinates"":[]}"
21605_0,0.16548254,"{""type"":""MultiPoint"",""coordinates"":[]}"
21606_0,0.09554416,"{""type"":""MultiPoint"",""coordinates"":[]}"
21607_0,0.06594758,"{""type"":""MultiPoint"",""coordinates"":[]}"
21609_0,0.07699686,"{""type"":""MultiPoint"",""coordinates"":[]}"
21613_0,0.19759652,"{""type"":""MultiPoint"",""coordinates"":[]}"
21615_0,0.011340729,"{""type"":""MultiPoint"",""coordinates"":[]}"
21617_0,0.8528581,"{""type"":""MultiPoint"",""coordinates"":[]}"
21619_0,0.64979976,"{""type"":""MultiPoint"",""coordinates"":[]}"
21620_0,0.9967477,"{""type"":""MultiPoint"",""coordinates"":[]}"
21623_0,0.061440054,"{""type"":""MultiPoint"",""coordinates"":[]}"
21624_0,0.011294002,"{""type"":""MultiPoint"",""coordinates"":[]}"
21627_0,0.2691035,"{""type"":""MultiPoint"",""coordinates"":[]}"
21629_0,0.021263884,"{""type"":""MultiPoint"",""coordinates"":[]}"
21631_0,0.08310655,"{""type"":""MultiPoint"",""coordinates"":[]}"
21632_0,0.38543224,"{""type"":""MultiPoint"",""coordinates"":[]}"
21634_0,0.18877323,"{""type"":""MultiPoint"",""coordinates"":[]}"
21637_0,0.36119714,"{""type"":""MultiPoint"",""coordinates"":[]}"
21641_0,0.32723296,"{""type"":""MultiPoint"",""coordinates"":[]}"
21645_0,0.02278664,"{""type"":""MultiPoint"",""coordinates"":[]}"
21648_0,0.38857648,"{""type"":""MultiPoint"",""coordinates"":[]}"
21651_0,0.36337736,"{""type"":""MultiPoint"",""coordinates"":[]}"
21652_0,0.020500967,"{""type"":""MultiPoint"",""coordinates"":[]}"
21655_0,0.23571606,"{""type"":""MultiPoint"",""coordinates"":[]}"
21657_0,0.035828542,"{""type"":""MultiPoint"",""coordinates"":[]}"
21659_0,0.056631684,"{""type"":""MultiPoint"",""coordinates"":[]}"
21661_0,0.24355017,"{""type"":""MultiPoint"",""coordinates"":[]}"
21665_0,0.070969984,"{""type"":""MultiPoint"",""coordinates"":[]}"
21666_0,0.062192984,"{""type"":""MultiPoint"",""coordinates"":[]}"
21668_0,0.31581616,"{""type"":""MultiPoint"",""coordinates"":[]}"
21671_0,0.07669952,"{""type"":""MultiPoint"",""coordinates"":[]}"
21673_0,0.13919297,"{""type"":""MultiPoint"",""coordinates"":[]}"
21676_0,0.23077728,"{""type"":""MultiPoint"",""coordinates"":[]}"
21680_0,0.12990949,"{""type"":""MultiPoint"",""coordinates"":[]}"
21683_0,0.12990949,"{""type"":""MultiPoint"",""coordinates"":[]}"
21684_0,0.18998411,"{""type"":""MultiPoint"",""coordinates"":[]}"
21685_0,0.21017645,"{""type"":""MultiPoint"",""coordinates"":[]}"
21687_0,0.03664555,"{""type"":""MultiPoint"",""coordinates"":[]}"
21688_0,0.10059872,"{""type"":""MultiPoint"",""coordinates"":[]}"
21692_0,0.6916973,"{""type"":""MultiPoint"",""coordinates"":[]}"
21695_0,0.023014698,"{""type"":""MultiPoint"",""coordinates"":[]}"
21696_0,0.16892731,"{""type"":""MultiPoint"",""coordinates"":[]}"
21697_0,0.18098575,"{""type"":""MultiPoint"",""coordinates"":[]}"
21699_0,0.09947689,"{""type"":""MultiPoint"",""coordinates"":[]}"
21705_0,0.031937007,"{""type"":""MultiPoint"",""coordinates"":[]}"
21708_0,0.29140612,"{""type"":""MultiPoint"",""coordinates"":[]}"
21709_0,0.21222182,"{""type"":""MultiPoint"",""coordinates"":[]}"
21710_0,0.05677155,"{""type"":""MultiPoint"",""coordinates"":[]}"
21711_0,0.009638814,"{""type"":""MultiPoint"",""coordinates"":[]}"
21713_0,0.27772948,"{""type"":""MultiPoint"",""coordinates"":[]}"
21714_0,0.18877323,"{""type"":""MultiPoint"",""coordinates"":[]}"
21716_0,0.08920848,"{""type"":""MultiPoint"",""coordinates"":[]}"
21721_0,0.075928405,"{""type"":""MultiPoint"",""coordinates"":[]}"
21722_0,0.14462978,"{""type"":""MultiPoint"",""coordinates"":[]}"
21725_0,0.028740555,"{""type"":""MultiPoint"",""coordinates"":[]}"
21726_0,0.18456773,"{""type"":""MultiPoint"",""coordinates"":[]}"
21728_0,0.08557811,"{""type"":""MultiPoint"",""coordinates"":[]}"
21733_0,0.07513506,"{""type"":""MultiPoint"",""coordinates"":[]}"
21736_0,0.01981849,"{""type"":""MultiPoint"",""coordinates"":[]}"
21737_0,0.18877323,"{""type"":""MultiPoint"",""coordinates"":[]}"
21738_0,0.10434459,"{""type"":""MultiPoint"",""coordinates"":[]}"
21740_0,0.49785975,"{""type"":""MultiPoint"",""coordinates"":[]}"
21741_0,0.011475624,"{""type"":""MultiPoint"",""coordinates"":[]}"
21743_0,0.10741524,"{""type"":""MultiPoint"",""coordinates"":[]}"
21744_0,0.05009476,"{""type"":""MultiPoint"",""coordinates"":[]}"
21751_0,0.023058558,"{""type"":""MultiPoint"",""coordinates"":[]}"
21753_0,0.18456773,"{""type"":""MultiPoint"",""coordinates"":[]}"
21754_0,0.015520881,"{""type"":""MultiPoint"",""coordinates"":[]}"
21760_0,0.01394184,"{""type"":""MultiPoint"",""coordinates"":[]}"
21763_0,0.20262726,"{""type"":""MultiPoint"",""coordinates"":[]}"
21765_0,0.14729375,"{""type"":""MultiPoint"",""coordinates"":[]}"
21767_0,0.3675075,"{""type"":""MultiPoint"",""coordinates"":[]}"
21771_0,0.12820785,"{""type"":""MultiPoint"",""coordinates"":[]}"
21773_0,0.035912257,"{""type"":""MultiPoint"",""coordinates"":[]}"
21780_0,0.062192984,"{""type"":""MultiPoint"",""coordinates"":[]}"
21783_0,0.041300055,"{""type"":""MultiPoint"",""coordinates"":[]}"
21788_0,0.016367994,"{""type"":""MultiPoint"",""coordinates"":[]}"
21791_0,0.2889387,"{""type"":""MultiPoint"",""coordinates"":[]}"
21797_0,0.17148624,"{""type"":""MultiPoint"",""coordinates"":[]}"
21798_0,0.08960526,"{""type"":""MultiPoint"",""coordinates"":[]}"
21800_0,0.29505783,"{""type"":""MultiPoint"",""coordinates"":[]}"
21806_0,0.120137334,"{""type"":""MultiPoint"",""coordinates"":[]}"
21807_0,0.11304259,"{""type"":""MultiPoint"",""coordinates"":[]}"
21809_0,0.12563357,"{""type"":""MultiPoint"",""coordinates"":[]}"
21812_0,0.36087003,"{""type"":""MultiPoint"",""coordinates"":[]}"
21814_0,0.17230389,"{""type"":""MultiPoint"",""coordinates"":[]}"
21818_0,0.0787607,"{""type"":""MultiPoint"",""coordinates"":[]}"
21822_0,0.23077728,"{""type"":""MultiPoint"",""coordinates"":[]}"
21827_0,0.09460962,"{""type"":""MultiPoint"",""coordinates"":[]}"
21828_0,0.0018891994,"{""type"":""MultiPoint"",""coordinates"":[]}"
21831_0,0.14462978,"{""type"":""MultiPoint"",""coordinates"":[]}"
21832_0,0.22559902,"{""type"":""MultiPoint"",""coordinates"":[]}"
21837_0,0.103687,"{""type"":""MultiPoint"",""coordinates"":[]}"
21843_0,0.05295095,"{""type"":""MultiPoint"",""coordinates"":[]}"
21844_0,0.011621363,"{""type"":""MultiPoint"",""coordinates"":[]}"
21845_0,0.066580884,"{""type"":""MultiPoint"",""coordinates"":[]}"
21848_0,0.3470214,"{""type"":""MultiPoint"",""coordinates"":[]}"
21852_0,0.30876067,"{""type"":""MultiPoint"",""coordinates"":[]}"
21853_0,0.3392879,"{""type"":""MultiPoint"",""coordinates"":[]}"
21859_0,0.09510327,"{""type"":""MultiPoint"",""coordinates"":[]}"
21864_0,0.011475624,"{""type"":""MultiPoint"",""coordinates"":[]}"
21866_0,0.46281597,"{""type"":""MultiPoint"",""coordinates"":[]}"
21867_0,0.0025054368,"{""type"":""MultiPoint"",""coordinates"":[]}"
21868_0,0.048757307,"{""type"":""MultiPoint"",""coordinates"":[]}"
21872_0,0.013868708,"{""type"":""MultiPoint"",""coordinates"":[]}"
21874_0,0.12230826,"{""type"":""MultiPoint"",""coordinates"":[]}"
21877_0,0.021263884,"{""type"":""MultiPoint"",""coordinates"":[]}"
21881_0,0.36234415,"{""type"":""MultiPoint"",""coordinates"":[]}"
21888_0,0.16167796,"{""type"":""MultiPoint"",""coordinates"":[]}"
21889_0,0.4802776,"{""type"":""MultiPoint"",""coordinates"":[]}"
21891_0,0.1356467,"{""type"":""MultiPoint"",""coordinates"":[]}"
21892_0,0.13841465,"{""type"":""MultiPoint"",""coordinates"":[]}"
21893_0,0.081838995,"{""type"":""MultiPoint"",""coordinates"":[]}"
21899_0,0.077646285,"{""type"":""MultiPoint"",""coordinates"":[]}"
21902_0,0.10285099,"{""type"":""MultiPoint"",""coordinates"":[]}"
21905_0,0.1093405,"{""type"":""MultiPoint"",""coordinates"":[]}"
21908_0,0.946909,"{""type"":""MultiPoint"",""coordinates"":[]}"
21909_0,0.075928405,"{""type"":""MultiPoint"",""coordinates"":[]}"
21911_0,0.059212394,"{""type"":""MultiPoint"",""coordinates"":[]}"
21914_0,0.3675075,"{""type"":""MultiPoint"",""coordinates"":[]}"
21918_0,0.021263884,"{""type"":""MultiPoint"",""coordinates"":[]}"
21924_0,0.9907778,"{""type"":""MultiPoint"",""coordinates"":[]}"
21926_0,0.10285099,"{""type"":""MultiPoint"",""coordinates"":[]}"
21927_0,0.18456773,"{""type"":""MultiPoint"",""coordinates"":[]}"
21928_0,0.1399612,"{""type"":""MultiPoint"",""coordinates"":[]}"
21929_0,0.099711925,"{""type"":""MultiPoint"",""coordinates"":[]}"
21933_0,0.99705863,"{""type"":""MultiPoint"",""coordinates"":[]}"
21934_0,0.2382989,"{""type"":""MultiPoint"",""coordinates"":[]}"
21939_0,0.09713908,"{""type"":""MultiPoint"",""coordinates"":[]}"
21941_0,0.061727386,"{""type"":""MultiPoint"",""coordinates"":[]}"
21942_0,0.93965006,"{""type"":""MultiPoint"",""coordinates"":[]}"
21947_0,0.07810768,"{""type"":""MultiPoint"",""coordinates"":[]}"
21956_0,0.1164443,"{""type"":""MultiPoint"",""coordinates"":[]}"
21958_0,0.034621753,"{""type"":""MultiPoint"",""coordinates"":[]}"
21961_0,0.10952454,"{""type"":""MultiPoint"",""coordinates"":[]}"
21966_0,0.15253785,"{""type"":""MultiPoint"",""coordinates"":[]}"
21973_0,0.1536948,"{""type"":""MultiPoint"",""coordinates"":[]}"
21974_0,0.08250383,"{""type"":""MultiPoint"",""coordinates"":[]}"
21975_0,0.13345866,"{""type"":""MultiPoint"",""coordinates"":[]}"
21976_0,0.18998411,"{""type"":""MultiPoint"",""coordinates"":[]}"
21977_0,0.79456425,"{""type"":""MultiPoint"",""coordinates"":[]}"
21978_0,0.7184996,"{""type"":""MultiPoint"",""coordinates"":[]}"
21980_0,0.09460962,"{""type"":""MultiPoint"",""coordinates"":[]}"
21981_0,0.3675075,"{""type"":""MultiPoint"",""coordinates"":[]}"
21982_0,0.9984116,"{""type"":""MultiPoint"",""coordinates"":[]}"
21983_0,0.16247424,"{""type"":""MultiPoint"",""coordinates"":[]}"
21985_0,0.06811396,"{""type"":""MultiPoint"",""coordinates"":[]}"
21999_0,0.2959227,"{""type"":""MultiPoint"",""coordinates"":[]}"
22001_0,0.16784386,"{""type"":""MultiPoint"",""coordinates"":[]}"
22004_0,0.109397024,"{""type"":""MultiPoint"",""coordinates"":[]}"
22005_0,0.37835065,"{""type"":""MultiPoint"",""coordinates"":[]}"
22006_0,0.0064377175,"{""type"":""MultiPoint"",""coordinates"":[]}"
22012_0,0.9840959,"{""type"":""MultiPoint"",""coordinates"":[]}"
22015_0,0.019118372,"{""type"":""MultiPoint"",""coordinates"":[]}"
22017_0,0.22559902,"{""type"":""MultiPoint"",""coordinates"":[]}"
22020_0,0.075928405,"{""type"":""MultiPoint"",""coordinates"":[]}"
22024_0,0.0867102,"{""type"":""MultiPoint"",""coordinates"":[]}"
22028_0,0.5364599,"{""type"":""MultiPoint"",""coordinates"":[]}"
22032_0,0.4239053,"{""type"":""MultiPoint"",""coordinates"":[]}"
22036_0,0.12818553,"{""type"":""MultiPoint"",""coordinates"":[]}"
22037_0,0.3308999,"{""type"":""MultiPoint"",""coordinates"":[]}"
22039_0,0.94960654,"{""type"":""MultiPoint"",""coordinates"":[]}"
22042_0,0.01394184,"{""type"":""MultiPoint"",""coordinates"":[]}"
22043_0,0.8485923,"{""type"":""MultiPoint"",""coordinates"":[]}"
22044_0,0.3149819,"{""type"":""MultiPoint"",""coordinates"":[]}"
22049_0,0.048496407,"{""type"":""MultiPoint"",""coordinates"":[]}"
22050_0,0.2509121,"{""type"":""MultiPoint"",""coordinates"":[]}"
22051_0,0.0850089,"{""type"":""MultiPoint"",""coordinates"":[]}"
22055_0,0.1687904,"{""type"":""MultiPoint"",""coordinates"":[]}"
22057_0,0.010467444,"{""type"":""MultiPoint"",""coordinates"":[]}"
22058_0,0.035375528,"{""type"":""MultiPoint"",""coordinates"":[]}"
22059_0,0.32763553,"{""type"":""MultiPoint"",""coordinates"":[]}"
22060_0,0.043650556,"{""type"":""MultiPoint"",""coordinates"":[]}"
22062_0,0.34347838,"{""type"":""MultiPoint"",""coordinates"":[]}"
22067_0,0.50064844,"{""type"":""MultiPoint"",""coordinates"":[]}"
22069_0,0.0024157963,"{""type"":""MultiPoint"",""coordinates"":[]}"
22070_0,0.73714757,"{""type"":""MultiPoint"",""coordinates"":[]}"
22071_0,0.059212394,"{""type"":""MultiPoint"",""coordinates"":[]}"
22072_0,0.16553162,"{""type"":""MultiPoint"",""coordinates"":[]}"
22074_0,0.11579308,"{""type"":""MultiPoint"",""coordinates"":[]}"
22075_0,0.1164443,"{""type"":""MultiPoint"",""coordinates"":[]}"
22079_0,0.35285872,"{""type"":""MultiPoint"",""coordinates"":[]}"
22081_0,0.100524165,"{""type"":""MultiPoint"",""coordinates"":[]}"
22082_0,0.06754969,"{""type"":""MultiPoint"",""coordinates"":[]}"
22083_0,0.04254737,"{""type"":""MultiPoint"",""coordinates"":[]}"
22087_0,0.0959975,"{""type"":""MultiPoint"",""coordinates"":[]}"
22088_0,0.99517864,"{""type"":""MultiPoint"",""coordinates"":[]}"
22091_0,0.057327054,"{""type"":""MultiPoint"",""coordinates"":[]}"
22092_0,0.29505783,"{""type"":""MultiPoint"",""coordinates"":[]}"
22093_0,0.37606007,"{""type"":""MultiPoint"",""coordinates"":[]}"
22097_0,0.012593548,"{""type"":""MultiPoint"",""coordinates"":[]}"
22098_0,0.10631123,"{""type"":""MultiPoint"",""coordinates"":[]}"
22104_0,0.35251763,"{""type"":""MultiPoint"",""coordinates"":[]}"
22107_0,0.17902705,"{""type"":""MultiPoint"",""coordinates"":[]}"
22109_0,0.10285099,"{""type"":""MultiPoint"",""coordinates"":[]}"
22110_0,0.15253785,"{""type"":""MultiPoint"",""coordinates"":[]}"
22114_0,0.16590957,"{""type"":""MultiPoint"",""coordinates"":[]}"
22115_0,0.0024798817,"{""type"":""MultiPoint"",""coordinates"":[]}"
22117_0,0.29028636,"{""type"":""MultiPoint"",""coordinates"":[]}"
22126_0,0.38543224,"{""type"":""MultiPoint"",""coordinates"":[]}"
22127_0,0.2691833,"{""type"":""MultiPoint"",""coordinates"":[]}"
22128_0,0.041731,"{""type"":""MultiPoint"",""coordinates"":[]}"
22130_0,0.3254391,"{""type"":""MultiPoint"",""coordinates"":[]}"
22131_0,0.51943034,"{""type"":""MultiPoint"",""coordinates"":[]}"
22132_0,0.43868947,"{""type"":""MultiPoint"",""coordinates"":[]}"
22133_0,0.14980307,"{""type"":""MultiPoint"",""coordinates"":[]}"
22134_0,0.076491505,"{""type"":""MultiPoint"",""coordinates"":[]}"
22137_0,0.9318647,"{""type"":""MultiPoint"",""coordinates"":[]}"
22142_0,0.4927715,"{""type"":""MultiPoint"",""coordinates"":[]}"
22144_0,0.11766808,"{""type"":""MultiPoint"",""coordinates"":[]}"
22146_0,0.3675075,"{""type"":""MultiPoint"",""coordinates"":[]}"
22148_0,0.29577112,"{""type"":""MultiPoint"",""coordinates"":[]}"
22149_0,0.18456773,"{""type"":""MultiPoint"",""coordinates"":[]}"
22150_0,0.32878986,"{""type"":""MultiPoint"",""coordinates"":[]}"
22151_0,0.7313624,"{""type"":""MultiPoint"",""coordinates"":[]}"
22152_0,0.14462978,"{""type"":""MultiPoint"",""coordinates"":[]}"
22156_0,0.060981326,"{""type"":""MultiPoint"",""coordinates"":[]}"
22158_0,0.20122,"{""type"":""MultiPoint"",""coordinates"":[]}"
22159_0,0.2658342,"{""type"":""MultiPoint"",""coordinates"":[]}"
22164_0,0.02606615,"{""type"":""MultiPoint"",""coordinates"":[]}"
22165_0,0.9984116,"{""type"":""MultiPoint"",""coordinates"":[]}"
22166_0,0.2959227,"{""type"":""MultiPoint"",""coordinates"":[]}"
22169_0,0.30804354,"{""type"":""MultiPoint"",""coordinates"":[]}"
22174_0,0.18456773,"{""type"":""MultiPoint"",""coordinates"":[]}"
22175_0,0.0867102,"{""type"":""MultiPoint"",""coordinates"":[]}"
22176_0,0.16923568,"{""type"":""MultiPoint"",""coordinates"":[]}"
22177_0,0.32951292,"{""type"":""MultiPoint"",""coordinates"":[]}"
22178_0,0.09343831,"{""type"":""MultiPoint"",""coordinates"":[]}"
22184_0,0.16510339,"{""type"":""MultiPoint"",""coordinates"":[]}"
22185_0,0.21235667,"{""type"":""MultiPoint"",""coordinates"":[]}"
22186_0,0.37729144,"{""type"":""MultiPoint"",""coordinates"":[]}"
22187_0,0.3392879,"{""type"":""MultiPoint"",""coordinates"":[]}"
22189_0,0.06714762,"{""type"":""MultiPoint"",""coordinates"":[]}"
22191_0,0.098117046,"{""type"":""MultiPoint"",""coordinates"":[]}"
22192_0,0.3731105,"{""type"":""MultiPoint"",""coordinates"":[]}"
22193_0,0.3522709,"{""type"":""MultiPoint"",""coordinates"":[]}"
22197_0,0.023014698,"{""type"":""MultiPoint"",""coordinates"":[]}"
22198_0,0.16923568,"{""type"":""MultiPoint"",""coordinates"":[]}"
22202_0,0.107677706,"{""type"":""MultiPoint"",""coordinates"":[]}"
22204_0,0.06938585,"{""type"":""MultiPoint"",""coordinates"":[]}"
22212_0,0.13186912,"{""type"":""MultiPoint"",""coordinates"":[]}"
22214_0,0.02385106,"{""type"":""MultiPoint"",""coordinates"":[]}"
22215_0,0.1393711,"{""type"":""MultiPoint"",""coordinates"":[]}"
22217_0,0.07669952,"{""type"":""MultiPoint"",""coordinates"":[]}"
22218_0,0.063124426,"{""type"":""MultiPoint"",""coordinates"":[]}"
22219_0,0.24177404,"{""type"":""MultiPoint"",""coordinates"":[]}"
22221_0,0.052037284,"{""type"":""MultiPoint"",""coordinates"":[]}"
22222_0,0.18339881,"{""type"":""MultiPoint"",""coordinates"":[]}"
22224_0,0.031905334,"{""type"":""MultiPoint"",""coordinates"":[]}"
22225_0,0.13789302,"{""type"":""MultiPoint"",""coordinates"":[]}"
22229_0,0.18877323,"{""type"":""MultiPoint"",""coordinates"":[]}"
22231_0,0.051366586,"{""type"":""MultiPoint"",""coordinates"":[]}"
22234_0,0.11924733,"{""type"":""MultiPoint"",""coordinates"":[]}"
22237_0,0.3362933,"{""type"":""MultiPoint"",""coordinates"":[]}"
22238_0,0.100524165,"{""type"":""MultiPoint"",""coordinates"":[]}"
22239_0,0.24334088,"{""type"":""MultiPoint"",""coordinates"":[]}"
22241_0,0.11579308,"{""type"":""MultiPoint"",""coordinates"":[]}"
22247_0,0.105786815,"{""type"":""MultiPoint"",""coordinates"":[]}"
22250_0,0.30764353,"{""type"":""MultiPoint"",""coordinates"":[]}"
22251_0,0.1778677,"{""type"":""MultiPoint"",""coordinates"":[]}"
22255_0,0.1466049,"{""type"":""MultiPoint"",""coordinates"":[]}"
22257_0,0.47382164,"{""type"":""MultiPoint"",""coordinates"":[]}"
22259_0,0.021119766,"{""type"":""MultiPoint"",""coordinates"":[]}"
22266_0,0.22559902,"{""type"":""MultiPoint"",""coordinates"":[]}"
22269_0,0.028439859,"{""type"":""MultiPoint"",""coordinates"":[]}"
22272_0,0.0653899,"{""type"":""MultiPoint"",""coordinates"":[]}"
22273_0,0.11084138,"{""type"":""MultiPoint"",""coordinates"":[]}"
22280_0,0.09554416,"{""type"":""MultiPoint"",""coordinates"":[]}"
22284_0,0.2509121,"{""type"":""MultiPoint"",""coordinates"":[]}"
22285_0,0.0787607,"{""type"":""MultiPoint"",""coordinates"":[]}"
22286_0,0.25737295,"{""type"":""MultiPoint"",""coordinates"":[]}"
22288_0,0.059212394,"{""type"":""MultiPoint"",""coordinates"":[]}"
22290_0,0.66489065,"{""type"":""MultiPoint"",""coordinates"":[]}"
22293_0,0.035828542,"{""type"":""MultiPoint"",""coordinates"":[]}"
22297_0,0.08200271,"{""type"":""MultiPoint"",""coordinates"":[]}"
22298_0,0.7389974,"{""type"":""MultiPoint"",""coordinates"":[]}"
22299_0,0.075928405,"{""type"":""MultiPoint"",""coordinates"":[]}"
22304_0,0.24976988,"{""type"":""MultiPoint"",""coordinates"":[]}"
22305_0,0.7736855,"{""type"":""MultiPoint"",""coordinates"":[]}"
22308_0,0.06765379,"{""type"":""MultiPoint"",""coordinates"":[]}"
22309_0,0.50064844,"{""type"":""MultiPoint"",""coordinates"":[]}"
22311_0,0.1824111,"{""type"":""MultiPoint"",""coordinates"":[]}"
22312_0,0.019118372,"{""type"":""MultiPoint"",""coordinates"":[]}"
22313_0,0.046702392,"{""type"":""MultiPoint"",""coordinates"":[]}"
22314_0,0.20975755,"{""type"":""MultiPoint"",""coordinates"":[]}"
22315_0,0.7184996,"{""type"":""MultiPoint"",""coordinates"":[]}"
22316_0,0.288916,"{""type"":""MultiPoint"",""coordinates"":[]}"
22318_0,0.36743617,"{""type"":""MultiPoint"",""coordinates"":[]}"
22319_0,0.4150658,"{""type"":""MultiPoint"",""coordinates"":[]}"
22322_0,0.03971774,"{""type"":""MultiPoint"",""coordinates"":[]}"
22323_0,0.1420678,"{""type"":""MultiPoint"",""coordinates"":[]}"
22324_0,0.12990949,"{""type"":""MultiPoint"",""coordinates"":[]}"
22329_0,0.20050494,"{""type"":""MultiPoint"",""coordinates"":[]}"
22333_0,0.06763024,"{""type"":""MultiPoint"",""coordinates"":[]}"
22335_0,0.033880707,"{""type"":""MultiPoint"",""coordinates"":[]}"
22336_0,0.014002372,"{""type"":""MultiPoint"",""coordinates"":[]}"
22338_0,0.02385106,"{""type"":""MultiPoint"",""coordinates"":[]}"
22339_0,0.9967477,"{""type"":""MultiPoint"",""coordinates"":[]}"
22342_0,0.9766857,"{""type"":""MultiPoint"",""coordinates"":[]}"
22343_0,0.16207571,"{""type"":""MultiPoint"",""coordinates"":[]}"
22348_0,0.049210913,"{""type"":""MultiPoint"",""coordinates"":[]}"
22353_0,0.9771078,"{""type"":""MultiPoint"",""coordinates"":[]}"
22354_0,0.17502892,"{""type"":""MultiPoint"",""coordinates"":[]}"
22356_0,0.05285938,"{""type"":""MultiPoint"",""coordinates"":[]}"
22357_0,0.49899834,"{""type"":""MultiPoint"",""coordinates"":[]}"
22358_0,0.17940189,"{""type"":""MultiPoint"",""coordinates"":[]}"
22360_0,0.064197406,"{""type"":""MultiPoint"",""coordinates"":[]}"
22361_0,0.11257507,"{""type"":""MultiPoint"",""coordinates"":[]}"
22363_0,0.26661944,"{""type"":""MultiPoint"",""coordinates"":[]}"
22369_0,0.96000856,"{""type"":""MultiPoint"",""coordinates"":[]}"
22370_0,0.065336406,"{""type"":""MultiPoint"",""coordinates"":[]}"
22374_0,0.089665085,"{""type"":""MultiPoint"",""coordinates"":[]}"
22375_0,0.032869536,"{""type"":""MultiPoint"",""coordinates"":[]}"
22377_0,0.18877323,"{""type"":""MultiPoint"",""coordinates"":[]}"
22380_0,0.100351624,"{""type"":""MultiPoint"",""coordinates"":[]}"
22382_0,0.2438891,"{""type"":""MultiPoint"",""coordinates"":[]}"
22387_0,0.014488011,"{""type"":""MultiPoint"",""coordinates"":[]}"
22389_0,4.34506E-4,"{""type"":""MultiPoint"",""coordinates"":[]}"
22391_0,0.068812326,"{""type"":""MultiPoint"",""coordinates"":[]}"
22396_0,0.080062106,"{""type"":""MultiPoint"",""coordinates"":[]}"
22399_0,0.066371836,"{""type"":""MultiPoint"",""coordinates"":[]}"
22406_0,0.3287856,"{""type"":""MultiPoint"",""coordinates"":[]}"
22410_0,0.61749727,"{""type"":""MultiPoint"",""coordinates"":[]}"
22414_0,0.18877323,"{""type"":""MultiPoint"",""coordinates"":[]}"
22416_0,0.36122984,"{""type"":""MultiPoint"",""coordinates"":[]}"
22418_0,0.15916133,"{""type"":""MultiPoint"",""coordinates"":[]}"
22420_0,0.22724411,"{""type"":""MultiPoint"",""coordinates"":[]}"
22423_0,0.10285099,"{""type"":""MultiPoint"",""coordinates"":[]}"
22424_0,0.0923414,"{""type"":""MultiPoint"",""coordinates"":[]}"
22425_0,0.105786815,"{""type"":""MultiPoint"",""coordinates"":[]}"
22428_0,0.0867102,"{""type"":""MultiPoint"",""coordinates"":[]}"
22429_0,0.11374652,"{""type"":""MultiPoint"",""coordinates"":[]}"
22430_0,0.19359218,"{""type"":""MultiPoint"",""coordinates"":[]}"
22431_0,0.019669281,"{""type"":""MultiPoint"",""coordinates"":[]}"
22433_0,0.030783214,"{""type"":""MultiPoint"",""coordinates"":[]}"
22435_0,0.10061891,"{""type"":""MultiPoint"",""coordinates"":[]}"
22436_0,0.048550628,"{""type"":""MultiPoint"",""coordinates"":[]}"
22440_0,0.011621363,"{""type"":""MultiPoint"",""coordinates"":[]}"
22444_0,0.9974687,"{""type"":""MultiPoint"",""coordinates"":[]}"
22458_0,0.03296321,"{""type"":""MultiPoint"",""coordinates"":[]}"
22460_0,0.14011467,"{""type"":""MultiPoint"",""coordinates"":[]}"
22464_0,0.074546695,"{""type"":""MultiPoint"",""coordinates"":[]}"
22467_0,0.5780104,"{""type"":""MultiPoint"",""coordinates"":[]}"
22471_0,0.13818116,"{""type"":""MultiPoint"",""coordinates"":[]}"
22472_0,0.099367514,"{""type"":""MultiPoint"",""coordinates"":[]}"
22473_0,0.6496358,"{""type"":""MultiPoint"",""coordinates"":[]}"
22474_0,0.21113235,"{""type"":""MultiPoint"",""coordinates"":[]}"
22475_0,0.3287856,"{""type"":""MultiPoint"",""coordinates"":[]}"
22476_0,0.0025054368,"{""type"":""MultiPoint"",""coordinates"":[]}"
22477_0,0.099711925,"{""type"":""MultiPoint"",""coordinates"":[]}"
22479_0,0.024329606,"{""type"":""MultiPoint"",""coordinates"":[]}"
22481_0,0.06513302,"{""type"":""MultiPoint"",""coordinates"":[]}"
22482_0,0.9907778,"{""type"":""MultiPoint"",""coordinates"":[]}"
22482_1,0.9907778,"{""type"":""MultiPoint"",""coordinates"":[]}"
22485_0,0.028991824,"{""type"":""MultiPoint"",""coordinates"":[]}"
22486_0,0.3675075,"{""type"":""MultiPoint"",""coordinates"":[]}"
22487_0,0.3875038,"{""type"":""MultiPoint"",""coordinates"":[]}"
22488_0,0.35081464,"{""type"":""MultiPoint"",""coordinates"":[]}"
22490_0,0.6160909,"{""type"":""MultiPoint"",""coordinates"":[]}"
22492_0,0.17230389,"{""type"":""MultiPoint"",""coordinates"":[]}"
22496_0,0.075928405,"{""type"":""MultiPoint"",""coordinates"":[]}"
22497_0,0.097796425,"{""type"":""MultiPoint"",""coordinates"":[]}"
22499_0,0.097796425,"{""type"":""MultiPoint"",""coordinates"":[]}"
22501_0,0.03010386,"{""type"":""MultiPoint"",""coordinates"":[]}"
22502_0,0.3470214,"{""type"":""MultiPoint"",""coordinates"":[]}"
22504_0,0.32878986,"{""type"":""MultiPoint"",""coordinates"":[]}"
22505_0,0.15724467,"{""type"":""MultiPoint"",""coordinates"":[]}"
22506_0,0.114047475,"{""type"":""MultiPoint"",""coordinates"":[]}"
22507_0,0.057650216,"{""type"":""MultiPoint"",""coordinates"":[]}"
22508_0,0.4992232,"{""type"":""MultiPoint"",""coordinates"":[]}"
22513_0,0.06263004,"{""type"":""MultiPoint"",""coordinates"":[]}"
22516_0,0.09600898,"{""type"":""MultiPoint"",""coordinates"":[]}"
22518_0,0.020205168,"{""type"":""MultiPoint"",""coordinates"":[]}"
22525_0,0.030385124,"{""type"":""MultiPoint"",""coordinates"":[]}"
22532_0,0.0039507416,"{""type"":""MultiPoint"",""coordinates"":[]}"
22533_0,0.097796425,"{""type"":""MultiPoint"",""coordinates"":[]}"
22534_0,0.08483085,"{""type"":""MultiPoint"",""coordinates"":[]}"
22537_0,0.097796425,"{""type"":""MultiPoint"",""coordinates"":[]}"
22540_0,0.08802745,"{""type"":""MultiPoint"",""coordinates"":[]}"
22541_0,0.028005464,"{""type"":""MultiPoint"",""coordinates"":[]}"
22544_0,0.2996866,"{""type"":""MultiPoint"",""coordinates"":[]}"
22549_0,0.011475624,"{""type"":""MultiPoint"",""coordinates"":[]}"
22550_0,0.03296321,"{""type"":""MultiPoint"",""coordinates"":[]}"
22557_0,0.02086698,"{""type"":""MultiPoint"",""coordinates"":[]}"
22562_0,0.18456773,"{""type"":""MultiPoint"",""coordinates"":[]}"
22563_0,0.45365342,"{""type"":""MultiPoint"",""coordinates"":[]}"
22564_0,0.19700466,"{""type"":""MultiPoint"",""coordinates"":[]}"
22565_0,0.07789566,"{""type"":""MultiPoint"",""coordinates"":[]}"
22570_0,0.99708134,"{""type"":""MultiPoint"",""coordinates"":[]}"
22571_0,0.12343565,"{""type"":""MultiPoint"",""coordinates"":[]}"
22574_0,0.22155644,"{""type"":""MultiPoint"",""coordinates"":[]}"
22575_0,0.03532275,"{""type"":""MultiPoint"",""coordinates"":[]}"
22576_0,0.03296321,"{""type"":""MultiPoint"",""coordinates"":[]}"
22577_0,0.2518014,"{""type"":""MultiPoint"",""coordinates"":[]}"
22578_0,0.095083356,"{""type"":""MultiPoint"",""coordinates"":[]}"
22580_0,0.34070608,"{""type"":""MultiPoint"",""coordinates"":[]}"
22582_0,0.22186464,"{""type"":""MultiPoint"",""coordinates"":[]}"
22588_0,0.71087223,"{""type"":""MultiPoint"",""coordinates"":[]}"
22589_0,0.3731105,"{""type"":""MultiPoint"",""coordinates"":[]}"
22591_0,0.088706054,"{""type"":""MultiPoint"",""coordinates"":[]}"
22592_0,0.11629032,"{""type"":""MultiPoint"",""coordinates"":[]}"
22597_0,0.04254737,"{""type"":""MultiPoint"",""coordinates"":[]}"
22599_0,0.1136284,"{""type"":""MultiPoint"",""coordinates"":[]}"
22601_0,0.01518334,"{""type"":""MultiPoint"",""coordinates"":[]}"
22604_0,0.08493749,"{""type"":""MultiPoint"",""coordinates"":[]}"
22605_0,0.2509121,"{""type"":""MultiPoint"",""coordinates"":[]}"
22607_0,0.11229959,"{""type"":""MultiPoint"",""coordinates"":[]}"
22609_0,0.039151233,"{""type"":""MultiPoint"",""coordinates"":[]}"
22610_0,0.07639026,"{""type"":""MultiPoint"",""coordinates"":[]}"
22615_0,0.0024798817,"{""type"":""MultiPoint"",""coordinates"":[]}"
22616_0,0.99708134,"{""type"":""MultiPoint"",""coordinates"":[]}"
22617_0,0.013554166,"{""type"":""MultiPoint"",""coordinates"":[]}"
22618_0,0.32464442,"{""type"":""MultiPoint"",""coordinates"":[]}"
22620_0,0.002808498,"{""type"":""MultiPoint"",""coordinates"":[]}"
22621_0,0.22646506,"{""type"":""MultiPoint"",""coordinates"":[]}"
22622_0,0.112022206,"{""type"":""MultiPoint"",""coordinates"":[]}"
22623_0,0.17742892,"{""type"":""MultiPoint"",""coordinates"":[]}"
22628_0,0.7351673,"{""type"":""MultiPoint"",""coordinates"":[]}"
22631_0,0.075081296,"{""type"":""MultiPoint"",""coordinates"":[]}"
22633_0,0.6516145,"{""type"":""MultiPoint"",""coordinates"":[]}"
22634_0,0.18877323,"{""type"":""MultiPoint"",""coordinates"":[]}"
22637_0,0.06754627,"{""type"":""MultiPoint"",""coordinates"":[]}"
22639_0,0.09343831,"{""type"":""MultiPoint"",""coordinates"":[]}"
22640_0,0.14827345,"{""type"":""MultiPoint"",""coordinates"":[]}"
22641_0,0.022012288,"{""type"":""MultiPoint"",""coordinates"":[]}"
22648_0,0.25650725,"{""type"":""MultiPoint"",""coordinates"":[]}"
22651_0,0.95709825,"{""type"":""MultiPoint"",""coordinates"":[]}"
22654_0,0.22186464,"{""type"":""MultiPoint"",""coordinates"":[]}"
22656_0,0.24355017,"{""type"":""MultiPoint"",""coordinates"":[]}"
22658_0,0.073374644,"{""type"":""MultiPoint"",""coordinates"":[]}"
22660_0,0.045725066,"{""type"":""MultiPoint"",""coordinates"":[]}"
22666_0,0.36921608,"{""type"":""MultiPoint"",""coordinates"":[]}"
22673_0,0.18456773,"{""type"":""MultiPoint"",""coordinates"":[]}"
22677_0,0.52248955,"{""type"":""MultiPoint"",""coordinates"":[]}"
22679_0,0.21194719,"{""type"":""MultiPoint"",""coordinates"":[]}"
22681_0,0.07513506,"{""type"":""MultiPoint"",""coordinates"":[]}"
22682_0,0.022156408,"{""type"":""MultiPoint"",""coordinates"":[]}"
22683_0,0.2996866,"{""type"":""MultiPoint"",""coordinates"":[]}"
22687_0,0.14509308,"{""type"":""MultiPoint"",""coordinates"":[]}"
22689_0,0.097796425,"{""type"":""MultiPoint"",""coordinates"":[]}"
22693_0,0.38057765,"{""type"":""MultiPoint"",""coordinates"":[]}"
22698_0,0.03981292,"{""type"":""MultiPoint"",""coordinates"":[]}"
22703_0,0.4802776,"{""type"":""MultiPoint"",""coordinates"":[]}"
22707_0,0.10285099,"{""type"":""MultiPoint"",""coordinates"":[]}"
22708_0,0.027670845,"{""type"":""MultiPoint"",""coordinates"":[]}"
22709_0,0.04051254,"{""type"":""MultiPoint"",""coordinates"":[]}"
22712_0,0.025893278,"{""type"":""MultiPoint"",""coordinates"":[]}"
22718_0,0.13127942,"{""type"":""MultiPoint"",""coordinates"":[]}"
22723_0,0.019669281,"{""type"":""MultiPoint"",""coordinates"":[]}"
22727_0,0.059212394,"{""type"":""MultiPoint"",""coordinates"":[]}"
22729_0,0.5027908,"{""type"":""MultiPoint"",""coordinates"":[]}"
22730_0,0.18877323,"{""type"":""MultiPoint"",""coordinates"":[]}"
22731_0,0.17204231,"{""type"":""MultiPoint"",""coordinates"":[]}"
22735_0,0.10285099,"{""type"":""MultiPoint"",""coordinates"":[]}"
22743_0,0.14299005,"{""type"":""MultiPoint"",""coordinates"":[]}"
22747_0,0.11084138,"{""type"":""MultiPoint"",""coordinates"":[]}"
22748_0,0.12343565,"{""type"":""MultiPoint"",""coordinates"":[]}"
22749_0,0.18456773,"{""type"":""MultiPoint"",""coordinates"":[]}"
22750_0,0.03296321,"{""type"":""MultiPoint"",""coordinates"":[]}"
22751_0,0.018148784,"{""type"":""MultiPoint"",""coordinates"":[]}"
22757_0,0.0139602395,"{""type"":""MultiPoint"",""coordinates"":[]}"
22761_0,0.1535612,"{""type"":""MultiPoint"",""coordinates"":[]}"
22762_0,0.10285099,"{""type"":""MultiPoint"",""coordinates"":[]}"
22767_0,0.18456773,"{""type"":""MultiPoint"",""coordinates"":[]}"
22773_0,0.0767264,"{""type"":""MultiPoint"",""coordinates"":[]}"
22774_0,0.446766,"{""type"":""MultiPoint"",""coordinates"":[]}"
22775_0,0.13830554,"{""type"":""MultiPoint"",""coordinates"":[]}"
22777_0,0.021088053,"{""type"":""MultiPoint"",""coordinates"":[]}"
22778_0,0.022156408,"{""type"":""MultiPoint"",""coordinates"":[]}"
22781_0,0.058440577,"{""type"":""MultiPoint"",""coordinates"":[]}"
22783_0,0.037136648,"{""type"":""MultiPoint"",""coordinates"":[]}"
22785_0,0.4802776,"{""type"":""MultiPoint"",""coordinates"":[]}"
22787_0,0.9967477,"{""type"":""MultiPoint"",""coordinates"":[]}"
22790_0,0.065271914,"{""type"":""MultiPoint"",""coordinates"":[]}"
22791_0,0.05858931,"{""type"":""MultiPoint"",""coordinates"":[]}"
22795_0,0.09790403,"{""type"":""MultiPoint"",""coordinates"":[]}"
22796_0,0.03387099,"{""type"":""MultiPoint"",""coordinates"":[]}"
22797_0,0.17902705,"{""type"":""MultiPoint"",""coordinates"":[]}"
22800_0,0.019118372,"{""type"":""MultiPoint"",""coordinates"":[]}"
22808_0,0.0024879237,"{""type"":""MultiPoint"",""coordinates"":[]}"
22811_0,0.105786815,"{""type"":""MultiPoint"",""coordinates"":[]}"
22813_0,0.29505783,"{""type"":""MultiPoint"",""coordinates"":[]}"
22814_0,0.08368953,"{""type"":""MultiPoint"",""coordinates"":[]}"
22815_0,0.12347895,"{""type"":""MultiPoint"",""coordinates"":[]}"
22817_0,0.80637276,"{""type"":""MultiPoint"",""coordinates"":[]}"
22820_0,0.24355017,"{""type"":""MultiPoint"",""coordinates"":[]}"
22824_0,0.004926484,"{""type"":""MultiPoint"",""coordinates"":[]}"
22827_0,0.06765379,"{""type"":""MultiPoint"",""coordinates"":[]}"
22829_0,0.020985296,"{""type"":""MultiPoint"",""coordinates"":[]}"
22831_0,0.107677706,"{""type"":""MultiPoint"",""coordinates"":[]}"
22832_0,0.0023103207,"{""type"":""MultiPoint"",""coordinates"":[]}"
22843_0,0.17230389,"{""type"":""MultiPoint"",""coordinates"":[]}"
22844_0,0.20583908,"{""type"":""MultiPoint"",""coordinates"":[]}"
22845_0,0.0867102,"{""type"":""MultiPoint"",""coordinates"":[]}"
22846_0,0.094657354,"{""type"":""MultiPoint"",""coordinates"":[]}"
22851_0,0.09450153,"{""type"":""MultiPoint"",""coordinates"":[]}"
22852_0,0.30682242,"{""type"":""MultiPoint"",""coordinates"":[]}"
22854_0,0.9984116,"{""type"":""MultiPoint"",""coordinates"":[]}"
22855_0,0.17115282,"{""type"":""MultiPoint"",""coordinates"":[]}"
22856_0,0.23077728,"{""type"":""MultiPoint"",""coordinates"":[]}"
22860_0,0.96969193,"{""type"":""MultiPoint"",""coordinates"":[]}"
22861_0,0.5782405,"{""type"":""MultiPoint"",""coordinates"":[]}"
22865_0,0.22559902,"{""type"":""MultiPoint"",""coordinates"":[]}"
22868_0,0.2378419,"{""type"":""MultiPoint"",""coordinates"":[]}"
22869_0,0.42129546,"{""type"":""MultiPoint"",""coordinates"":[]}"
22871_0,0.18998411,"{""type"":""MultiPoint"",""coordinates"":[]}"
22872_0,0.061435554,"{""type"":""MultiPoint"",""coordinates"":[]}"
22873_0,0.13765192,"{""type"":""MultiPoint"",""coordinates"":[]}"
22874_0,0.062192984,"{""type"":""MultiPoint"",""coordinates"":[]}"
22878_0,0.34658757,"{""type"":""MultiPoint"",""coordinates"":[]}"
22881_0,0.1093405,"{""type"":""MultiPoint"",""coordinates"":[]}"
22883_0,0.22742334,"{""type"":""MultiPoint"",""coordinates"":[]}"
22886_0,0.16330042,"{""type"":""MultiPoint"",""coordinates"":[]}"
22887_0,0.2275548,"{""type"":""MultiPoint"",""coordinates"":[]}"
22890_0,0.21630241,"{""type"":""MultiPoint"",""coordinates"":[]}"
22891_0,0.0956628,"{""type"":""MultiPoint"",""coordinates"":[]}"
22892_0,0.11540583,"{""type"":""MultiPoint"",""coordinates"":[]}"
22894_0,0.2509121,"{""type"":""MultiPoint"",""coordinates"":[]}"
22895_0,0.13333978,"{""type"":""MultiPoint"",""coordinates"":[]}"
22898_0,0.042788167,"{""type"":""MultiPoint"",""coordinates"":[]}"
22900_0,0.026532352,"{""type"":""MultiPoint"",""coordinates"":[]}"
22904_0,0.06765379,"{""type"":""MultiPoint"",""coordinates"":[]}"
22909_0,0.0749458,"{""type"":""MultiPoint"",""coordinates"":[]}"
22912_0,0.10885331,"{""type"":""MultiPoint"",""coordinates"":[]}"
22913_0,0.22559902,"{""type"":""MultiPoint"",""coordinates"":[]}"
22915_0,0.6496616,"{""type"":""MultiPoint"",""coordinates"":[]}"
22916_0,0.097796425,"{""type"":""MultiPoint"",""coordinates"":[]}"
22920_0,0.38568234,"{""type"":""MultiPoint"",""coordinates"":[]}"
22926_0,0.22559902,"{""type"":""MultiPoint"",""coordinates"":[]}"
22927_0,0.29140612,"{""type"":""MultiPoint"",""coordinates"":[]}"
22929_0,0.3675075,"{""type"":""MultiPoint"",""coordinates"":[]}"
22932_0,0.38057765,"{""type"":""MultiPoint"",""coordinates"":[]}"
22933_0,0.99708134,"{""type"":""MultiPoint"",""coordinates"":[]}"
22934_0,0.19797829,"{""type"":""MultiPoint"",""coordinates"":[]}"
22936_0,0.15151241,"{""type"":""MultiPoint"",""coordinates"":[]}"
22937_0,0.43402666,"{""type"":""MultiPoint"",""coordinates"":[]}"
22941_0,0.11975249,"{""type"":""MultiPoint"",""coordinates"":[]}"
22944_0,0.0031660413,"{""type"":""MultiPoint"",""coordinates"":[]}"
22946_0,0.097796425,"{""type"":""MultiPoint"",""coordinates"":[]}"
22954_0,0.10285099,"{""type"":""MultiPoint"",""coordinates"":[]}"
22955_0,0.2427413,"{""type"":""MultiPoint"",""coordinates"":[]}"
22959_0,0.12343565,"{""type"":""MultiPoint"",""coordinates"":[]}"
22960_0,0.065133035,"{""type"":""MultiPoint"",""coordinates"":[]}"
22961_0,0.9298927,"{""type"":""MultiPoint"",""coordinates"":[]}"
22962_0,0.017295185,"{""type"":""MultiPoint"",""coordinates"":[]}"
22964_0,0.021263884,"{""type"":""MultiPoint"",""coordinates"":[]}"
22971_0,0.1257022,"{""type"":""MultiPoint"",""coordinates"":[]}"
22974_0,0.052205198,"{""type"":""MultiPoint"",""coordinates"":[]}"
22976_0,0.24402465,"{""type"":""MultiPoint"",""coordinates"":[]}"
22978_0,0.14462978,"{""type"":""MultiPoint"",""coordinates"":[]}"
22979_0,0.9969554,"{""type"":""MultiPoint"",""coordinates"":[]}"
22982_0,0.3875038,"{""type"":""MultiPoint"",""coordinates"":[]}"
22984_0,0.45163527,"{""type"":""MultiPoint"",""coordinates"":[]}"
22991_0,0.4802776,"{""type"":""MultiPoint"",""coordinates"":[]}"
22992_0,0.031937007,"{""type"":""MultiPoint"",""coordinates"":[]}"
22994_0,0.05123954,"{""type"":""MultiPoint"",""coordinates"":[]}"
22995_0,0.08985279,"{""type"":""MultiPoint"",""coordinates"":[]}"
22997_0,0.21024404,"{""type"":""MultiPoint"",""coordinates"":[]}"
23003_0,0.063894555,"{""type"":""MultiPoint"",""coordinates"":[]}"
23004_0,0.22409901,"{""type"":""MultiPoint"",""coordinates"":[]}"
23007_0,0.84374654,"{""type"":""MultiPoint"",""coordinates"":[]}"
23008_0,0.0047466704,"{""type"":""MultiPoint"",""coordinates"":[]}"
23010_0,0.089481495,"{""type"":""MultiPoint"",""coordinates"":[]}"
23017_0,0.020662699,"{""type"":""MultiPoint"",""coordinates"":[]}"
23018_0,0.09864969,"{""type"":""MultiPoint"",""coordinates"":[]}"
23021_0,0.063124426,"{""type"":""MultiPoint"",""coordinates"":[]}"
23022_0,0.038098253,"{""type"":""MultiPoint"",""coordinates"":[]}"
23027_0,0.66214675,"{""type"":""MultiPoint"",""coordinates"":[]}"
23033_0,0.014546178,"{""type"":""MultiPoint"",""coordinates"":[]}"
23036_0,0.06765379,"{""type"":""MultiPoint"",""coordinates"":[]}"
23037_0,0.9826156,"{""type"":""MultiPoint"",""coordinates"":[]}"
23038_0,0.11579308,"{""type"":""MultiPoint"",""coordinates"":[]}"
23040_0,0.09554416,"{""type"":""MultiPoint"",""coordinates"":[]}"
23046_0,0.061727766,"{""type"":""MultiPoint"",""coordinates"":[]}"
23050_0,0.36810735,"{""type"":""MultiPoint"",""coordinates"":[]}"
23053_0,0.103687,"{""type"":""MultiPoint"",""coordinates"":[]}"
23054_0,0.47595653,"{""type"":""MultiPoint"",""coordinates"":[]}"
23055_0,0.08602925,"{""type"":""MultiPoint"",""coordinates"":[]}"
23056_0,0.21358223,"{""type"":""MultiPoint"",""coordinates"":[]}"
23057_0,0.1791797,"{""type"":""MultiPoint"",""coordinates"":[]}"
23062_0,0.13919297,"{""type"":""MultiPoint"",""coordinates"":[]}"
23066_0,0.002808498,"{""type"":""MultiPoint"",""coordinates"":[]}"
23071_0,0.14531945,"{""type"":""MultiPoint"",""coordinates"":[]}"
23075_0,0.079990454,"{""type"":""MultiPoint"",""coordinates"":[]}"
23079_0,0.99834627,"{""type"":""MultiPoint"",""coordinates"":[]}"
23082_0,0.060420234,"{""type"":""MultiPoint"",""coordinates"":[]}"
23084_0,0.10285099,"{""type"":""MultiPoint"",""coordinates"":[]}"
23085_0,0.20775516,"{""type"":""MultiPoint"",""coordinates"":[]}"
23087_0,0.73432446,"{""type"":""MultiPoint"",""coordinates"":[]}"
23091_0,0.25047827,"{""type"":""MultiPoint"",""coordinates"":[]}"
23095_0,0.6329358,"{""type"":""MultiPoint"",""coordinates"":[]}"
23096_0,0.066371836,"{""type"":""MultiPoint"",""coordinates"":[]}"
23102_0,0.12563357,"{""type"":""MultiPoint"",""coordinates"":[]}"
23105_0,0.17375225,"{""type"":""MultiPoint"",""coordinates"":[]}"
23106_0,0.13919286,"{""type"":""MultiPoint"",""coordinates"":[]}"
23108_0,0.3731105,"{""type"":""MultiPoint"",""coordinates"":[]}"
23109_0,0.07870284,"{""type"":""MultiPoint"",""coordinates"":[]}"
23114_0,0.023014698,"{""type"":""MultiPoint"",""coordinates"":[]}"
23116_0,0.10285099,"{""type"":""MultiPoint"",""coordinates"":[]}"
23118_0,0.07958201,"{""type"":""MultiPoint"",""coordinates"":[]}"
23120_0,0.20286739,"{""type"":""MultiPoint"",""coordinates"":[]}"
23121_0,0.0025054368,"{""type"":""MultiPoint"",""coordinates"":[]}"
23123_0,0.21194719,"{""type"":""MultiPoint"",""coordinates"":[]}"
23126_0,0.7736855,"{""type"":""MultiPoint"",""coordinates"":[]}"
23127_0,0.14032865,"{""type"":""MultiPoint"",""coordinates"":[]}"
23129_0,0.011621363,"{""type"":""MultiPoint"",""coordinates"":[]}"
23132_0,0.24177404,"{""type"":""MultiPoint"",""coordinates"":[]}"
23133_0,0.14878254,"{""type"":""MultiPoint"",""coordinates"":[]}"
23136_0,0.07624353,"{""type"":""MultiPoint"",""coordinates"":[]}"
23137_0,0.18877323,"{""type"":""MultiPoint"",""coordinates"":[]}"
23139_0,0.66987354,"{""type"":""MultiPoint"",""coordinates"":[]}"
23140_0,0.18456773,"{""type"":""MultiPoint"",""coordinates"":[]}"
23143_0,0.060420234,"{""type"":""MultiPoint"",""coordinates"":[]}"
23144_0,0.11084138,"{""type"":""MultiPoint"",""coordinates"":[]}"
23149_0,0.09558582,"{""type"":""MultiPoint"",""coordinates"":[]}"
23150_0,0.19797829,"{""type"":""MultiPoint"",""coordinates"":[]}"
23152_0,0.0031660413,"{""type"":""MultiPoint"",""coordinates"":[]}"
23154_0,0.099958666,"{""type"":""MultiPoint"",""coordinates"":[]}"
23157_0,0.42947015,"{""type"":""MultiPoint"",""coordinates"":[]}"
23160_0,0.14292909,"{""type"":""MultiPoint"",""coordinates"":[]}"
23164_0,0.12715232,"{""type"":""MultiPoint"",""coordinates"":[]}"
23165_0,0.025693836,"{""type"":""MultiPoint"",""coordinates"":[]}"
23167_0,0.2786403,"{""type"":""MultiPoint"",""coordinates"":[]}"
23168_0,0.10285099,"{""type"":""MultiPoint"",""coordinates"":[]}"
23169_0,0.08540255,"{""type"":""MultiPoint"",""coordinates"":[]}"
23172_0,0.3544604,"{""type"":""MultiPoint"",""coordinates"":[]}"
23173_0,0.11229959,"{""type"":""MultiPoint"",""coordinates"":[]}"
23175_0,0.076491505,"{""type"":""MultiPoint"",""coordinates"":[]}"
23176_0,0.34047866,"{""type"":""MultiPoint"",""coordinates"":[]}"
23181_0,0.34347838,"{""type"":""MultiPoint"",""coordinates"":[]}"
23182_0,0.14729375,"{""type"":""MultiPoint"",""coordinates"":[]}"
23188_0,0.07082936,"{""type"":""MultiPoint"",""coordinates"":[]}"
23192_0,0.056416176,"{""type"":""MultiPoint"",""coordinates"":[]}"
23193_0,0.38050815,"{""type"":""MultiPoint"",""coordinates"":[]}"
23196_0,0.075928405,"{""type"":""MultiPoint"",""coordinates"":[]}"
23197_0,0.5364599,"{""type"":""MultiPoint"",""coordinates"":[]}"
23198_0,0.059212394,"{""type"":""MultiPoint"",""coordinates"":[]}"
23204_0,0.010467444,"{""type"":""MultiPoint"",""coordinates"":[]}"
23209_0,0.94533575,"{""type"":""MultiPoint"",""coordinates"":[]}"
23211_0,0.08459997,"{""type"":""MultiPoint"",""coordinates"":[]}"
23215_0,0.04927374,"{""type"":""MultiPoint"",""coordinates"":[]}"
23217_0,0.0853373,"{""type"":""MultiPoint"",""coordinates"":[]}"
23224_0,0.38543224,"{""type"":""MultiPoint"",""coordinates"":[]}"
23225_0,0.19359218,"{""type"":""MultiPoint"",""coordinates"":[]}"
23232_0,0.23077728,"{""type"":""MultiPoint"",""coordinates"":[]}"
23233_0,0.09880389,"{""type"":""MultiPoint"",""coordinates"":[]}"
23234_0,0.0295578,"{""type"":""MultiPoint"",""coordinates"":[]}"
23236_0,0.3392879,"{""type"":""MultiPoint"",""coordinates"":[]}"
23237_0,0.063124426,"{""type"":""MultiPoint"",""coordinates"":[]}"
23239_0,0.11766808,"{""type"":""MultiPoint"",""coordinates"":[]}"
23241_0,0.09160324,"{""type"":""MultiPoint"",""coordinates"":[]}"
23246_0,0.0039506988,"{""type"":""MultiPoint"",""coordinates"":[]}"
23251_0,0.10285099,"{""type"":""MultiPoint"",""coordinates"":[]}"
23254_0,0.047262166,"{""type"":""MultiPoint"",""coordinates"":[]}"
23256_0,0.9840959,"{""type"":""MultiPoint"",""coordinates"":[]}"
23260_0,0.06754969,"{""type"":""MultiPoint"",""coordinates"":[]}"
23262_0,0.01394184,"{""type"":""MultiPoint"",""coordinates"":[]}"
23263_0,0.1715961,"{""type"":""MultiPoint"",""coordinates"":[]}"
23265_0,0.3544604,"{""type"":""MultiPoint"",""coordinates"":[]}"
23267_0,0.03296321,"{""type"":""MultiPoint"",""coordinates"":[]}"
23269_0,0.002479882,"{""type"":""MultiPoint"",""coordinates"":[]}"
23272_0,0.0879931,"{""type"":""MultiPoint"",""coordinates"":[]}"
23273_0,0.35924155,"{""type"":""MultiPoint"",""coordinates"":[]}"
23277_0,0.03467971,"{""type"":""MultiPoint"",""coordinates"":[]}"
23278_0,0.0822212,"{""type"":""MultiPoint"",""coordinates"":[]}"
23280_0,0.062192984,"{""type"":""MultiPoint"",""coordinates"":[]}"
23281_0,0.0198967,"{""type"":""MultiPoint"",""coordinates"":[]}"
23288_0,0.44842085,"{""type"":""MultiPoint"",""coordinates"":[]}"
23289_0,0.071552195,"{""type"":""MultiPoint"",""coordinates"":[]}"
23292_0,0.7184996,"{""type"":""MultiPoint"",""coordinates"":[]}"
23294_0,0.25650725,"{""type"":""MultiPoint"",""coordinates"":[]}"
23295_0,0.18998411,"{""type"":""MultiPoint"",""coordinates"":[]}"
23297_0,0.021119766,"{""type"":""MultiPoint"",""coordinates"":[]}"
23298_0,0.0879931,"{""type"":""MultiPoint"",""coordinates"":[]}"
23299_0,0.25626782,"{""type"":""MultiPoint"",""coordinates"":[]}"
23300_0,0.2959227,"{""type"":""MultiPoint"",""coordinates"":[]}"
23301_0,0.22771835,"{""type"":""MultiPoint"",""coordinates"":[]}"
23302_0,0.07082936,"{""type"":""MultiPoint"",""coordinates"":[]}"
23303_0,0.19359218,"{""type"":""MultiPoint"",""coordinates"":[]}"
23305_0,0.023014698,"{""type"":""MultiPoint"",""coordinates"":[]}"
23308_0,0.14729375,"{""type"":""MultiPoint"",""coordinates"":[]}"
23309_0,0.2142468,"{""type"":""MultiPoint"",""coordinates"":[]}"
23311_0,0.25712207,"{""type"":""MultiPoint"",""coordinates"":[]}"
23313_0,0.18456773,"{""type"":""MultiPoint"",""coordinates"":[]}"
23314_0,0.14356324,"{""type"":""MultiPoint"",""coordinates"":[]}"
23316_0,0.15916133,"{""type"":""MultiPoint"",""coordinates"":[]}"
23318_0,0.5464797,"{""type"":""MultiPoint"",""coordinates"":[]}"
23320_0,0.10059872,"{""type"":""MultiPoint"",""coordinates"":[]}"
23322_0,0.21455705,"{""type"":""MultiPoint"",""coordinates"":[]}"
23326_0,0.36122984,"{""type"":""MultiPoint"",""coordinates"":[]}"
23327_0,0.06765379,"{""type"":""MultiPoint"",""coordinates"":[]}"
23331_0,0.021621043,"{""type"":""MultiPoint"",""coordinates"":[]}"
23335_0,0.7313624,"{""type"":""MultiPoint"",""coordinates"":[]}"
23337_0,0.41567925,"{""type"":""MultiPoint"",""coordinates"":[]}"
23339_0,0.0024879237,"{""type"":""MultiPoint"",""coordinates"":[]}"
23342_0,0.2145869,"{""type"":""MultiPoint"",""coordinates"":[]}"
23344_0,0.9984116,"{""type"":""MultiPoint"",""coordinates"":[]}"
23345_0,0.143975,"{""type"":""MultiPoint"",""coordinates"":[]}"
23346_0,0.24676113,"{""type"":""MultiPoint"",""coordinates"":[]}"
23349_0,0.7176265,"{""type"":""MultiPoint"",""coordinates"":[]}"
23359_0,0.14785811,"{""type"":""MultiPoint"",""coordinates"":[]}"
23360_0,0.059212394,"{""type"":""MultiPoint"",""coordinates"":[]}"
23362_0,0.18496272,"{""type"":""MultiPoint"",""coordinates"":[]}"
23365_0,0.06266624,"{""type"":""MultiPoint"",""coordinates"":[]}"
23371_0,0.122394204,"{""type"":""MultiPoint"",""coordinates"":[]}"
23373_0,0.2656395,"{""type"":""MultiPoint"",""coordinates"":[]}"
23384_0,0.09334352,"{""type"":""MultiPoint"",""coordinates"":[]}"
23387_0,0.004505166,"{""type"":""MultiPoint"",""coordinates"":[]}"
23389_0,0.021088053,"{""type"":""MultiPoint"",""coordinates"":[]}"
23390_0,0.12646525,"{""type"":""MultiPoint"",""coordinates"":[]}"
23392_0,0.0867102,"{""type"":""MultiPoint"",""coordinates"":[]}"
23394_0,0.08013824,"{""type"":""MultiPoint"",""coordinates"":[]}"
23402_0,0.7203846,"{""type"":""MultiPoint"",""coordinates"":[]}"
23403_0,0.07193818,"{""type"":""MultiPoint"",""coordinates"":[]}"
23409_0,0.011475624,"{""type"":""MultiPoint"",""coordinates"":[]}"
23410_0,0.18877323,"{""type"":""MultiPoint"",""coordinates"":[]}"
23420_0,0.06006523,"{""type"":""MultiPoint"",""coordinates"":[]}"
23425_0,0.1490479,"{""type"":""MultiPoint"",""coordinates"":[]}"
23427_0,0.3023574,"{""type"":""MultiPoint"",""coordinates"":[]}"
23429_0,0.061440054,"{""type"":""MultiPoint"",""coordinates"":[]}"
23434_0,0.09495226,"{""type"":""MultiPoint"",""coordinates"":[]}"
23438_0,0.1824619,"{""type"":""MultiPoint"",""coordinates"":[]}"
23440_0,0.3392879,"{""type"":""MultiPoint"",""coordinates"":[]}"
23441_0,0.13767032,"{""type"":""MultiPoint"",""coordinates"":[]}"
23444_0,0.9965921,"{""type"":""MultiPoint"",""coordinates"":[]}"
23445_0,0.7465803,"{""type"":""MultiPoint"",""coordinates"":[]}"
23452_0,0.9984116,"{""type"":""MultiPoint"",""coordinates"":[]}"
23454_0,0.14500396,"{""type"":""MultiPoint"",""coordinates"":[]}"
23460_0,0.062192984,"{""type"":""MultiPoint"",""coordinates"":[]}"
23461_0,0.18958679,"{""type"":""MultiPoint"",""coordinates"":[]}"
23465_0,0.39523908,"{""type"":""MultiPoint"",""coordinates"":[]}"
23466_0,0.28815868,"{""type"":""MultiPoint"",""coordinates"":[]}"
23467_0,0.08250383,"{""type"":""MultiPoint"",""coordinates"":[]}"
23472_0,0.013119448,"{""type"":""MultiPoint"",""coordinates"":[]}"
23475_0,0.290257,"{""type"":""MultiPoint"",""coordinates"":[]}"
23480_0,0.041450344,"{""type"":""MultiPoint"",""coordinates"":[]}"
23483_0,0.13321583,"{""type"":""MultiPoint"",""coordinates"":[]}"
23486_0,0.9984116,"{""type"":""MultiPoint"",""coordinates"":[]}"
23487_0,0.29140612,"{""type"":""MultiPoint"",""coordinates"":[]}"
23490_0,0.23345903,"{""type"":""MultiPoint"",""coordinates"":[]}"
23491_0,0.08985279,"{""type"":""MultiPoint"",""coordinates"":[]}"
23493_0,0.105786815,"{""type"":""MultiPoint"",""coordinates"":[]}"
23496_0,0.070046775,"{""type"":""MultiPoint"",""coordinates"":[]}"
23500_0,0.0923414,"{""type"":""MultiPoint"",""coordinates"":[]}"
23501_0,0.013630287,"{""type"":""MultiPoint"",""coordinates"":[]}"
23503_0,0.06460922,"{""type"":""MultiPoint"",""coordinates"":[]}"
23507_0,0.23140256,"{""type"":""MultiPoint"",""coordinates"":[]}"
23510_0,0.061803177,"{""type"":""MultiPoint"",""coordinates"":[]}"
23514_0,0.11229959,"{""type"":""MultiPoint"",""coordinates"":[]}"
23517_0,0.0039507416,"{""type"":""MultiPoint"",""coordinates"":[]}"
23519_0,0.2701993,"{""type"":""MultiPoint"",""coordinates"":[]}"
23520_0,0.35081464,"{""type"":""MultiPoint"",""coordinates"":[]}"
23521_0,0.03296321,"{""type"":""MultiPoint"",""coordinates"":[]}"
23522_0,0.010488413,"{""type"":""MultiPoint"",""coordinates"":[]}"
23530_0,0.2382989,"{""type"":""MultiPoint"",""coordinates"":[]}"
23531_0,0.14462978,"{""type"":""MultiPoint"",""coordinates"":[]}"
23534_0,0.088706054,"{""type"":""MultiPoint"",""coordinates"":[]}"
23536_0,0.4793611,"{""type"":""MultiPoint"",""coordinates"":[]}"
23541_0,0.010488413,"{""type"":""MultiPoint"",""coordinates"":[]}"
23542_0,0.6310462,"{""type"":""MultiPoint"",""coordinates"":[]}"
23550_0,0.29140612,"{""type"":""MultiPoint"",""coordinates"":[]}"
23552_0,0.9698025,"{""type"":""MultiPoint"",""coordinates"":[]}"
23553_0,0.09343831,"{""type"":""MultiPoint"",""coordinates"":[]}"
23554_0,0.41789377,"{""type"":""MultiPoint"",""coordinates"":[]}"
23556_0,0.5924817,"{""type"":""MultiPoint"",""coordinates"":[]}"
23558_0,0.07669952,"{""type"":""MultiPoint"",""coordinates"":[]}"
23559_0,0.0139602395,"{""type"":""MultiPoint"",""coordinates"":[]}"
23561_0,0.3098308,"{""type"":""MultiPoint"",""coordinates"":[]}"
23562_0,0.29953003,"{""type"":""MultiPoint"",""coordinates"":[]}"
23572_0,0.065133035,"{""type"":""MultiPoint"",""coordinates"":[]}"
23573_0,0.6160339,"{""type"":""MultiPoint"",""coordinates"":[]}"
23574_0,0.114047475,"{""type"":""MultiPoint"",""coordinates"":[]}"
23576_0,0.42129546,"{""type"":""MultiPoint"",""coordinates"":[]}"
23577_0,0.29140612,"{""type"":""MultiPoint"",""coordinates"":[]}"
23586_0,0.2382989,"{""type"":""MultiPoint"",""coordinates"":[]}"
23588_0,0.6916973,"{""type"":""MultiPoint"",""coordinates"":[]}"
23589_0,0.29140612,"{""type"":""MultiPoint"",""coordinates"":[]}"
23592_0,0.32878986,"{""type"":""MultiPoint"",""coordinates"":[]}"
23596_0,0.021491943,"{""type"":""MultiPoint"",""coordinates"":[]}"
23601_0,0.020386383,"{""type"":""MultiPoint"",""coordinates"":[]}"
23602_0,0.10285099,"{""type"":""MultiPoint"",""coordinates"":[]}"
23603_0,0.63551867,"{""type"":""MultiPoint"",""coordinates"":[]}"
23604_0,0.32878986,"{""type"":""MultiPoint"",""coordinates"":[]}"
23605_0,0.027310003,"{""type"":""MultiPoint"",""coordinates"":[]}"
23607_0,0.10285099,"{""type"":""MultiPoint"",""coordinates"":[]}"
23610_0,0.4976047,"{""type"":""MultiPoint"",""coordinates"":[]}"
23619_0,0.34347838,"{""type"":""MultiPoint"",""coordinates"":[]}"
23621_0,0.12343565,"{""type"":""MultiPoint"",""coordinates"":[]}"
23623_0,0.013859089,"{""type"":""MultiPoint"",""coordinates"":[]}"
23624_0,0.13333978,"{""type"":""MultiPoint"",""coordinates"":[]}"
23627_0,0.08802745,"{""type"":""MultiPoint"",""coordinates"":[]}"
23628_0,0.3392879,"{""type"":""MultiPoint"",""coordinates"":[]}"
23629_0,0.06263004,"{""type"":""MultiPoint"",""coordinates"":[]}"
23632_0,0.105786815,"{""type"":""MultiPoint"",""coordinates"":[]}"
23643_0,0.62450665,"{""type"":""MultiPoint"",""coordinates"":[]}"
23645_0,0.5364599,"{""type"":""MultiPoint"",""coordinates"":[]}"
23646_0,0.9907778,"{""type"":""MultiPoint"",""coordinates"":[]}"
23649_0,0.062192984,"{""type"":""MultiPoint"",""coordinates"":[]}"
23651_0,0.30898824,"{""type"":""MultiPoint"",""coordinates"":[]}"
23654_0,0.04983394,"{""type"":""MultiPoint"",""coordinates"":[]}"
23656_0,0.03427935,"{""type"":""MultiPoint"",""coordinates"":[]}"
23657_0,0.10285099,"{""type"":""MultiPoint"",""coordinates"":[]}"
23659_0,0.086787164,"{""type"":""MultiPoint"",""coordinates"":[]}"
23662_0,0.16068025,"{""type"":""MultiPoint"",""coordinates"":[]}"
23665_0,0.17375225,"{""type"":""MultiPoint"",""coordinates"":[]}"
23666_0,0.8274994,"{""type"":""MultiPoint"",""coordinates"":[]}"
23669_0,0.031937007,"{""type"":""MultiPoint"",""coordinates"":[]}"
23672_0,0.36810735,"{""type"":""MultiPoint"",""coordinates"":[]}"
23674_0,0.29140612,"{""type"":""MultiPoint"",""coordinates"":[]}"
23675_0,0.075928405,"{""type"":""MultiPoint"",""coordinates"":[]}"
23679_0,0.3470214,"{""type"":""MultiPoint"",""coordinates"":[]}"
23680_0,0.3675075,"{""type"":""MultiPoint"",""coordinates"":[]}"
23681_0,0.049918443,"{""type"":""MultiPoint"",""coordinates"":[]}"
23682_0,0.07710143,"{""type"":""MultiPoint"",""coordinates"":[]}"
23684_0,0.3731105,"{""type"":""MultiPoint"",""coordinates"":[]}"
23688_0,0.088706054,"{""type"":""MultiPoint"",""coordinates"":[]}"
23689_0,0.12068326,"{""type"":""MultiPoint"",""coordinates"":[]}"
23703_0,0.12343565,"{""type"":""MultiPoint"",""coordinates"":[]}"
23710_0,0.23077728,"{""type"":""MultiPoint"",""coordinates"":[]}"
23712_0,0.05956977,"{""type"":""MultiPoint"",""coordinates"":[]}"
23713_0,0.14591986,"{""type"":""MultiPoint"",""coordinates"":[]}"
23727_0,0.29140612,"{""type"":""MultiPoint"",""coordinates"":[]}"
23729_0,0.22559902,"{""type"":""MultiPoint"",""coordinates"":[]}"
23731_0,0.9710411,"{""type"":""MultiPoint"",""coordinates"":[]}"
23733_0,0.31032404,"{""type"":""MultiPoint"",""coordinates"":[]}"
23735_0,0.13818116,"{""type"":""MultiPoint"",""coordinates"":[]}"
23741_0,0.25188187,"{""type"":""MultiPoint"",""coordinates"":[]}"
23742_0,0.22099118,"{""type"":""MultiPoint"",""coordinates"":[]}"
23743_0,0.25626782,"{""type"":""MultiPoint"",""coordinates"":[]}"
23744_0,0.22559902,"{""type"":""MultiPoint"",""coordinates"":[]}"
23745_0,0.02112554,"{""type"":""MultiPoint"",""coordinates"":[]}"
23749_0,0.062192984,"{""type"":""MultiPoint"",""coordinates"":[]}"
23750_0,0.10829289,"{""type"":""MultiPoint"",""coordinates"":[]}"
23752_0,0.075081296,"{""type"":""MultiPoint"",""coordinates"":[]}"
23755_0,0.10695041,"{""type"":""MultiPoint"",""coordinates"":[]}"
23758_0,0.36918136,"{""type"":""MultiPoint"",""coordinates"":[]}"
23760_0,0.082366966,"{""type"":""MultiPoint"",""coordinates"":[]}"
23762_0,0.24355017,"{""type"":""MultiPoint"",""coordinates"":[]}"
23763_0,0.3447553,"{""type"":""MultiPoint"",""coordinates"":[]}"
23765_0,0.03296321,"{""type"":""MultiPoint"",""coordinates"":[]}"
23767_0,0.08867514,"{""type"":""MultiPoint"",""coordinates"":[]}"
23768_0,0.055208884,"{""type"":""MultiPoint"",""coordinates"":[]}"
23773_0,0.3287856,"{""type"":""MultiPoint"",""coordinates"":[]}"
23775_0,0.062192984,"{""type"":""MultiPoint"",""coordinates"":[]}"
23776_0,0.013537877,"{""type"":""MultiPoint"",""coordinates"":[]}"
23777_0,0.3392879,"{""type"":""MultiPoint"",""coordinates"":[]}"
23778_0,0.10727189,"{""type"":""MultiPoint"",""coordinates"":[]}"
23780_0,0.26157793,"{""type"":""MultiPoint"",""coordinates"":[]}"
23781_0,0.097858705,"{""type"":""MultiPoint"",""coordinates"":[]}"
23782_0,0.013680673,"{""type"":""MultiPoint"",""coordinates"":[]}"
23786_0,0.28095347,"{""type"":""MultiPoint"",""coordinates"":[]}"
23787_0,0.09041349,"{""type"":""MultiPoint"",""coordinates"":[]}"
23789_0,0.028932964,"{""type"":""MultiPoint"",""coordinates"":[]}"
23790_0,0.14159451,"{""type"":""MultiPoint"",""coordinates"":[]}"
23793_0,0.4229047,"{""type"":""MultiPoint"",""coordinates"":[]}"
23794_0,0.19281252,"{""type"":""MultiPoint"",""coordinates"":[]}"
23795_0,0.12393047,"{""type"":""MultiPoint"",""coordinates"":[]}"
23796_0,0.76569724,"{""type"":""MultiPoint"",""coordinates"":[]}"
23801_0,0.105786815,"{""type"":""MultiPoint"",""coordinates"":[]}"
23803_0,0.021701746,"{""type"":""MultiPoint"",""coordinates"":[]}"
23805_0,0.093378305,"{""type"":""MultiPoint"",""coordinates"":[]}"
23808_0,0.18877323,"{""type"":""MultiPoint"",""coordinates"":[]}"
23810_0,0.019669281,"{""type"":""MultiPoint"",""coordinates"":[]}"
23812_0,0.097796425,"{""type"":""MultiPoint"",""coordinates"":[]}"
23817_0,0.3392879,"{""type"":""MultiPoint"",""coordinates"":[]}"
23818_0,0.018889721,"{""type"":""MultiPoint"",""coordinates"":[]}"
23819_0,0.026842505,"{""type"":""MultiPoint"",""coordinates"":[]}"
23821_0,0.097858705,"{""type"":""MultiPoint"",""coordinates"":[]}"
23822_0,0.03296321,"{""type"":""MultiPoint"",""coordinates"":[]}"
23826_0,0.03251372,"{""type"":""MultiPoint"",""coordinates"":[]}"
23830_0,0.56708694,"{""type"":""MultiPoint"",""coordinates"":[]}"
23833_0,0.25192103,"{""type"":""MultiPoint"",""coordinates"":[]}"
23836_0,0.025640285,"{""type"":""MultiPoint"",""coordinates"":[]}"
23839_0,0.18877323,"{""type"":""MultiPoint"",""coordinates"":[]}"
23840_0,0.25312164,"{""type"":""MultiPoint"",""coordinates"":[]}"
23843_0,0.10285099,"{""type"":""MultiPoint"",""coordinates"":[]}"
23847_0,0.35924155,"{""type"":""MultiPoint"",""coordinates"":[]}"
23851_0,0.10285099,"{""type"":""MultiPoint"",""coordinates"":[]}"
23853_0,0.075928405,"{""type"":""MultiPoint"",""coordinates"":[]}"
23854_0,0.08636307,"{""type"":""MultiPoint"",""coordinates"":[]}"
23855_0,0.020985296,"{""type"":""MultiPoint"",""coordinates"":[]}"
23857_0,0.060306367,"{""type"":""MultiPoint"",""coordinates"":[]}"
23858_0,0.021491943,"{""type"":""MultiPoint"",""coordinates"":[]}"
23859_0,0.6916973,"{""type"":""MultiPoint"",""coordinates"":[]}"
23860_0,0.22559902,"{""type"":""MultiPoint"",""coordinates"":[]}"
23861_0,0.12646525,"{""type"":""MultiPoint"",""coordinates"":[]}"
23862_0,0.03005696,"{""type"":""MultiPoint"",""coordinates"":[]}"
23865_0,0.10741524,"{""type"":""MultiPoint"",""coordinates"":[]}"
23866_0,0.5027908,"{""type"":""MultiPoint"",""coordinates"":[]}"
23867_0,0.10285099,"{""type"":""MultiPoint"",""coordinates"":[]}"
23868_0,0.059212394,"{""type"":""MultiPoint"",""coordinates"":[]}"
23869_0,0.044343,"{""type"":""MultiPoint"",""coordinates"":[]}"
23870_0,0.08250383,"{""type"":""MultiPoint"",""coordinates"":[]}"
23874_0,0.075081296,"{""type"":""MultiPoint"",""coordinates"":[]}"
23875_0,0.08200271,"{""type"":""MultiPoint"",""coordinates"":[]}"
23876_0,0.6246548,"{""type"":""MultiPoint"",""coordinates"":[]}"
23879_0,0.17230389,"{""type"":""MultiPoint"",""coordinates"":[]}"
23880_0,0.37771595,"{""type"":""MultiPoint"",""coordinates"":[]}"
23881_0,0.14462978,"{""type"":""MultiPoint"",""coordinates"":[]}"
23884_0,0.9984116,"{""type"":""MultiPoint"",""coordinates"":[]}"
23886_0,0.2378419,"{""type"":""MultiPoint"",""coordinates"":[]}"
23887_0,0.9984116,"{""type"":""MultiPoint"",""coordinates"":[]}"
23888_0,0.1536948,"{""type"":""MultiPoint"",""coordinates"":[]}"
23890_0,0.06714762,"{""type"":""MultiPoint"",""coordinates"":[]}"
23893_0,0.38543224,"{""type"":""MultiPoint"",""coordinates"":[]}"
23894_0,0.07513506,"{""type"":""MultiPoint"",""coordinates"":[]}"
23896_0,0.10952454,"{""type"":""MultiPoint"",""coordinates"":[]}"
23900_0,0.02763636,"{""type"":""MultiPoint"",""coordinates"":[]}"
23902_0,0.023597639,"{""type"":""MultiPoint"",""coordinates"":[]}"
23905_0,0.035787992,"{""type"":""MultiPoint"",""coordinates"":[]}"
23906_0,0.011621363,"{""type"":""MultiPoint"",""coordinates"":[]}"
23913_0,0.057327054,"{""type"":""MultiPoint"",""coordinates"":[]}"
23918_0,0.028907955,"{""type"":""MultiPoint"",""coordinates"":[]}"
23920_0,0.042903624,"{""type"":""MultiPoint"",""coordinates"":[]}"
23923_0,0.070969984,"{""type"":""MultiPoint"",""coordinates"":[]}"
23924_0,0.07513506,"{""type"":""MultiPoint"",""coordinates"":[]}"
23930_0,0.11457911,"{""type"":""MultiPoint"",""coordinates"":[]}"
23937_0,0.18456773,"{""type"":""MultiPoint"",""coordinates"":[]}"
23938_0,0.097796425,"{""type"":""MultiPoint"",""coordinates"":[]}"
23939_0,0.08960526,"{""type"":""MultiPoint"",""coordinates"":[]}"
23942_0,0.17270221,"{""type"":""MultiPoint"",""coordinates"":[]}"
23945_0,0.10829289,"{""type"":""MultiPoint"",""coordinates"":[]}"
23946_0,0.073374644,"{""type"":""MultiPoint"",""coordinates"":[]}"
23948_0,0.96000856,"{""type"":""MultiPoint"",""coordinates"":[]}"
23949_0,0.022064786,"{""type"":""MultiPoint"",""coordinates"":[]}"
23952_0,0.14453343,"{""type"":""MultiPoint"",""coordinates"":[]}"
23958_0,0.0843257,"{""type"":""MultiPoint"",""coordinates"":[]}"
23959_0,0.25626782,"{""type"":""MultiPoint"",""coordinates"":[]}"
23960_0,0.25188187,"{""type"":""MultiPoint"",""coordinates"":[]}"
23961_0,0.08491531,"{""type"":""MultiPoint"",""coordinates"":[]}"
23963_0,0.9449744,"{""type"":""MultiPoint"",""coordinates"":[]}"
23964_0,0.10775955,"{""type"":""MultiPoint"",""coordinates"":[]}"
23965_0,0.020386383,"{""type"":""MultiPoint"",""coordinates"":[]}"
23967_0,0.3875038,"{""type"":""MultiPoint"",""coordinates"":[]}"
23972_0,0.5588425,"{""type"":""MultiPoint"",""coordinates"":[]}"
23979_0,0.19281252,"{""type"":""MultiPoint"",""coordinates"":[]}"
23983_0,0.0026251122,"{""type"":""MultiPoint"",""coordinates"":[]}"
23984_0,0.16726609,"{""type"":""MultiPoint"",""coordinates"":[]}"
23985_0,0.02278664,"{""type"":""MultiPoint"",""coordinates"":[]}"
23986_0,0.024831124,"{""type"":""MultiPoint"",""coordinates"":[]}"
23989_0,0.10285099,"{""type"":""MultiPoint"",""coordinates"":[]}"
23992_0,0.07143783,"{""type"":""MultiPoint"",""coordinates"":[]}"
23993_0,0.9705818,"{""type"":""MultiPoint"",""coordinates"":[]}"
23995_0,0.6160909,"{""type"":""MultiPoint"",""coordinates"":[]}"
23998_0,0.9619775,"{""type"":""MultiPoint"",""coordinates"":[]}"
24004_0,0.19797829,"{""type"":""MultiPoint"",""coordinates"":[]}"
24006_0,0.35658762,"{""type"":""MultiPoint"",""coordinates"":[]}"
24007_0,0.18460333,"{""type"":""MultiPoint"",""coordinates"":[]}"
24009_0,0.3392879,"{""type"":""MultiPoint"",""coordinates"":[]}"
24010_0,0.023014698,"{""type"":""MultiPoint"",""coordinates"":[]}"
24017_0,0.11975249,"{""type"":""MultiPoint"",""coordinates"":[]}"
24022_0,0.4789382,"{""type"":""MultiPoint"",""coordinates"":[]}"
24023_0,0.6160909,"{""type"":""MultiPoint"",""coordinates"":[]}"
24025_0,0.19737709,"{""type"":""MultiPoint"",""coordinates"":[]}"
24027_0,0.16510339,"{""type"":""MultiPoint"",""coordinates"":[]}"
24033_0,0.053750552,"{""type"":""MultiPoint"",""coordinates"":[]}"
24034_0,0.12563357,"{""type"":""MultiPoint"",""coordinates"":[]}"
24038_0,0.25047827,"{""type"":""MultiPoint"",""coordinates"":[]}"
24042_0,0.100524165,"{""type"":""MultiPoint"",""coordinates"":[]}"
24045_0,0.13066229,"{""type"":""MultiPoint"",""coordinates"":[]}"
24048_0,0.008123509,"{""type"":""MultiPoint"",""coordinates"":[]}"
24049_0,0.017836066,"{""type"":""MultiPoint"",""coordinates"":[]}"
24051_0,0.9984116,"{""type"":""MultiPoint"",""coordinates"":[]}"
24054_0,0.3875038,"{""type"":""MultiPoint"",""coordinates"":[]}"
24058_0,0.2623607,"{""type"":""MultiPoint"",""coordinates"":[]}"
24059_0,0.8995596,"{""type"":""MultiPoint"",""coordinates"":[]}"
24061_0,0.070046775,"{""type"":""MultiPoint"",""coordinates"":[]}"
24067_0,0.07669952,"{""type"":""MultiPoint"",""coordinates"":[]}"
24069_0,0.29111573,"{""type"":""MultiPoint"",""coordinates"":[]}"
24070_0,0.17502892,"{""type"":""MultiPoint"",""coordinates"":[]}"
24072_0,0.014283177,"{""type"":""MultiPoint"",""coordinates"":[]}"
24073_0,0.46497604,"{""type"":""MultiPoint"",""coordinates"":[]}"
24075_0,0.022349652,"{""type"":""MultiPoint"",""coordinates"":[]}"
24076_0,0.20583908,"{""type"":""MultiPoint"",""coordinates"":[]}"
24077_0,0.061435554,"{""type"":""MultiPoint"",""coordinates"":[]}"
24078_0,0.094689816,"{""type"":""MultiPoint"",""coordinates"":[]}"
24079_0,0.060420234,"{""type"":""MultiPoint"",""coordinates"":[]}"
24080_0,0.17328624,"{""type"":""MultiPoint"",""coordinates"":[]}"
24082_0,0.23309618,"{""type"":""MultiPoint"",""coordinates"":[]}"
24083_0,0.3470214,"{""type"":""MultiPoint"",""coordinates"":[]}"
24084_0,0.03296321,"{""type"":""MultiPoint"",""coordinates"":[]}"
24086_0,0.103687,"{""type"":""MultiPoint"",""coordinates"":[]}"
24087_0,0.9641022,"{""type"":""MultiPoint"",""coordinates"":[]}"
24092_0,0.9841305,"{""type"":""MultiPoint"",""coordinates"":[]}"
24094_0,0.07264271,"{""type"":""MultiPoint"",""coordinates"":[]}"
24095_0,0.99708134,"{""type"":""MultiPoint"",""coordinates"":[]}"
24096_0,0.38543224,"{""type"":""MultiPoint"",""coordinates"":[]}"
24098_0,0.0580547,"{""type"":""MultiPoint"",""coordinates"":[]}"
24106_0,0.07239563,"{""type"":""MultiPoint"",""coordinates"":[]}"
24107_0,0.24016356,"{""type"":""MultiPoint"",""coordinates"":[]}"
24113_0,0.18998411,"{""type"":""MultiPoint"",""coordinates"":[]}"
24116_0,0.014133324,"{""type"":""MultiPoint"",""coordinates"":[]}"
24117_0,0.69866055,"{""type"":""MultiPoint"",""coordinates"":[]}"
24118_0,0.28952622,"{""type"":""MultiPoint"",""coordinates"":[]}"
24120_0,0.08314863,"{""type"":""MultiPoint"",""coordinates"":[]}"
24129_0,0.07504327,"{""type"":""MultiPoint"",""coordinates"":[]}"
24131_0,0.08960526,"{""type"":""MultiPoint"",""coordinates"":[]}"
24133_0,0.0543004,"{""type"":""MultiPoint"",""coordinates"":[]}"
24138_0,0.023014698,"{""type"":""MultiPoint"",""coordinates"":[]}"
24141_0,0.1093405,"{""type"":""MultiPoint"",""coordinates"":[]}"
24145_0,0.29140612,"{""type"":""MultiPoint"",""coordinates"":[]}"
24149_0,0.09343831,"{""type"":""MultiPoint"",""coordinates"":[]}"
24151_0,0.11834879,"{""type"":""MultiPoint"",""coordinates"":[]}"
24154_0,0.3380091,"{""type"":""MultiPoint"",""coordinates"":[]}"
24156_0,0.07264655,"{""type"":""MultiPoint"",""coordinates"":[]}"
24159_0,0.11975249,"{""type"":""MultiPoint"",""coordinates"":[]}"
24160_0,0.021216407,"{""type"":""MultiPoint"",""coordinates"":[]}"
24168_0,0.05868294,"{""type"":""MultiPoint"",""coordinates"":[]}"
24169_0,0.18877323,"{""type"":""MultiPoint"",""coordinates"":[]}"
24170_0,0.1952351,"{""type"":""MultiPoint"",""coordinates"":[]}"
24174_0,0.0959975,"{""type"":""MultiPoint"",""coordinates"":[]}"
24176_0,0.2568787,"{""type"":""MultiPoint"",""coordinates"":[]}"
24177_0,0.25188187,"{""type"":""MultiPoint"",""coordinates"":[]}"
24179_0,0.120261066,"{""type"":""MultiPoint"",""coordinates"":[]}"
24181_0,0.10980927,"{""type"":""MultiPoint"",""coordinates"":[]}"
24182_0,0.9921843,"{""type"":""MultiPoint"",""coordinates"":[]}"
24185_0,0.10829289,"{""type"":""MultiPoint"",""coordinates"":[]}"
24189_0,0.02264252,"{""type"":""MultiPoint"",""coordinates"":[]}"
24190_0,0.0665926,"{""type"":""MultiPoint"",""coordinates"":[]}"
24193_0,0.14827345,"{""type"":""MultiPoint"",""coordinates"":[]}"
24194_0,0.0025054368,"{""type"":""MultiPoint"",""coordinates"":[]}"
24196_0,0.10285099,"{""type"":""MultiPoint"",""coordinates"":[]}"
24197_0,0.10853196,"{""type"":""MultiPoint"",""coordinates"":[]}"
24198_0,0.105786815,"{""type"":""MultiPoint"",""coordinates"":[]}"
24200_0,0.36087003,"{""type"":""MultiPoint"",""coordinates"":[]}"
24201_0,0.11715272,"{""type"":""MultiPoint"",""coordinates"":[]}"
24203_0,0.12869129,"{""type"":""MultiPoint"",""coordinates"":[]}"
24204_0,0.105786815,"{""type"":""MultiPoint"",""coordinates"":[]}"
24207_0,0.39523908,"{""type"":""MultiPoint"",""coordinates"":[]}"
24208_0,0.09343831,"{""type"":""MultiPoint"",""coordinates"":[]}"
24209_0,0.11272892,"{""type"":""MultiPoint"",""coordinates"":[]}"
24211_0,0.070969984,"{""type"":""MultiPoint"",""coordinates"":[]}"
24216_0,0.025640285,"{""type"":""MultiPoint"",""coordinates"":[]}"
24218_0,0.95170504,"{""type"":""MultiPoint"",""coordinates"":[]}"
24220_0,0.105786815,"{""type"":""MultiPoint"",""coordinates"":[]}"
24221_0,0.35658762,"{""type"":""MultiPoint"",""coordinates"":[]}"
24222_0,0.1356467,"{""type"":""MultiPoint"",""coordinates"":[]}"
24231_0,0.6554973,"{""type"":""MultiPoint"",""coordinates"":[]}"
24235_0,0.9901895,"{""type"":""MultiPoint"",""coordinates"":[]}"
24236_0,0.023014698,"{""type"":""MultiPoint"",""coordinates"":[]}"
24237_0,0.18877323,"{""type"":""MultiPoint"",""coordinates"":[]}"
24241_0,0.097796425,"{""type"":""MultiPoint"",""coordinates"":[]}"
24244_0,0.11715272,"{""type"":""MultiPoint"",""coordinates"":[]}"
24245_0,0.27241904,"{""type"":""MultiPoint"",""coordinates"":[]}"
24246_0,0.17796138,"{""type"":""MultiPoint"",""coordinates"":[]}"
24247_0,0.0024157963,"{""type"":""MultiPoint"",""coordinates"":[]}"
24248_0,0.021119766,"{""type"":""MultiPoint"",""coordinates"":[]}"
24249_0,0.31992158,"{""type"":""MultiPoint"",""coordinates"":[]}"
24253_0,0.105786815,"{""type"":""MultiPoint"",""coordinates"":[]}"
24254_0,0.23077728,"{""type"":""MultiPoint"",""coordinates"":[]}"
24255_0,0.11229959,"{""type"":""MultiPoint"",""coordinates"":[]}"
24260_0,0.04254737,"{""type"":""MultiPoint"",""coordinates"":[]}"
24263_0,0.01394184,"{""type"":""MultiPoint"",""coordinates"":[]}"
24273_0,0.07518074,"{""type"":""MultiPoint"",""coordinates"":[]}"
24275_0,0.16510339,"{""type"":""MultiPoint"",""coordinates"":[]}"
24276_0,0.0024157963,"{""type"":""MultiPoint"",""coordinates"":[]}"
24278_0,0.14216371,"{""type"":""MultiPoint"",""coordinates"":[]}"
24284_0,0.9737312,"{""type"":""MultiPoint"",""coordinates"":[]}"
24286_0,0.06765379,"{""type"":""MultiPoint"",""coordinates"":[]}"
24294_0,0.18456773,"{""type"":""MultiPoint"",""coordinates"":[]}"
24295_0,0.5017962,"{""type"":""MultiPoint"",""coordinates"":[]}"
24297_0,0.34201124,"{""type"":""MultiPoint"",""coordinates"":[]}"
24298_0,0.105786815,"{""type"":""MultiPoint"",""coordinates"":[]}"
24302_0,0.078947805,"{""type"":""MultiPoint"",""coordinates"":[]}"
24306_0,0.01981849,"{""type"":""MultiPoint"",""coordinates"":[]}"
24307_0,0.6160909,"{""type"":""MultiPoint"",""coordinates"":[]}"
24312_0,0.15370815,"{""type"":""MultiPoint"",""coordinates"":[]}"
24313_0,0.020985296,"{""type"":""MultiPoint"",""coordinates"":[]}"
24315_0,0.08170499,"{""type"":""MultiPoint"",""coordinates"":[]}"
24317_0,0.38543224,"{""type"":""MultiPoint"",""coordinates"":[]}"
24323_0,0.34347838,"{""type"":""MultiPoint"",""coordinates"":[]}"
24324_0,0.95340747,"{""type"":""MultiPoint"",""coordinates"":[]}"
24325_0,0.23157783,"{""type"":""MultiPoint"",""coordinates"":[]}"
24330_0,0.097796425,"{""type"":""MultiPoint"",""coordinates"":[]}"
24334_0,0.09864969,"{""type"":""MultiPoint"",""coordinates"":[]}"
24335_0,0.07669952,"{""type"":""MultiPoint"",""coordinates"":[]}"
24336_0,0.021119766,"{""type"":""MultiPoint"",""coordinates"":[]}"
24337_0,0.97930497,"{""type"":""MultiPoint"",""coordinates"":[]}"
24338_0,0.16553162,"{""type"":""MultiPoint"",""coordinates"":[]}"
24339_0,0.035828542,"{""type"":""MultiPoint"",""coordinates"":[]}"
24341_0,0.4802776,"{""type"":""MultiPoint"",""coordinates"":[]}"
24346_0,0.46801555,"{""type"":""MultiPoint"",""coordinates"":[]}"
24347_0,0.11084138,"{""type"":""MultiPoint"",""coordinates"":[]}"
24348_0,0.17461033,"{""type"":""MultiPoint"",""coordinates"":[]}"
24350_0,0.20698869,"{""type"":""MultiPoint"",""coordinates"":[]}"
24351_0,0.08845048,"{""type"":""MultiPoint"",""coordinates"":[]}"
24352_0,0.19359218,"{""type"":""MultiPoint"",""coordinates"":[]}"
24354_0,0.22559902,"{""type"":""MultiPoint"",""coordinates"":[]}"
24357_0,0.023679161,"{""type"":""MultiPoint"",""coordinates"":[]}"
24358_0,0.070969984,"{""type"":""MultiPoint"",""coordinates"":[]}"
24361_0,0.11579308,"{""type"":""MultiPoint"",""coordinates"":[]}"
24363_0,0.12944336,"{""type"":""MultiPoint"",""coordinates"":[]}"
24364_0,0.37417516,"{""type"":""MultiPoint"",""coordinates"":[]}"
24367_0,0.7767333,"{""type"":""MultiPoint"",""coordinates"":[]}"
24369_0,0.10272093,"{""type"":""MultiPoint"",""coordinates"":[]}"
24370_0,0.35285872,"{""type"":""MultiPoint"",""coordinates"":[]}"
24378_0,0.11707677,"{""type"":""MultiPoint"",""coordinates"":[]}"
24381_0,0.4099968,"{""type"":""MultiPoint"",""coordinates"":[]}"
24383_0,0.29140612,"{""type"":""MultiPoint"",""coordinates"":[]}"
24384_0,0.1416121,"{""type"":""MultiPoint"",""coordinates"":[]}"
24385_0,0.25010142,"{""type"":""MultiPoint"",""coordinates"":[]}"
24390_0,0.366994,"{""type"":""MultiPoint"",""coordinates"":[]}"
24396_0,0.13344161,"{""type"":""MultiPoint"",""coordinates"":[]}"
24398_0,0.057327054,"{""type"":""MultiPoint"",""coordinates"":[]}"
24399_0,0.29140612,"{""type"":""MultiPoint"",""coordinates"":[]}"
24400_0,0.1356467,"{""type"":""MultiPoint"",""coordinates"":[]}"
24401_0,0.9901895,"{""type"":""MultiPoint"",""coordinates"":[]}"
24402_0,0.07669952,"{""type"":""MultiPoint"",""coordinates"":[]}"
24408_0,0.11084138,"{""type"":""MultiPoint"",""coordinates"":[]}"
24412_0,0.17902705,"{""type"":""MultiPoint"",""coordinates"":[]}"
24413_0,0.05287206,"{""type"":""MultiPoint"",""coordinates"":[]}"
24420_0,0.1662789,"{""type"":""MultiPoint"",""coordinates"":[]}"
24426_0,0.02112554,"{""type"":""MultiPoint"",""coordinates"":[]}"
24427_0,0.34020007,"{""type"":""MultiPoint"",""coordinates"":[]}"
24430_0,0.13919297,"{""type"":""MultiPoint"",""coordinates"":[]}"
24431_0,0.80302227,"{""type"":""MultiPoint"",""coordinates"":[]}"
24432_0,0.0039507416,"{""type"":""MultiPoint"",""coordinates"":[]}"
24436_0,0.18456773,"{""type"":""MultiPoint"",""coordinates"":[]}"
24437_0,0.060981326,"{""type"":""MultiPoint"",""coordinates"":[]}"
24441_0,0.15916133,"{""type"":""MultiPoint"",""coordinates"":[]}"
24442_0,0.08250383,"{""type"":""MultiPoint"",""coordinates"":[]}"
24444_0,0.075928405,"{""type"":""MultiPoint"",""coordinates"":[]}"
24446_0,0.115032494,"{""type"":""MultiPoint"",""coordinates"":[]}"
24448_0,0.024831124,"{""type"":""MultiPoint"",""coordinates"":[]}"
24454_0,0.09510327,"{""type"":""MultiPoint"",""coordinates"":[]}"
24456_0,0.06754969,"{""type"":""MultiPoint"",""coordinates"":[]}"
24457_0,0.19359218,"{""type"":""MultiPoint"",""coordinates"":[]}"
24458_0,0.068429016,"{""type"":""MultiPoint"",""coordinates"":[]}"
24463_0,0.99834627,"{""type"":""MultiPoint"",""coordinates"":[]}"
24464_0,0.46707267,"{""type"":""MultiPoint"",""coordinates"":[]}"
24466_0,0.13789302,"{""type"":""MultiPoint"",""coordinates"":[]}"
24471_0,0.50064844,"{""type"":""MultiPoint"",""coordinates"":[]}"
24472_0,0.15095238,"{""type"":""MultiPoint"",""coordinates"":[]}"
24477_0,0.2382989,"{""type"":""MultiPoint"",""coordinates"":[]}"
24480_0,0.2382989,"{""type"":""MultiPoint"",""coordinates"":[]}"
24481_0,0.35924155,"{""type"":""MultiPoint"",""coordinates"":[]}"
24484_0,0.11374652,"{""type"":""MultiPoint"",""coordinates"":[]}"
24489_0,0.36087003,"{""type"":""MultiPoint"",""coordinates"":[]}"
24490_0,0.061732315,"{""type"":""MultiPoint"",""coordinates"":[]}"
24494_0,0.41993752,"{""type"":""MultiPoint"",""coordinates"":[]}"
24498_0,0.5588425,"{""type"":""MultiPoint"",""coordinates"":[]}"
24499_0,0.33383775,"{""type"":""MultiPoint"",""coordinates"":[]}"
24500_0,0.9984116,"{""type"":""MultiPoint"",""coordinates"":[]}"
24501_0,0.54971164,"{""type"":""MultiPoint"",""coordinates"":[]}"
24502_0,0.117452145,"{""type"":""MultiPoint"",""coordinates"":[]}"
24503_0,0.035787992,"{""type"":""MultiPoint"",""coordinates"":[]}"
24504_0,0.021119766,"{""type"":""MultiPoint"",""coordinates"":[]}"
24507_0,0.30268568,"{""type"":""MultiPoint"",""coordinates"":[]}"
24509_0,0.35285872,"{""type"":""MultiPoint"",""coordinates"":[]}"
24519_0,0.16099924,"{""type"":""MultiPoint"",""coordinates"":[]}"
24520_0,0.1093405,"{""type"":""MultiPoint"",""coordinates"":[]}"
24521_0,0.49158284,"{""type"":""MultiPoint"",""coordinates"":[]}"
24524_0,0.03387099,"{""type"":""MultiPoint"",""coordinates"":[]}"
24527_0,0.2806642,"{""type"":""MultiPoint"",""coordinates"":[]}"
24529_0,0.06006523,"{""type"":""MultiPoint"",""coordinates"":[]}"
24531_0,0.11975249,"{""type"":""MultiPoint"",""coordinates"":[]}"
24534_0,0.29335323,"{""type"":""MultiPoint"",""coordinates"":[]}"
24538_0,0.064077355,"{""type"":""MultiPoint"",""coordinates"":[]}"
24540_0,0.95709825,"{""type"":""MultiPoint"",""coordinates"":[]}"
24543_0,0.014485282,"{""type"":""MultiPoint"",""coordinates"":[]}"
24544_0,0.34347838,"{""type"":""MultiPoint"",""coordinates"":[]}"
24550_0,0.105786815,"{""type"":""MultiPoint"",""coordinates"":[]}"
24552_0,0.041731,"{""type"":""MultiPoint"",""coordinates"":[]}"
24553_0,0.09046068,"{""type"":""MultiPoint"",""coordinates"":[]}"
24554_0,0.010519682,"{""type"":""MultiPoint"",""coordinates"":[]}"
24555_0,0.051366586,"{""type"":""MultiPoint"",""coordinates"":[]}"
24560_0,0.019341672,"{""type"":""MultiPoint"",""coordinates"":[]}"
24561_0,0.05742892,"{""type"":""MultiPoint"",""coordinates"":[]}"
24562_0,0.022156408,"{""type"":""MultiPoint"",""coordinates"":[]}"
24564_0,0.18601051,"{""type"":""MultiPoint"",""coordinates"":[]}"
24566_0,0.10285099,"{""type"":""MultiPoint"",""coordinates"":[]}"
24567_0,0.10980927,"{""type"":""MultiPoint"",""coordinates"":[]}"
24577_0,0.04269243,"{""type"":""MultiPoint"",""coordinates"":[]}"
24584_0,0.014207526,"{""type"":""MultiPoint"",""coordinates"":[]}"
24586_0,0.6246548,"{""type"":""MultiPoint"",""coordinates"":[]}"
24588_0,0.35081464,"{""type"":""MultiPoint"",""coordinates"":[]}"
24590_0,0.4661105,"{""type"":""MultiPoint"",""coordinates"":[]}"
24591_0,0.073926896,"{""type"":""MultiPoint"",""coordinates"":[]}"
24594_0,0.077293694,"{""type"":""MultiPoint"",""coordinates"":[]}"
24595_0,0.070743255,"{""type"":""MultiPoint"",""coordinates"":[]}"
24596_0,0.17328624,"{""type"":""MultiPoint"",""coordinates"":[]}"
24597_0,0.41547868,"{""type"":""MultiPoint"",""coordinates"":[]}"
24599_0,0.08602925,"{""type"":""MultiPoint"",""coordinates"":[]}"
24600_0,0.021263884,"{""type"":""MultiPoint"",""coordinates"":[]}"
24601_0,0.014485282,"{""type"":""MultiPoint"",""coordinates"":[]}"
24602_0,0.18877323,"{""type"":""MultiPoint"",""coordinates"":[]}"
24605_0,0.5780104,"{""type"":""MultiPoint"",""coordinates"":[]}"
24606_0,0.12563357,"{""type"":""MultiPoint"",""coordinates"":[]}"
24607_0,0.09609899,"{""type"":""MultiPoint"",""coordinates"":[]}"
24610_0,0.030337205,"{""type"":""MultiPoint"",""coordinates"":[]}"
24611_0,0.021119766,"{""type"":""MultiPoint"",""coordinates"":[]}"
24623_0,0.057283167,"{""type"":""MultiPoint"",""coordinates"":[]}"
24625_0,0.0024798817,"{""type"":""MultiPoint"",""coordinates"":[]}"
24626_0,0.35924155,"{""type"":""MultiPoint"",""coordinates"":[]}"
24627_0,0.08045806,"{""type"":""MultiPoint"",""coordinates"":[]}"
24629_0,0.7282577,"{""type"":""MultiPoint"",""coordinates"":[]}"
24631_0,0.1093405,"{""type"":""MultiPoint"",""coordinates"":[]}"
24632_0,0.010144247,"{""type"":""MultiPoint"",""coordinates"":[]}"
24637_0,0.1687904,"{""type"":""MultiPoint"",""coordinates"":[]}"
24638_0,0.14443187,"{""type"":""MultiPoint"",""coordinates"":[]}"
24640_0,8.959609E-4,"{""type"":""MultiPoint"",""coordinates"":[]}"
24641_0,0.021119766,"{""type"":""MultiPoint"",""coordinates"":[]}"
24643_0,0.10285099,"{""type"":""MultiPoint"",""coordinates"":[]}"
24644_0,0.10162102,"{""type"":""MultiPoint"",""coordinates"":[]}"
24645_0,0.0039507053,"{""type"":""MultiPoint"",""coordinates"":[]}"
24646_0,0.053750552,"{""type"":""MultiPoint"",""coordinates"":[]}"
24649_0,0.099124804,"{""type"":""MultiPoint"",""coordinates"":[]}"
24650_0,0.0024798817,"{""type"":""MultiPoint"",""coordinates"":[]}"
24652_0,0.613139,"{""type"":""MultiPoint"",""coordinates"":[]}"
24653_0,0.11707677,"{""type"":""MultiPoint"",""coordinates"":[]}"
24655_0,0.041300055,"{""type"":""MultiPoint"",""coordinates"":[]}"
24657_0,0.10227254,"{""type"":""MultiPoint"",""coordinates"":[]}"
24661_0,0.0039506988,"{""type"":""MultiPoint"",""coordinates"":[]}"
24666_0,0.08636307,"{""type"":""MultiPoint"",""coordinates"":[]}"
24668_0,0.35285872,"{""type"":""MultiPoint"",""coordinates"":[]}"
24673_0,0.3609262,"{""type"":""MultiPoint"",""coordinates"":[]}"
24674_0,0.01953822,"{""type"":""MultiPoint"",""coordinates"":[]}"
24677_0,0.24355017,"{""type"":""MultiPoint"",""coordinates"":[]}"
24678_0,0.61854666,"{""type"":""MultiPoint"",""coordinates"":[]}"
24679_0,0.9756715,"{""type"":""MultiPoint"",""coordinates"":[]}"
24680_0,0.03910207,"{""type"":""MultiPoint"",""coordinates"":[]}"
24681_0,0.03296321,"{""type"":""MultiPoint"",""coordinates"":[]}"
24687_0,0.38914442,"{""type"":""MultiPoint"",""coordinates"":[]}"
24689_0,0.15162367,"{""type"":""MultiPoint"",""coordinates"":[]}"
24690_0,0.105786815,"{""type"":""MultiPoint"",""coordinates"":[]}"
24691_0,0.14546044,"{""type"":""MultiPoint"",""coordinates"":[]}"
24693_0,0.32107848,"{""type"":""MultiPoint"",""coordinates"":[]}"
24698_0,0.062192984,"{""type"":""MultiPoint"",""coordinates"":[]}"
24700_0,0.070046775,"{""type"":""MultiPoint"",""coordinates"":[]}"
24711_0,0.075928405,"{""type"":""MultiPoint"",""coordinates"":[]}"
24712_0,0.41527075,"{""type"":""MultiPoint"",""coordinates"":[]}"
24713_0,0.0867102,"{""type"":""MultiPoint"",""coordinates"":[]}"
24714_0,0.17636842,"{""type"":""MultiPoint"",""coordinates"":[]}"
24715_0,0.03296321,"{""type"":""MultiPoint"",""coordinates"":[]}"
24716_0,0.3392879,"{""type"":""MultiPoint"",""coordinates"":[]}"
24721_0,0.14462978,"{""type"":""MultiPoint"",""coordinates"":[]}"
24723_0,0.028740555,"{""type"":""MultiPoint"",""coordinates"":[]}"
24724_0,0.99708134,"{""type"":""MultiPoint"",""coordinates"":[]}"
24727_0,0.13333978,"{""type"":""MultiPoint"",""coordinates"":[]}"
24729_0,0.26134706,"{""type"":""MultiPoint"",""coordinates"":[]}"
24733_0,0.099958666,"{""type"":""MultiPoint"",""coordinates"":[]}"
24735_0,0.010467444,"{""type"":""MultiPoint"",""coordinates"":[]}"
24742_0,0.053750552,"{""type"":""MultiPoint"",""coordinates"":[]}"
24746_0,0.107677706,"{""type"":""MultiPoint"",""coordinates"":[]}"
24750_0,0.09880389,"{""type"":""MultiPoint"",""coordinates"":[]}"
24751_0,0.7203846,"{""type"":""MultiPoint"",""coordinates"":[]}"
24753_0,0.19359218,"{""type"":""MultiPoint"",""coordinates"":[]}"
24757_0,0.0853373,"{""type"":""MultiPoint"",""coordinates"":[]}"
24758_0,0.9901895,"{""type"":""MultiPoint"",""coordinates"":[]}"
24761_0,0.037192237,"{""type"":""MultiPoint"",""coordinates"":[]}"
24764_0,0.9984116,"{""type"":""MultiPoint"",""coordinates"":[]}"
24768_0,0.14729375,"{""type"":""MultiPoint"",""coordinates"":[]}"
24769_0,0.16658853,"{""type"":""MultiPoint"",""coordinates"":[]}"
24771_0,0.13707083,"{""type"":""MultiPoint"",""coordinates"":[]}"
24772_0,0.08802745,"{""type"":""MultiPoint"",""coordinates"":[]}"
24773_0,0.20667665,"{""type"":""MultiPoint"",""coordinates"":[]}"
24775_0,0.13692324,"{""type"":""MultiPoint"",""coordinates"":[]}"
24776_0,0.105988555,"{""type"":""MultiPoint"",""coordinates"":[]}"
24782_0,0.037192237,"{""type"":""MultiPoint"",""coordinates"":[]}"
24783_0,0.14729375,"{""type"":""MultiPoint"",""coordinates"":[]}"
24784_0,0.3544604,"{""type"":""MultiPoint"",""coordinates"":[]}"
24787_0,0.0853373,"{""type"":""MultiPoint"",""coordinates"":[]}"
24790_0,0.06918103,"{""type"":""MultiPoint"",""coordinates"":[]}"
24792_0,0.13362275,"{""type"":""MultiPoint"",""coordinates"":[]}"
24793_0,0.019925795,"{""type"":""MultiPoint"",""coordinates"":[]}"
24801_0,0.06765379,"{""type"":""MultiPoint"",""coordinates"":[]}"
24805_0,0.097796425,"{""type"":""MultiPoint"",""coordinates"":[]}"
24808_0,0.15370815,"{""type"":""MultiPoint"",""coordinates"":[]}"
24810_0,0.28452653,"{""type"":""MultiPoint"",""coordinates"":[]}"
24820_0,0.25650725,"{""type"":""MultiPoint"",""coordinates"":[]}"
24821_0,0.16784386,"{""type"":""MultiPoint"",""coordinates"":[]}"
24823_0,0.087839425,"{""type"":""MultiPoint"",""coordinates"":[]}"
24824_0,0.06754969,"{""type"":""MultiPoint"",""coordinates"":[]}"
24825_0,0.021491943,"{""type"":""MultiPoint"",""coordinates"":[]}"
24827_0,0.10631123,"{""type"":""MultiPoint"",""coordinates"":[]}"
24828_0,0.28268552,"{""type"":""MultiPoint"",""coordinates"":[]}"
24829_0,0.090327226,"{""type"":""MultiPoint"",""coordinates"":[]}"
24830_0,0.0024798817,"{""type"":""MultiPoint"",""coordinates"":[]}"
24833_0,0.022156408,"{""type"":""MultiPoint"",""coordinates"":[]}"
24834_0,0.3392879,"{""type"":""MultiPoint"",""coordinates"":[]}"
24835_0,0.14647914,"{""type"":""MultiPoint"",""coordinates"":[]}"
24836_0,0.09194416,"{""type"":""MultiPoint"",""coordinates"":[]}"
24837_0,0.5345035,"{""type"":""MultiPoint"",""coordinates"":[]}"
24838_0,0.021263884,"{""type"":""MultiPoint"",""coordinates"":[]}"
24839_0,0.0025054368,"{""type"":""MultiPoint"",""coordinates"":[]}"
24840_0,0.22559902,"{""type"":""MultiPoint"",""coordinates"":[]}"
24843_0,0.43868947,"{""type"":""MultiPoint"",""coordinates"":[]}"
24847_0,0.11284472,"{""type"":""MultiPoint"",""coordinates"":[]}"
24849_0,0.6844155,"{""type"":""MultiPoint"",""coordinates"":[]}"
24852_0,0.37606007,"{""type"":""MultiPoint"",""coordinates"":[]}"
24853_0,0.07513506,"{""type"":""MultiPoint"",""coordinates"":[]}"
24856_0,0.097796425,"{""type"":""MultiPoint"",""coordinates"":[]}"
24858_0,0.18456773,"{""type"":""MultiPoint"",""coordinates"":[]}"
24861_0,0.06006523,"{""type"":""MultiPoint"",""coordinates"":[]}"
24862_0,0.07174893,"{""type"":""MultiPoint"",""coordinates"":[]}"
24864_0,0.19234662,"{""type"":""MultiPoint"",""coordinates"":[]}"
24866_0,0.061727308,"{""type"":""MultiPoint"",""coordinates"":[]}"
24868_0,0.063124426,"{""type"":""MultiPoint"",""coordinates"":[]}"
24871_0,0.21425293,"{""type"":""MultiPoint"",""coordinates"":[]}"
24872_0,0.30083594,"{""type"":""MultiPoint"",""coordinates"":[]}"
24874_0,0.36119714,"{""type"":""MultiPoint"",""coordinates"":[]}"
24876_0,0.39523908,"{""type"":""MultiPoint"",""coordinates"":[]}"
24879_0,0.0879931,"{""type"":""MultiPoint"",""coordinates"":[]}"
24881_0,0.087112136,"{""type"":""MultiPoint"",""coordinates"":[]}"
24882_0,0.28058645,"{""type"":""MultiPoint"",""coordinates"":[]}"
24886_0,0.38096055,"{""type"":""MultiPoint"",""coordinates"":[]}"
24888_0,0.25650725,"{""type"":""MultiPoint"",""coordinates"":[]}"
24892_0,0.025693836,"{""type"":""MultiPoint"",""coordinates"":[]}"
24896_0,0.3744227,"{""type"":""MultiPoint"",""coordinates"":[]}"
24898_0,0.13097535,"{""type"":""MultiPoint"",""coordinates"":[]}"
24899_0,0.2382989,"{""type"":""MultiPoint"",""coordinates"":[]}"
24900_0,0.37606007,"{""type"":""MultiPoint"",""coordinates"":[]}"
24901_0,0.06978479,"{""type"":""MultiPoint"",""coordinates"":[]}"
24904_0,0.23312505,"{""type"":""MultiPoint"",""coordinates"":[]}"
24906_0,0.10014764,"{""type"":""MultiPoint"",""coordinates"":[]}"
24907_0,0.16099924,"{""type"":""MultiPoint"",""coordinates"":[]}"
24908_0,0.060420234,"{""type"":""MultiPoint"",""coordinates"":[]}"
24909_0,0.075928405,"{""type"":""MultiPoint"",""coordinates"":[]}"
24910_0,0.13941191,"{""type"":""MultiPoint"",""coordinates"":[]}"
24911_0,0.48759544,"{""type"":""MultiPoint"",""coordinates"":[]}"
24914_0,0.216406,"{""type"":""MultiPoint"",""coordinates"":[]}"
24917_0,0.03781925,"{""type"":""MultiPoint"",""coordinates"":[]}"
24918_0,0.059212394,"{""type"":""MultiPoint"",""coordinates"":[]}"
24919_0,0.0822212,"{""type"":""MultiPoint"",""coordinates"":[]}"
24920_0,0.35081464,"{""type"":""MultiPoint"",""coordinates"":[]}"
24921_0,0.10033204,"{""type"":""MultiPoint"",""coordinates"":[]}"
24922_0,0.12899351,"{""type"":""MultiPoint"",""coordinates"":[]}"
24923_0,0.6160909,"{""type"":""MultiPoint"",""coordinates"":[]}"
24925_0,0.1110861,"{""type"":""MultiPoint"",""coordinates"":[]}"
24927_0,0.25047827,"{""type"":""MultiPoint"",""coordinates"":[]}"
24928_0,0.08368953,"{""type"":""MultiPoint"",""coordinates"":[]}"
24930_0,0.11694767,"{""type"":""MultiPoint"",""coordinates"":[]}"
24931_0,0.07736541,"{""type"":""MultiPoint"",""coordinates"":[]}"
24933_0,0.17270221,"{""type"":""MultiPoint"",""coordinates"":[]}"
24934_0,0.10911686,"{""type"":""MultiPoint"",""coordinates"":[]}"
24935_0,0.2382989,"{""type"":""MultiPoint"",""coordinates"":[]}"
24936_0,0.062192984,"{""type"":""MultiPoint"",""coordinates"":[]}"
24937_0,0.07234602,"{""type"":""MultiPoint"",""coordinates"":[]}"
24939_0,0.106181785,"{""type"":""MultiPoint"",""coordinates"":[]}"
24940_0,0.4271158,"{""type"":""MultiPoint"",""coordinates"":[]}"
24946_0,0.0024157963,"{""type"":""MultiPoint"",""coordinates"":[]}"
24948_0,0.54395574,"{""type"":""MultiPoint"",""coordinates"":[]}"
24949_0,0.66489065,"{""type"":""MultiPoint"",""coordinates"":[]}"
24951_0,0.004926484,"{""type"":""MultiPoint"",""coordinates"":[]}"
24952_0,0.095083356,"{""type"":""MultiPoint"",""coordinates"":[]}"
24957_0,0.07378722,"{""type"":""MultiPoint"",""coordinates"":[]}"
24958_0,0.35658762,"{""type"":""MultiPoint"",""coordinates"":[]}"
24963_0,0.29140612,"{""type"":""MultiPoint"",""coordinates"":[]}"
24964_0,0.30704087,"{""type"":""MultiPoint"",""coordinates"":[]}"
24966_0,0.097796425,"{""type"":""MultiPoint"",""coordinates"":[]}"
24968_0,0.024634633,"{""type"":""MultiPoint"",""coordinates"":[]}"
24971_0,0.4802776,"{""type"":""MultiPoint"",""coordinates"":[]}"
24975_0,0.10631123,"{""type"":""MultiPoint"",""coordinates"":[]}"
24976_0,0.29846126,"{""type"":""MultiPoint"",""coordinates"":[]}"
24978_0,0.022349652,"{""type"":""MultiPoint"",""coordinates"":[]}"
24979_0,0.32464442,"{""type"":""MultiPoint"",""coordinates"":[]}"
24981_0,0.06754464,"{""type"":""MultiPoint"",""coordinates"":[]}"
24986_0,0.17166305,"{""type"":""MultiPoint"",""coordinates"":[]}"
24987_0,0.0875067,"{""type"":""MultiPoint"",""coordinates"":[]}"
24991_0,0.03617273,"{""type"":""MultiPoint"",""coordinates"":[]}"
24994_0,0.41327175,"{""type"":""MultiPoint"",""coordinates"":[]}"
24995_0,0.002479882,"{""type"":""MultiPoint"",""coordinates"":[]}"
24996_0,0.31264445,"{""type"":""MultiPoint"",""coordinates"":[]}"
24998_0,0.10033204,"{""type"":""MultiPoint"",""coordinates"":[]}"
25002_0,0.99708134,"{""type"":""MultiPoint"",""coordinates"":[]}"
25005_0,0.9826156,"{""type"":""MultiPoint"",""coordinates"":[]}"
25006_0,0.18877323,"{""type"":""MultiPoint"",""coordinates"":[]}"
25009_0,0.5791997,"{""type"":""MultiPoint"",""coordinates"":[]}"
25011_0,0.5351132,"{""type"":""MultiPoint"",""coordinates"":[]}"
25012_0,0.09511139,"{""type"":""MultiPoint"",""coordinates"":[]}"
25013_0,0.21768765,"{""type"":""MultiPoint"",""coordinates"":[]}"
25015_0,0.0548835,"{""type"":""MultiPoint"",""coordinates"":[]}"
25016_0,0.18877323,"{""type"":""MultiPoint"",""coordinates"":[]}"
25018_0,0.08310655,"{""type"":""MultiPoint"",""coordinates"":[]}"
25019_0,0.10285099,"{""type"":""MultiPoint"",""coordinates"":[]}"
25020_0,0.3392879,"{""type"":""MultiPoint"",""coordinates"":[]}"
25022_0,0.9984116,"{""type"":""MultiPoint"",""coordinates"":[]}"
25026_0,0.3731105,"{""type"":""MultiPoint"",""coordinates"":[]}"
25029_0,0.4927715,"{""type"":""MultiPoint"",""coordinates"":[]}"
25033_0,0.19797829,"{""type"":""MultiPoint"",""coordinates"":[]}"
25034_0,0.3392879,"{""type"":""MultiPoint"",""coordinates"":[]}"
25035_0,0.13744062,"{""type"":""MultiPoint"",""coordinates"":[]}"
25036_0,0.013003072,"{""type"":""MultiPoint"",""coordinates"":[]}"
25038_0,0.09343831,"{""type"":""MultiPoint"",""coordinates"":[]}"
25040_0,0.29140612,"{""type"":""MultiPoint"",""coordinates"":[]}"
25043_0,0.23077728,"{""type"":""MultiPoint"",""coordinates"":[]}"
25044_0,0.028820759,"{""type"":""MultiPoint"",""coordinates"":[]}"
25045_0,0.24355017,"{""type"":""MultiPoint"",""coordinates"":[]}"
25053_0,0.07807663,"{""type"":""MultiPoint"",""coordinates"":[]}"
25055_0,0.14462978,"{""type"":""MultiPoint"",""coordinates"":[]}"
25057_0,0.07154436,"{""type"":""MultiPoint"",""coordinates"":[]}"
25059_0,0.024831124,"{""type"":""MultiPoint"",""coordinates"":[]}"
25061_0,0.061680812,"{""type"":""MultiPoint"",""coordinates"":[]}"
25066_0,0.097796425,"{""type"":""MultiPoint"",""coordinates"":[]}"
25071_0,0.097796425,"{""type"":""MultiPoint"",""coordinates"":[]}"
25072_0,0.5621558,"{""type"":""MultiPoint"",""coordinates"":[]}"
25079_0,0.45793983,"{""type"":""MultiPoint"",""coordinates"":[]}"
25081_0,0.01890808,"{""type"":""MultiPoint"",""coordinates"":[]}"
25082_0,0.07737002,"{""type"":""MultiPoint"",""coordinates"":[]}"
25086_0,0.08540255,"{""type"":""MultiPoint"",""coordinates"":[]}"
25087_0,0.055208884,"{""type"":""MultiPoint"",""coordinates"":[]}"
25089_0,0.09880389,"{""type"":""MultiPoint"",""coordinates"":[]}"
25091_0,0.24523595,"{""type"":""MultiPoint"",""coordinates"":[]}"
25094_0,0.9756715,"{""type"":""MultiPoint"",""coordinates"":[]}"
25095_0,0.097796425,"{""type"":""MultiPoint"",""coordinates"":[]}"
25097_0,0.07354527,"{""type"":""MultiPoint"",""coordinates"":[]}"
25102_0,0.07699686,"{""type"":""MultiPoint"",""coordinates"":[]}"
25106_0,0.084273025,"{""type"":""MultiPoint"",""coordinates"":[]}"
25107_0,0.023723168,"{""type"":""MultiPoint"",""coordinates"":[]}"
25108_0,0.6160909,"{""type"":""MultiPoint"",""coordinates"":[]}"
25112_0,0.095669016,"{""type"":""MultiPoint"",""coordinates"":[]}"
25114_0,0.13406035,"{""type"":""MultiPoint"",""coordinates"":[]}"
25115_0,0.35924155,"{""type"":""MultiPoint"",""coordinates"":[]}"
25117_0,0.09558582,"{""type"":""MultiPoint"",""coordinates"":[]}"
25119_0,0.10897514,"{""type"":""MultiPoint"",""coordinates"":[]}"
25120_0,0.08368953,"{""type"":""MultiPoint"",""coordinates"":[]}"
25121_0,0.6231613,"{""type"":""MultiPoint"",""coordinates"":[]}"
25122_0,0.23345903,"{""type"":""MultiPoint"",""coordinates"":[]}"
25124_0,0.0853373,"{""type"":""MultiPoint"",""coordinates"":[]}"
25125_0,0.08368953,"{""type"":""MultiPoint"",""coordinates"":[]}"
25127_0,0.10285099,"{""type"":""MultiPoint"",""coordinates"":[]}"
25128_0,0.47382164,"{""type"":""MultiPoint"",""coordinates"":[]}"
25135_0,0.14031753,"{""type"":""MultiPoint"",""coordinates"":[]}"
25144_0,0.11679439,"{""type"":""MultiPoint"",""coordinates"":[]}"
25145_0,0.11579308,"{""type"":""MultiPoint"",""coordinates"":[]}"
25147_0,0.12384092,"{""type"":""MultiPoint"",""coordinates"":[]}"
25148_0,0.09478758,"{""type"":""MultiPoint"",""coordinates"":[]}"
25150_0,0.46707267,"{""type"":""MultiPoint"",""coordinates"":[]}"
25151_0,0.02278664,"{""type"":""MultiPoint"",""coordinates"":[]}"
25153_0,0.020662699,"{""type"":""MultiPoint"",""coordinates"":[]}"
25156_0,0.29140612,"{""type"":""MultiPoint"",""coordinates"":[]}"
25161_0,0.43868947,"{""type"":""MultiPoint"",""coordinates"":[]}"
25166_0,0.62859094,"{""type"":""MultiPoint"",""coordinates"":[]}"
25167_0,0.015409597,"{""type"":""MultiPoint"",""coordinates"":[]}"
25168_0,0.021119766,"{""type"":""MultiPoint"",""coordinates"":[]}"
25172_0,0.0338957,"{""type"":""MultiPoint"",""coordinates"":[]}"
25174_0,0.18998411,"{""type"":""MultiPoint"",""coordinates"":[]}"
25177_0,0.0024157963,"{""type"":""MultiPoint"",""coordinates"":[]}"
25180_0,0.12666674,"{""type"":""MultiPoint"",""coordinates"":[]}"
25184_0,0.04051173,"{""type"":""MultiPoint"",""coordinates"":[]}"
25186_0,0.019925795,"{""type"":""MultiPoint"",""coordinates"":[]}"
25187_0,0.5942292,"{""type"":""MultiPoint"",""coordinates"":[]}"
25189_0,0.02112554,"{""type"":""MultiPoint"",""coordinates"":[]}"
25191_0,0.0039507416,"{""type"":""MultiPoint"",""coordinates"":[]}"
25192_0,0.18877323,"{""type"":""MultiPoint"",""coordinates"":[]}"
25193_0,0.48759544,"{""type"":""MultiPoint"",""coordinates"":[]}"
25194_0,0.17902705,"{""type"":""MultiPoint"",""coordinates"":[]}"
25198_0,0.00821104,"{""type"":""MultiPoint"",""coordinates"":[]}"
25205_0,0.187543,"{""type"":""MultiPoint"",""coordinates"":[]}"
25207_0,0.13750376,"{""type"":""MultiPoint"",""coordinates"":[]}"
25209_0,0.1892106,"{""type"":""MultiPoint"",""coordinates"":[]}"
25213_0,0.92817307,"{""type"":""MultiPoint"",""coordinates"":[]}"
25214_0,0.35081464,"{""type"":""MultiPoint"",""coordinates"":[]}"
25222_0,0.071133524,"{""type"":""MultiPoint"",""coordinates"":[]}"
25225_0,0.3392879,"{""type"":""MultiPoint"",""coordinates"":[]}"
25227_0,0.11579308,"{""type"":""MultiPoint"",""coordinates"":[]}"
25229_0,0.11924733,"{""type"":""MultiPoint"",""coordinates"":[]}"
25249_0,0.12085835,"{""type"":""MultiPoint"",""coordinates"":[]}"
25250_0,0.19359218,"{""type"":""MultiPoint"",""coordinates"":[]}"
25253_0,0.021384932,"{""type"":""MultiPoint"",""coordinates"":[]}"
25259_0,0.18456773,"{""type"":""MultiPoint"",""coordinates"":[]}"
25260_0,0.08160356,"{""type"":""MultiPoint"",""coordinates"":[]}"
25261_0,0.10285099,"{""type"":""MultiPoint"",""coordinates"":[]}"
25262_0,0.023328947,"{""type"":""MultiPoint"",""coordinates"":[]}"
25263_0,0.010467444,"{""type"":""MultiPoint"",""coordinates"":[]}"
25265_0,0.17502892,"{""type"":""MultiPoint"",""coordinates"":[]}"
25266_0,0.3875038,"{""type"":""MultiPoint"",""coordinates"":[]}"
25267_0,0.08636307,"{""type"":""MultiPoint"",""coordinates"":[]}"
25268_0,0.075081296,"{""type"":""MultiPoint"",""coordinates"":[]}"
25271_0,0.097796425,"{""type"":""MultiPoint"",""coordinates"":[]}"
25274_0,0.66778576,"{""type"":""MultiPoint"",""coordinates"":[]}"
25275_0,0.29846126,"{""type"":""MultiPoint"",""coordinates"":[]}"
25276_0,0.1364285,"{""type"":""MultiPoint"",""coordinates"":[]}"
25278_0,0.015090725,"{""type"":""MultiPoint"",""coordinates"":[]}"
25279_0,0.96945345,"{""type"":""MultiPoint"",""coordinates"":[]}"
25280_0,0.17270221,"{""type"":""MultiPoint"",""coordinates"":[]}"
25282_0,0.23077728,"{""type"":""MultiPoint"",""coordinates"":[]}"
25283_0,0.22941689,"{""type"":""MultiPoint"",""coordinates"":[]}"
25284_0,0.36659974,"{""type"":""MultiPoint"",""coordinates"":[]}"
25286_0,0.42613247,"{""type"":""MultiPoint"",""coordinates"":[]}"
25287_0,0.37796706,"{""type"":""MultiPoint"",""coordinates"":[]}"
25288_0,0.084594846,"{""type"":""MultiPoint"",""coordinates"":[]}"
25289_0,0.03296321,"{""type"":""MultiPoint"",""coordinates"":[]}"
25291_0,0.25737295,"{""type"":""MultiPoint"",""coordinates"":[]}"
25294_0,0.0956628,"{""type"":""MultiPoint"",""coordinates"":[]}"
25296_0,0.7107447,"{""type"":""MultiPoint"",""coordinates"":[]}"
25297_0,0.06212306,"{""type"":""MultiPoint"",""coordinates"":[]}"
25298_0,0.022384467,"{""type"":""MultiPoint"",""coordinates"":[]}"
25302_0,0.061435554,"{""type"":""MultiPoint"",""coordinates"":[]}"
25303_0,0.019036612,"{""type"":""MultiPoint"",""coordinates"":[]}"
25305_0,0.12171577,"{""type"":""MultiPoint"",""coordinates"":[]}"
25306_0,0.03387099,"{""type"":""MultiPoint"",""coordinates"":[]}"
25307_0,0.3544604,"{""type"":""MultiPoint"",""coordinates"":[]}"
25309_0,0.47945124,"{""type"":""MultiPoint"",""coordinates"":[]}"
25310_0,0.08170499,"{""type"":""MultiPoint"",""coordinates"":[]}"
25311_0,0.9969554,"{""type"":""MultiPoint"",""coordinates"":[]}"
25312_0,0.10727189,"{""type"":""MultiPoint"",""coordinates"":[]}"
25313_0,0.24355017,"{""type"":""MultiPoint"",""coordinates"":[]}"
25314_0,0.3675075,"{""type"":""MultiPoint"",""coordinates"":[]}"
25316_0,0.09750725,"{""type"":""MultiPoint"",""coordinates"":[]}"
25318_0,0.08802745,"{""type"":""MultiPoint"",""coordinates"":[]}"
25320_0,0.086008824,"{""type"":""MultiPoint"",""coordinates"":[]}"
25321_0,0.12263602,"{""type"":""MultiPoint"",""coordinates"":[]}"
25322_0,0.32951292,"{""type"":""MultiPoint"",""coordinates"":[]}"
25324_0,0.3675075,"{""type"":""MultiPoint"",""coordinates"":[]}"
25326_0,0.9774331,"{""type"":""MultiPoint"",""coordinates"":[]}"
25330_0,0.06285913,"{""type"":""MultiPoint"",""coordinates"":[]}"
25332_0,0.21434271,"{""type"":""MultiPoint"",""coordinates"":[]}"
25334_0,0.11707677,"{""type"":""MultiPoint"",""coordinates"":[]}"
25335_0,0.10059872,"{""type"":""MultiPoint"",""coordinates"":[]}"
25341_0,0.3875038,"{""type"":""MultiPoint"",""coordinates"":[]}"
25343_0,0.32878986,"{""type"":""MultiPoint"",""coordinates"":[]}"
25345_0,0.1687904,"{""type"":""MultiPoint"",""coordinates"":[]}"
25349_0,0.0810904,"{""type"":""MultiPoint"",""coordinates"":[]}"
25350_0,0.18016276,"{""type"":""MultiPoint"",""coordinates"":[]}"
25351_0,0.039285593,"{""type"":""MultiPoint"",""coordinates"":[]}"
25353_0,0.002078934,"{""type"":""MultiPoint"",""coordinates"":[]}"
25356_0,0.14020295,"{""type"":""MultiPoint"",""coordinates"":[]}"
25357_0,0.69481784,"{""type"":""MultiPoint"",""coordinates"":[]}"
25360_0,0.07615826,"{""type"":""MultiPoint"",""coordinates"":[]}"
25362_0,0.15116692,"{""type"":""MultiPoint"",""coordinates"":[]}"
25363_0,0.075929254,"{""type"":""MultiPoint"",""coordinates"":[]}"
25366_0,0.5509041,"{""type"":""MultiPoint"",""coordinates"":[]}"
25367_0,0.12065275,"{""type"":""MultiPoint"",""coordinates"":[]}"
25372_0,0.17328624,"{""type"":""MultiPoint"",""coordinates"":[]}"
25373_0,0.10285099,"{""type"":""MultiPoint"",""coordinates"":[]}"
25375_0,0.3470214,"{""type"":""MultiPoint"",""coordinates"":[]}"
25377_0,0.27465355,"{""type"":""MultiPoint"",""coordinates"":[]}"
25379_0,0.020072546,"{""type"":""MultiPoint"",""coordinates"":[]}"
25380_0,0.17502892,"{""type"":""MultiPoint"",""coordinates"":[]}"
25384_0,0.053750552,"{""type"":""MultiPoint"",""coordinates"":[]}"
25388_0,0.2955454,"{""type"":""MultiPoint"",""coordinates"":[]}"
25394_0,0.9628215,"{""type"":""MultiPoint"",""coordinates"":[]}"
25396_0,0.100524165,"{""type"":""MultiPoint"",""coordinates"":[]}"
25398_0,0.03052135,"{""type"":""MultiPoint"",""coordinates"":[]}"
25399_0,0.11975249,"{""type"":""MultiPoint"",""coordinates"":[]}"
25401_0,0.035140686,"{""type"":""MultiPoint"",""coordinates"":[]}"
25402_0,0.43402666,"{""type"":""MultiPoint"",""coordinates"":[]}"
25406_0,0.14754373,"{""type"":""MultiPoint"",""coordinates"":[]}"
25407_0,0.25383785,"{""type"":""MultiPoint"",""coordinates"":[]}"
25409_0,0.3392879,"{""type"":""MultiPoint"",""coordinates"":[]}"
25411_0,0.02278664,"{""type"":""MultiPoint"",""coordinates"":[]}"
25412_0,0.011475624,"{""type"":""MultiPoint"",""coordinates"":[]}"
25413_0,0.12658834,"{""type"":""MultiPoint"",""coordinates"":[]}"
25414_0,0.12961753,"{""type"":""MultiPoint"",""coordinates"":[]}"
25417_0,0.23297796,"{""type"":""MultiPoint"",""coordinates"":[]}"
25418_0,0.18998411,"{""type"":""MultiPoint"",""coordinates"":[]}"
25420_0,0.097796425,"{""type"":""MultiPoint"",""coordinates"":[]}"
25421_0,0.11213165,"{""type"":""MultiPoint"",""coordinates"":[]}"
25424_0,0.018889721,"{""type"":""MultiPoint"",""coordinates"":[]}"
25425_0,0.02998267,"{""type"":""MultiPoint"",""coordinates"":[]}"
25429_0,0.023205413,"{""type"":""MultiPoint"",""coordinates"":[]}"
25434_0,0.06594758,"{""type"":""MultiPoint"",""coordinates"":[]}"
25436_0,0.011621363,"{""type"":""MultiPoint"",""coordinates"":[]}"
25437_0,0.09478758,"{""type"":""MultiPoint"",""coordinates"":[]}"
25440_0,0.086008824,"{""type"":""MultiPoint"",""coordinates"":[]}"
25441_0,0.12202675,"{""type"":""MultiPoint"",""coordinates"":[]}"
25442_0,0.069211595,"{""type"":""MultiPoint"",""coordinates"":[]}"
25443_0,0.12123924,"{""type"":""MultiPoint"",""coordinates"":[]}"
25444_0,0.29140612,"{""type"":""MultiPoint"",""coordinates"":[]}"
25446_0,0.49203724,"{""type"":""MultiPoint"",""coordinates"":[]}"
25448_0,0.18624805,"{""type"":""MultiPoint"",""coordinates"":[]}"
25449_0,0.1164443,"{""type"":""MultiPoint"",""coordinates"":[]}"
25451_0,0.032278188,"{""type"":""MultiPoint"",""coordinates"":[]}"
25454_0,0.076491505,"{""type"":""MultiPoint"",""coordinates"":[]}"
25457_0,0.021119766,"{""type"":""MultiPoint"",""coordinates"":[]}"
25464_0,0.074595734,"{""type"":""MultiPoint"",""coordinates"":[]}"
25466_0,0.6579721,"{""type"":""MultiPoint"",""coordinates"":[]}"
25467_0,0.0023103207,"{""type"":""MultiPoint"",""coordinates"":[]}"
25469_0,0.14101142,"{""type"":""MultiPoint"",""coordinates"":[]}"
25471_0,0.06754969,"{""type"":""MultiPoint"",""coordinates"":[]}"
25473_0,0.078881666,"{""type"":""MultiPoint"",""coordinates"":[]}"
25476_0,0.115398176,"{""type"":""MultiPoint"",""coordinates"":[]}"
25480_0,0.053729355,"{""type"":""MultiPoint"",""coordinates"":[]}"
25481_0,0.14092804,"{""type"":""MultiPoint"",""coordinates"":[]}"
25483_0,0.06798965,"{""type"":""MultiPoint"",""coordinates"":[]}"
25490_0,0.075928405,"{""type"":""MultiPoint"",""coordinates"":[]}"
25495_0,0.022349652,"{""type"":""MultiPoint"",""coordinates"":[]}"
25496_0,0.12949207,"{""type"":""MultiPoint"",""coordinates"":[]}"
25497_0,0.0014660826,"{""type"":""MultiPoint"",""coordinates"":[]}"
25500_0,0.075081296,"{""type"":""MultiPoint"",""coordinates"":[]}"
25504_0,0.4802776,"{""type"":""MultiPoint"",""coordinates"":[]}"
25505_0,0.272329,"{""type"":""MultiPoint"",""coordinates"":[]}"
25507_0,0.24355017,"{""type"":""MultiPoint"",""coordinates"":[]}"
25508_0,0.12435241,"{""type"":""MultiPoint"",""coordinates"":[]}"
25509_0,0.017295185,"{""type"":""MultiPoint"",""coordinates"":[]}"
25510_0,0.34460866,"{""type"":""MultiPoint"",""coordinates"":[]}"
25514_0,0.7709468,"{""type"":""MultiPoint"",""coordinates"":[]}"
25515_0,0.14301676,"{""type"":""MultiPoint"",""coordinates"":[]}"
25517_0,0.15568691,"{""type"":""MultiPoint"",""coordinates"":[]}"
25518_0,0.021263884,"{""type"":""MultiPoint"",""coordinates"":[]}"
25525_0,0.22123322,"{""type"":""MultiPoint"",""coordinates"":[]}"
25526_0,0.0075709433,"{""type"":""MultiPoint"",""coordinates"":[]}"
25527_0,0.10285099,"{""type"":""MultiPoint"",""coordinates"":[]}"
25528_0,0.09460962,"{""type"":""MultiPoint"",""coordinates"":[]}"
25529_0,0.097796425,"{""type"":""MultiPoint"",""coordinates"":[]}"
25530_0,0.078947805,"{""type"":""MultiPoint"",""coordinates"":[]}"
25533_0,0.100524165,"{""type"":""MultiPoint"",""coordinates"":[]}"
25536_0,0.2382989,"{""type"":""MultiPoint"",""coordinates"":[]}"
25539_0,0.0038618403,"{""type"":""MultiPoint"",""coordinates"":[]}"
25540_0,0.14462978,"{""type"":""MultiPoint"",""coordinates"":[]}"
25541_0,0.052881654,"{""type"":""MultiPoint"",""coordinates"":[]}"
25547_0,0.11116105,"{""type"":""MultiPoint"",""coordinates"":[]}"
25549_0,0.024329606,"{""type"":""MultiPoint"",""coordinates"":[]}"
25551_0,0.023014698,"{""type"":""MultiPoint"",""coordinates"":[]}"
25552_0,0.6062268,"{""type"":""MultiPoint"",""coordinates"":[]}"
25553_0,0.18456773,"{""type"":""MultiPoint"",""coordinates"":[]}"
25556_0,0.24355017,"{""type"":""MultiPoint"",""coordinates"":[]}"
25558_0,0.0025054368,"{""type"":""MultiPoint"",""coordinates"":[]}"
25563_0,0.10046318,"{""type"":""MultiPoint"",""coordinates"":[]}"
25564_0,0.31565413,"{""type"":""MultiPoint"",""coordinates"":[]}"
25565_0,0.0039507053,"{""type"":""MultiPoint"",""coordinates"":[]}"
25578_0,0.94533575,"{""type"":""MultiPoint"",""coordinates"":[]}"
25579_0,0.011621363,"{""type"":""MultiPoint"",""coordinates"":[]}"
25582_0,0.2786403,"{""type"":""MultiPoint"",""coordinates"":[]}"
25583_0,0.384725,"{""type"":""MultiPoint"",""coordinates"":[]}"
25584_0,0.38096055,"{""type"":""MultiPoint"",""coordinates"":[]}"
25587_0,0.075928405,"{""type"":""MultiPoint"",""coordinates"":[]}"
25588_0,0.3544604,"{""type"":""MultiPoint"",""coordinates"":[]}"
25589_0,0.15022765,"{""type"":""MultiPoint"",""coordinates"":[]}"
25590_0,0.29846126,"{""type"":""MultiPoint"",""coordinates"":[]}"
25592_0,0.12563357,"{""type"":""MultiPoint"",""coordinates"":[]}"
25593_0,0.84374654,"{""type"":""MultiPoint"",""coordinates"":[]}"
25594_0,0.9826156,"{""type"":""MultiPoint"",""coordinates"":[]}"
25597_0,0.082366966,"{""type"":""MultiPoint"",""coordinates"":[]}"
25600_0,0.26922488,"{""type"":""MultiPoint"",""coordinates"":[]}"
25601_0,0.09880389,"{""type"":""MultiPoint"",""coordinates"":[]}"
25606_0,0.2769399,"{""type"":""MultiPoint"",""coordinates"":[]}"
25607_0,0.025131179,"{""type"":""MultiPoint"",""coordinates"":[]}"
25610_0,0.0039507416,"{""type"":""MultiPoint"",""coordinates"":[]}"
25611_0,0.19012749,"{""type"":""MultiPoint"",""coordinates"":[]}"
25614_0,0.34812,"{""type"":""MultiPoint"",""coordinates"":[]}"
25620_0,0.08261395,"{""type"":""MultiPoint"",""coordinates"":[]}"
25621_0,0.061832182,"{""type"":""MultiPoint"",""coordinates"":[]}"
25625_0,0.47442412,"{""type"":""MultiPoint"",""coordinates"":[]}"
25630_0,0.46707267,"{""type"":""MultiPoint"",""coordinates"":[]}"
25633_0,0.9919505,"{""type"":""MultiPoint"",""coordinates"":[]}"
25636_0,0.061727308,"{""type"":""MultiPoint"",""coordinates"":[]}"
25639_0,0.019965336,"{""type"":""MultiPoint"",""coordinates"":[]}"
25640_0,0.12646525,"{""type"":""MultiPoint"",""coordinates"":[]}"
25641_0,0.09460962,"{""type"":""MultiPoint"",""coordinates"":[]}"
25643_0,0.37835065,"{""type"":""MultiPoint"",""coordinates"":[]}"
25644_0,0.017389607,"{""type"":""MultiPoint"",""coordinates"":[]}"
25645_0,0.11924733,"{""type"":""MultiPoint"",""coordinates"":[]}"
25646_0,0.446766,"{""type"":""MultiPoint"",""coordinates"":[]}"
25648_0,0.0024879237,"{""type"":""MultiPoint"",""coordinates"":[]}"
25654_0,0.35924155,"{""type"":""MultiPoint"",""coordinates"":[]}"
25659_0,0.19388588,"{""type"":""MultiPoint"",""coordinates"":[]}"
25660_0,0.3361892,"{""type"":""MultiPoint"",""coordinates"":[]}"
25665_0,0.13669321,"{""type"":""MultiPoint"",""coordinates"":[]}"
25666_0,0.0139602395,"{""type"":""MultiPoint"",""coordinates"":[]}"
25668_0,0.17986578,"{""type"":""MultiPoint"",""coordinates"":[]}"
25669_0,0.017961452,"{""type"":""MultiPoint"",""coordinates"":[]}"
25670_0,0.11653742,"{""type"":""MultiPoint"",""coordinates"":[]}"
25677_0,0.1093405,"{""type"":""MultiPoint"",""coordinates"":[]}"
25689_0,0.079505414,"{""type"":""MultiPoint"",""coordinates"":[]}"
25692_0,0.07669952,"{""type"":""MultiPoint"",""coordinates"":[]}"
25697_0,0.09343831,"{""type"":""MultiPoint"",""coordinates"":[]}"
25698_0,0.06258107,"{""type"":""MultiPoint"",""coordinates"":[]}"
25702_0,0.18456773,"{""type"":""MultiPoint"",""coordinates"":[]}"
25704_0,0.07234602,"{""type"":""MultiPoint"",""coordinates"":[]}"
25707_0,0.9449744,"{""type"":""MultiPoint"",""coordinates"":[]}"
25708_0,0.11457911,"{""type"":""MultiPoint"",""coordinates"":[]}"
25709_0,0.028740555,"{""type"":""MultiPoint"",""coordinates"":[]}"
25711_0,0.062192984,"{""type"":""MultiPoint"",""coordinates"":[]}"
25714_0,0.19359218,"{""type"":""MultiPoint"",""coordinates"":[]}"
25716_0,0.13212205,"{""type"":""MultiPoint"",""coordinates"":[]}"
25717_0,0.062192984,"{""type"":""MultiPoint"",""coordinates"":[]}"
25718_0,0.25192103,"{""type"":""MultiPoint"",""coordinates"":[]}"
25719_0,0.35924155,"{""type"":""MultiPoint"",""coordinates"":[]}"
25720_0,0.2784633,"{""type"":""MultiPoint"",""coordinates"":[]}"
25721_0,0.08321394,"{""type"":""MultiPoint"",""coordinates"":[]}"
25726_0,0.9251598,"{""type"":""MultiPoint"",""coordinates"":[]}"
25731_0,0.1093405,"{""type"":""MultiPoint"",""coordinates"":[]}"
25733_0,0.04254737,"{""type"":""MultiPoint"",""coordinates"":[]}"
25734_0,0.19359218,"{""type"":""MultiPoint"",""coordinates"":[]}"
25737_0,0.48142126,"{""type"":""MultiPoint"",""coordinates"":[]}"
25742_0,0.15916133,"{""type"":""MultiPoint"",""coordinates"":[]}"
25743_0,0.103687,"{""type"":""MultiPoint"",""coordinates"":[]}"
25747_0,0.3875038,"{""type"":""MultiPoint"",""coordinates"":[]}"
25748_0,0.42613247,"{""type"":""MultiPoint"",""coordinates"":[]}"
25750_0,0.003433937,"{""type"":""MultiPoint"",""coordinates"":[]}"
25751_0,0.14301676,"{""type"":""MultiPoint"",""coordinates"":[]}"
25753_0,0.01569803,"{""type"":""MultiPoint"",""coordinates"":[]}"
25754_0,0.061590344,"{""type"":""MultiPoint"",""coordinates"":[]}"
25757_0,0.17204231,"{""type"":""MultiPoint"",""coordinates"":[]}"
25758_0,0.1273677,"{""type"":""MultiPoint"",""coordinates"":[]}"
25763_0,0.3544604,"{""type"":""MultiPoint"",""coordinates"":[]}"
25768_0,0.012327017,"{""type"":""MultiPoint"",""coordinates"":[]}"
25771_0,0.061727308,"{""type"":""MultiPoint"",""coordinates"":[]}"
25774_0,0.075928405,"{""type"":""MultiPoint"",""coordinates"":[]}"
25784_0,0.1257022,"{""type"":""MultiPoint"",""coordinates"":[]}"
25785_0,0.7736855,"{""type"":""MultiPoint"",""coordinates"":[]}"
25787_0,0.0965265,"{""type"":""MultiPoint"",""coordinates"":[]}"
25788_0,0.09004597,"{""type"":""MultiPoint"",""coordinates"":[]}"
25790_0,0.37835065,"{""type"":""MultiPoint"",""coordinates"":[]}"
25791_0,0.6160909,"{""type"":""MultiPoint"",""coordinates"":[]}"
25792_0,0.15115578,"{""type"":""MultiPoint"",""coordinates"":[]}"
25793_0,0.45163527,"{""type"":""MultiPoint"",""coordinates"":[]}"
25796_0,0.11116105,"{""type"":""MultiPoint"",""coordinates"":[]}"
25798_0,0.0139602395,"{""type"":""MultiPoint"",""coordinates"":[]}"
25799_0,0.100524165,"{""type"":""MultiPoint"",""coordinates"":[]}"
25800_0,0.088205114,"{""type"":""MultiPoint"",""coordinates"":[]}"
25801_0,0.06212306,"{""type"":""MultiPoint"",""coordinates"":[]}"
25802_0,0.97914904,"{""type"":""MultiPoint"",""coordinates"":[]}"
25805_0,0.18456773,"{""type"":""MultiPoint"",""coordinates"":[]}"
25807_0,0.0867102,"{""type"":""MultiPoint"",""coordinates"":[]}"
25810_0,0.17902705,"{""type"":""MultiPoint"",""coordinates"":[]}"
25813_0,0.18877323,"{""type"":""MultiPoint"",""coordinates"":[]}"
25815_0,0.21311727,"{""type"":""MultiPoint"",""coordinates"":[]}"
25817_0,0.021263884,"{""type"":""MultiPoint"",""coordinates"":[]}"
25821_0,1.9634783E-5,"{""type"":""MultiPoint"",""coordinates"":[]}"
25826_0,0.06006523,"{""type"":""MultiPoint"",""coordinates"":[]}"
25829_0,0.020281399,"{""type"":""MultiPoint"",""coordinates"":[]}"
25830_0,0.08368953,"{""type"":""MultiPoint"",""coordinates"":[]}"
25834_0,0.12462965,"{""type"":""MultiPoint"",""coordinates"":[]}"
25837_0,0.019928774,"{""type"":""MultiPoint"",""coordinates"":[]}"
25840_0,0.55376196,"{""type"":""MultiPoint"",""coordinates"":[]}"
25842_0,0.20262726,"{""type"":""MultiPoint"",""coordinates"":[]}"
25844_0,0.14159451,"{""type"":""MultiPoint"",""coordinates"":[]}"
25846_0,0.03296321,"{""type"":""MultiPoint"",""coordinates"":[]}"
25848_0,0.13243066,"{""type"":""MultiPoint"",""coordinates"":[]}"
25849_0,0.016550824,"{""type"":""MultiPoint"",""coordinates"":[]}"
25852_0,0.087839425,"{""type"":""MultiPoint"",""coordinates"":[]}"
25856_0,0.29140612,"{""type"":""MultiPoint"",""coordinates"":[]}"
25864_0,0.23749124,"{""type"":""MultiPoint"",""coordinates"":[]}"
25866_0,0.0850703,"{""type"":""MultiPoint"",""coordinates"":[]}"
25868_0,0.29140612,"{""type"":""MultiPoint"",""coordinates"":[]}"
25869_0,0.13127942,"{""type"":""MultiPoint"",""coordinates"":[]}"
25870_0,0.08960526,"{""type"":""MultiPoint"",""coordinates"":[]}"
25871_0,0.384725,"{""type"":""MultiPoint"",""coordinates"":[]}"
25872_0,0.115032494,"{""type"":""MultiPoint"",""coordinates"":[]}"
25873_0,0.105786815,"{""type"":""MultiPoint"",""coordinates"":[]}"
25876_0,0.050459374,"{""type"":""MultiPoint"",""coordinates"":[]}"
25878_0,0.107677706,"{""type"":""MultiPoint"",""coordinates"":[]}"
25880_0,0.070046775,"{""type"":""MultiPoint"",""coordinates"":[]}"
25885_0,0.53750724,"{""type"":""MultiPoint"",""coordinates"":[]}"
25890_0,0.15916133,"{""type"":""MultiPoint"",""coordinates"":[]}"
25893_0,0.16099924,"{""type"":""MultiPoint"",""coordinates"":[]}"
25894_0,0.11855285,"{""type"":""MultiPoint"",""coordinates"":[]}"
25899_0,0.17502892,"{""type"":""MultiPoint"",""coordinates"":[]}"
25900_0,0.100524165,"{""type"":""MultiPoint"",""coordinates"":[]}"
25905_0,0.021119766,"{""type"":""MultiPoint"",""coordinates"":[]}"
25909_0,0.9737312,"{""type"":""MultiPoint"",""coordinates"":[]}"
25910_0,0.06006523,"{""type"":""MultiPoint"",""coordinates"":[]}"
25911_0,0.08381586,"{""type"":""MultiPoint"",""coordinates"":[]}"
25913_0,0.17859034,"{""type"":""MultiPoint"",""coordinates"":[]}"
25920_0,0.0522304,"{""type"":""MultiPoint"",""coordinates"":[]}"
25921_0,0.0024798817,"{""type"":""MultiPoint"",""coordinates"":[]}"
25922_0,0.050645348,"{""type"":""MultiPoint"",""coordinates"":[]}"
25925_0,0.37729144,"{""type"":""MultiPoint"",""coordinates"":[]}"
25932_0,0.02278664,"{""type"":""MultiPoint"",""coordinates"":[]}"
25934_0,0.18456773,"{""type"":""MultiPoint"",""coordinates"":[]}"
25935_0,0.026121335,"{""type"":""MultiPoint"",""coordinates"":[]}"
25938_0,0.010215646,"{""type"":""MultiPoint"",""coordinates"":[]}"
25939_0,0.9984116,"{""type"":""MultiPoint"",""coordinates"":[]}"
25940_0,0.06212306,"{""type"":""MultiPoint"",""coordinates"":[]}"
25942_0,0.23077728,"{""type"":""MultiPoint"",""coordinates"":[]}"
25946_0,0.09046068,"{""type"":""MultiPoint"",""coordinates"":[]}"
25947_0,0.062192984,"{""type"":""MultiPoint"",""coordinates"":[]}"
25948_0,0.28666985,"{""type"":""MultiPoint"",""coordinates"":[]}"
25951_0,0.28666985,"{""type"":""MultiPoint"",""coordinates"":[]}"
25954_0,0.004946431,"{""type"":""MultiPoint"",""coordinates"":[]}"
25957_0,0.0725238,"{""type"":""MultiPoint"",""coordinates"":[]}"
25959_0,0.30083594,"{""type"":""MultiPoint"",""coordinates"":[]}"
25962_0,0.11185759,"{""type"":""MultiPoint"",""coordinates"":[]}"
25966_0,0.6160909,"{""type"":""MultiPoint"",""coordinates"":[]}"
25969_0,0.14101142,"{""type"":""MultiPoint"",""coordinates"":[]}"
25973_0,0.11304259,"{""type"":""MultiPoint"",""coordinates"":[]}"
25974_0,0.10285099,"{""type"":""MultiPoint"",""coordinates"":[]}"
25975_0,0.18456773,"{""type"":""MultiPoint"",""coordinates"":[]}"
25976_0,0.4802776,"{""type"":""MultiPoint"",""coordinates"":[]}"
25977_0,0.3023574,"{""type"":""MultiPoint"",""coordinates"":[]}"
25978_0,0.0030326268,"{""type"":""MultiPoint"",""coordinates"":[]}"
25980_0,0.14462978,"{""type"":""MultiPoint"",""coordinates"":[]}"
25981_0,0.19596195,"{""type"":""MultiPoint"",""coordinates"":[]}"
25986_0,0.11130343,"{""type"":""MultiPoint"",""coordinates"":[]}"
25990_0,0.3544604,"{""type"":""MultiPoint"",""coordinates"":[]}"
25996_0,0.17502892,"{""type"":""MultiPoint"",""coordinates"":[]}"
25997_0,0.29367673,"{""type"":""MultiPoint"",""coordinates"":[]}"
26004_0,0.23416746,"{""type"":""MultiPoint"",""coordinates"":[]}"
26011_0,0.06765379,"{""type"":""MultiPoint"",""coordinates"":[]}"
26012_0,0.78596663,"{""type"":""MultiPoint"",""coordinates"":[]}"
26014_0,0.2889387,"{""type"":""MultiPoint"",""coordinates"":[]}"
26017_0,0.12563848,"{""type"":""MultiPoint"",""coordinates"":[]}"
26018_0,0.073926896,"{""type"":""MultiPoint"",""coordinates"":[]}"
26019_0,0.32978922,"{""type"":""MultiPoint"",""coordinates"":[]}"
26020_0,0.023014698,"{""type"":""MultiPoint"",""coordinates"":[]}"
26024_0,0.61749727,"{""type"":""MultiPoint"",""coordinates"":[]}"
26026_0,0.060817193,"{""type"":""MultiPoint"",""coordinates"":[]}"
26028_0,0.004705692,"{""type"":""MultiPoint"",""coordinates"":[]}"
26029_0,0.0025054368,"{""type"":""MultiPoint"",""coordinates"":[]}"
26039_0,0.109026015,"{""type"":""MultiPoint"",""coordinates"":[]}"
26043_0,0.9982206,"{""type"":""MultiPoint"",""coordinates"":[]}"
26049_0,0.23223382,"{""type"":""MultiPoint"",""coordinates"":[]}"
26053_0,0.09343831,"{""type"":""MultiPoint"",""coordinates"":[]}"
26056_0,0.16548254,"{""type"":""MultiPoint"",""coordinates"":[]}"
26059_0,0.22173272,"{""type"":""MultiPoint"",""coordinates"":[]}"
26060_0,0.19755152,"{""type"":""MultiPoint"",""coordinates"":[]}"
26061_0,0.12563357,"{""type"":""MultiPoint"",""coordinates"":[]}"
26063_0,0.37771595,"{""type"":""MultiPoint"",""coordinates"":[]}"
26065_0,0.020455196,"{""type"":""MultiPoint"",""coordinates"":[]}"
26066_0,0.105786815,"{""type"":""MultiPoint"",""coordinates"":[]}"
26067_0,0.11707677,"{""type"":""MultiPoint"",""coordinates"":[]}"
26068_0,0.1164443,"{""type"":""MultiPoint"",""coordinates"":[]}"
26071_0,0.2145869,"{""type"":""MultiPoint"",""coordinates"":[]}"
26078_0,0.20752937,"{""type"":""MultiPoint"",""coordinates"":[]}"
26080_0,0.06594758,"{""type"":""MultiPoint"",""coordinates"":[]}"
26085_0,0.18877323,"{""type"":""MultiPoint"",""coordinates"":[]}"
26091_0,0.28452653,"{""type"":""MultiPoint"",""coordinates"":[]}"
26092_0,0.0767264,"{""type"":""MultiPoint"",""coordinates"":[]}"
26093_0,0.06687539,"{""type"":""MultiPoint"",""coordinates"":[]}"
26095_0,0.075928405,"{""type"":""MultiPoint"",""coordinates"":[]}"
26098_0,0.2438577,"{""type"":""MultiPoint"",""coordinates"":[]}"
26099_0,0.5322978,"{""type"":""MultiPoint"",""coordinates"":[]}"
26100_0,0.018239975,"{""type"":""MultiPoint"",""coordinates"":[]}"
26105_0,0.32878986,"{""type"":""MultiPoint"",""coordinates"":[]}"
26110_0,0.060817193,"{""type"":""MultiPoint"",""coordinates"":[]}"
26111_0,0.95381945,"{""type"":""MultiPoint"",""coordinates"":[]}"
26112_0,0.3287856,"{""type"":""MultiPoint"",""coordinates"":[]}"
26119_0,0.090327226,"{""type"":""MultiPoint"",""coordinates"":[]}"
26120_0,0.0867102,"{""type"":""MultiPoint"",""coordinates"":[]}"
26121_0,0.2382989,"{""type"":""MultiPoint"",""coordinates"":[]}"
26123_0,0.36119714,"{""type"":""MultiPoint"",""coordinates"":[]}"
26124_0,0.48759544,"{""type"":""MultiPoint"",""coordinates"":[]}"
26125_0,0.31478167,"{""type"":""MultiPoint"",""coordinates"":[]}"
26129_0,0.0047376486,"{""type"":""MultiPoint"",""coordinates"":[]}"
26133_0,0.12563357,"{""type"":""MultiPoint"",""coordinates"":[]}"
26136_0,0.6201404,"{""type"":""MultiPoint"",""coordinates"":[]}"
26138_0,0.100524165,"{""type"":""MultiPoint"",""coordinates"":[]}"
26139_0,0.09554416,"{""type"":""MultiPoint"",""coordinates"":[]}"
26140_0,0.3875038,"{""type"":""MultiPoint"",""coordinates"":[]}"
26144_0,0.070046775,"{""type"":""MultiPoint"",""coordinates"":[]}"
26146_0,0.3392879,"{""type"":""MultiPoint"",""coordinates"":[]}"
26154_0,0.03883869,"{""type"":""MultiPoint"",""coordinates"":[]}"
26157_0,0.17502892,"{""type"":""MultiPoint"",""coordinates"":[]}"
26163_0,0.29367673,"{""type"":""MultiPoint"",""coordinates"":[]}"
26164_0,0.037192237,"{""type"":""MultiPoint"",""coordinates"":[]}"
26165_0,0.15039869,"{""type"":""MultiPoint"",""coordinates"":[]}"
26166_0,0.1148604,"{""type"":""MultiPoint"",""coordinates"":[]}"
26170_0,0.22793429,"{""type"":""MultiPoint"",""coordinates"":[]}"
26171_0,0.07513506,"{""type"":""MultiPoint"",""coordinates"":[]}"
26175_0,0.25712207,"{""type"":""MultiPoint"",""coordinates"":[]}"
26176_0,0.19496663,"{""type"":""MultiPoint"",""coordinates"":[]}"
26180_0,0.10059872,"{""type"":""MultiPoint"",""coordinates"":[]}"
26181_0,0.14076726,"{""type"":""MultiPoint"",""coordinates"":[]}"
26182_0,0.11229959,"{""type"":""MultiPoint"",""coordinates"":[]}"
26185_0,0.03046439,"{""type"":""MultiPoint"",""coordinates"":[]}"
26186_0,0.10227254,"{""type"":""MultiPoint"",""coordinates"":[]}"
26198_0,0.07398802,"{""type"":""MultiPoint"",""coordinates"":[]}"
26199_0,0.0787607,"{""type"":""MultiPoint"",""coordinates"":[]}"
26201_0,0.14729375,"{""type"":""MultiPoint"",""coordinates"":[]}"
26202_0,0.42129546,"{""type"":""MultiPoint"",""coordinates"":[]}"
26204_0,0.021088053,"{""type"":""MultiPoint"",""coordinates"":[]}"
26207_0,0.021088053,"{""type"":""MultiPoint"",""coordinates"":[]}"
26209_0,0.38057765,"{""type"":""MultiPoint"",""coordinates"":[]}"
26210_0,0.09034921,"{""type"":""MultiPoint"",""coordinates"":[]}"
26211_0,0.10695041,"{""type"":""MultiPoint"",""coordinates"":[]}"
26212_0,0.091729164,"{""type"":""MultiPoint"",""coordinates"":[]}"
26213_0,0.14032865,"{""type"":""MultiPoint"",""coordinates"":[]}"
26214_0,0.2281989,"{""type"":""MultiPoint"",""coordinates"":[]}"
26215_0,0.32872394,"{""type"":""MultiPoint"",""coordinates"":[]}"
26216_0,0.7430663,"{""type"":""MultiPoint"",""coordinates"":[]}"
26217_0,0.34347838,"{""type"":""MultiPoint"",""coordinates"":[]}"
26218_0,0.41161308,"{""type"":""MultiPoint"",""coordinates"":[]}"
26221_0,0.9984116,"{""type"":""MultiPoint"",""coordinates"":[]}"
26222_0,0.0767264,"{""type"":""MultiPoint"",""coordinates"":[]}"
26223_0,0.075443365,"{""type"":""MultiPoint"",""coordinates"":[]}"
26225_0,0.06635111,"{""type"":""MultiPoint"",""coordinates"":[]}"
26226_0,0.023205413,"{""type"":""MultiPoint"",""coordinates"":[]}"
26227_0,0.075081296,"{""type"":""MultiPoint"",""coordinates"":[]}"
26231_0,0.0867102,"{""type"":""MultiPoint"",""coordinates"":[]}"
26237_0,0.99731183,"{""type"":""MultiPoint"",""coordinates"":[]}"
26240_0,0.47442412,"{""type"":""MultiPoint"",""coordinates"":[]}"
26241_0,0.07513506,"{""type"":""MultiPoint"",""coordinates"":[]}"
26244_0,0.021263884,"{""type"":""MultiPoint"",""coordinates"":[]}"
26245_0,0.011475624,"{""type"":""MultiPoint"",""coordinates"":[]}"
26246_0,0.18456773,"{""type"":""MultiPoint"",""coordinates"":[]}"
26250_0,0.07870284,"{""type"":""MultiPoint"",""coordinates"":[]}"
26252_0,0.3470214,"{""type"":""MultiPoint"",""coordinates"":[]}"
26254_0,0.035375528,"{""type"":""MultiPoint"",""coordinates"":[]}"
26257_0,0.06037842,"{""type"":""MultiPoint"",""coordinates"":[]}"
26258_0,0.0922049,"{""type"":""MultiPoint"",""coordinates"":[]}"
26261_0,0.18456773,"{""type"":""MultiPoint"",""coordinates"":[]}"
26262_0,0.9927683,"{""type"":""MultiPoint"",""coordinates"":[]}"
26264_0,0.3087733,"{""type"":""MultiPoint"",""coordinates"":[]}"
26265_0,0.0773526,"{""type"":""MultiPoint"",""coordinates"":[]}"
26269_0,0.366994,"{""type"":""MultiPoint"",""coordinates"":[]}"
26271_0,0.042788167,"{""type"":""MultiPoint"",""coordinates"":[]}"
26273_0,0.062192984,"{""type"":""MultiPoint"",""coordinates"":[]}"
26274_0,0.099859014,"{""type"":""MultiPoint"",""coordinates"":[]}"
26275_0,0.07518074,"{""type"":""MultiPoint"",""coordinates"":[]}"
26280_0,0.22771835,"{""type"":""MultiPoint"",""coordinates"":[]}"
26282_0,0.105786815,"{""type"":""MultiPoint"",""coordinates"":[]}"
26283_0,0.099124804,"{""type"":""MultiPoint"",""coordinates"":[]}"
26287_0,0.3875038,"{""type"":""MultiPoint"",""coordinates"":[]}"
26288_0,0.18456773,"{""type"":""MultiPoint"",""coordinates"":[]}"
26290_0,0.09460962,"{""type"":""MultiPoint"",""coordinates"":[]}"
26291_0,0.12646525,"{""type"":""MultiPoint"",""coordinates"":[]}"
26292_0,0.11084138,"{""type"":""MultiPoint"",""coordinates"":[]}"
26297_0,0.21113235,"{""type"":""MultiPoint"",""coordinates"":[]}"
26299_0,0.9984116,"{""type"":""MultiPoint"",""coordinates"":[]}"
26303_0,0.02245481,"{""type"":""MultiPoint"",""coordinates"":[]}"
26305_0,0.100524165,"{""type"":""MultiPoint"",""coordinates"":[]}"
26308_0,0.9933653,"{""type"":""MultiPoint"",""coordinates"":[]}"
26310_0,0.022699494,"{""type"":""MultiPoint"",""coordinates"":[]}"
26316_0,0.3222038,"{""type"":""MultiPoint"",""coordinates"":[]}"
26317_0,0.34126505,"{""type"":""MultiPoint"",""coordinates"":[]}"
26318_0,0.08179126,"{""type"":""MultiPoint"",""coordinates"":[]}"
26320_0,0.47973806,"{""type"":""MultiPoint"",""coordinates"":[]}"
26321_0,0.35081464,"{""type"":""MultiPoint"",""coordinates"":[]}"
26323_0,0.18456773,"{""type"":""MultiPoint"",""coordinates"":[]}"
26324_0,0.021119766,"{""type"":""MultiPoint"",""coordinates"":[]}"
26330_0,0.021088053,"{""type"":""MultiPoint"",""coordinates"":[]}"
26332_0,0.18993649,"{""type"":""MultiPoint"",""coordinates"":[]}"
26334_0,0.26186296,"{""type"":""MultiPoint"",""coordinates"":[]}"
26339_0,0.10952454,"{""type"":""MultiPoint"",""coordinates"":[]}"
26340_0,0.23843497,"{""type"":""MultiPoint"",""coordinates"":[]}"
26343_0,0.103687,"{""type"":""MultiPoint"",""coordinates"":[]}"
26348_0,0.61314404,"{""type"":""MultiPoint"",""coordinates"":[]}"
26351_0,0.11629032,"{""type"":""MultiPoint"",""coordinates"":[]}"
26352_0,0.7736855,"{""type"":""MultiPoint"",""coordinates"":[]}"
26353_0,0.074546695,"{""type"":""MultiPoint"",""coordinates"":[]}"
26360_0,0.11084138,"{""type"":""MultiPoint"",""coordinates"":[]}"
26361_0,0.10285099,"{""type"":""MultiPoint"",""coordinates"":[]}"
26362_0,0.096675165,"{""type"":""MultiPoint"",""coordinates"":[]}"
26363_0,0.21194719,"{""type"":""MultiPoint"",""coordinates"":[]}"
26364_0,0.12563357,"{""type"":""MultiPoint"",""coordinates"":[]}"
26365_0,0.5069104,"{""type"":""MultiPoint"",""coordinates"":[]}"
26370_0,0.0787607,"{""type"":""MultiPoint"",""coordinates"":[]}"
26372_0,0.07082936,"{""type"":""MultiPoint"",""coordinates"":[]}"
26375_0,0.1701138,"{""type"":""MultiPoint"",""coordinates"":[]}"
26376_0,0.059212394,"{""type"":""MultiPoint"",""coordinates"":[]}"
26377_0,0.07642482,"{""type"":""MultiPoint"",""coordinates"":[]}"
26378_0,0.11304259,"{""type"":""MultiPoint"",""coordinates"":[]}"
26382_0,0.47973806,"{""type"":""MultiPoint"",""coordinates"":[]}"
26385_0,0.021263884,"{""type"":""MultiPoint"",""coordinates"":[]}"
26390_0,0.08179126,"{""type"":""MultiPoint"",""coordinates"":[]}"
26396_0,0.17502892,"{""type"":""MultiPoint"",""coordinates"":[]}"
26400_0,0.18456773,"{""type"":""MultiPoint"",""coordinates"":[]}"
26403_0,0.12711374,"{""type"":""MultiPoint"",""coordinates"":[]}"
26405_0,0.6231818,"{""type"":""MultiPoint"",""coordinates"":[]}"
26406_0,0.104987,"{""type"":""MultiPoint"",""coordinates"":[]}"
26416_0,0.105786815,"{""type"":""MultiPoint"",""coordinates"":[]}"
26417_0,0.07870284,"{""type"":""MultiPoint"",""coordinates"":[]}"
26418_0,0.037330184,"{""type"":""MultiPoint"",""coordinates"":[]}"
26419_0,0.10285099,"{""type"":""MultiPoint"",""coordinates"":[]}"
26420_0,0.11975249,"{""type"":""MultiPoint"",""coordinates"":[]}"
26422_0,0.42129546,"{""type"":""MultiPoint"",""coordinates"":[]}"
26424_0,0.11112893,"{""type"":""MultiPoint"",""coordinates"":[]}"
26430_0,0.03781925,"{""type"":""MultiPoint"",""coordinates"":[]}"
26432_0,0.061727308,"{""type"":""MultiPoint"",""coordinates"":[]}"
26436_0,0.18456773,"{""type"":""MultiPoint"",""coordinates"":[]}"
26437_0,0.3875038,"{""type"":""MultiPoint"",""coordinates"":[]}"
26438_0,0.10046318,"{""type"":""MultiPoint"",""coordinates"":[]}"
26440_0,0.3675075,"{""type"":""MultiPoint"",""coordinates"":[]}"
26443_0,0.02073208,"{""type"":""MultiPoint"",""coordinates"":[]}"
26447_0,0.1356467,"{""type"":""MultiPoint"",""coordinates"":[]}"
26448_0,0.9984116,"{""type"":""MultiPoint"",""coordinates"":[]}"
26449_0,0.037192237,"{""type"":""MultiPoint"",""coordinates"":[]}"
26452_0,0.007441804,"{""type"":""MultiPoint"",""coordinates"":[]}"
26453_0,0.079990454,"{""type"":""MultiPoint"",""coordinates"":[]}"
26454_0,0.28095347,"{""type"":""MultiPoint"",""coordinates"":[]}"
26456_0,0.0039507416,"{""type"":""MultiPoint"",""coordinates"":[]}"
26457_0,0.3392879,"{""type"":""MultiPoint"",""coordinates"":[]}"
26459_0,0.117860146,"{""type"":""MultiPoint"",""coordinates"":[]}"
26463_0,0.0025054368,"{""type"":""MultiPoint"",""coordinates"":[]}"
26465_0,0.12669058,"{""type"":""MultiPoint"",""coordinates"":[]}"
26466_0,0.13127942,"{""type"":""MultiPoint"",""coordinates"":[]}"
26467_0,0.105786815,"{""type"":""MultiPoint"",""coordinates"":[]}"
26468_0,0.24177404,"{""type"":""MultiPoint"",""coordinates"":[]}"
26469_0,0.84374654,"{""type"":""MultiPoint"",""coordinates"":[]}"
26473_0,0.07642482,"{""type"":""MultiPoint"",""coordinates"":[]}"
26477_0,0.075928405,"{""type"":""MultiPoint"",""coordinates"":[]}"
26480_0,0.3544604,"{""type"":""MultiPoint"",""coordinates"":[]}"
26484_0,0.10059872,"{""type"":""MultiPoint"",""coordinates"":[]}"
26486_0,0.11304259,"{""type"":""MultiPoint"",""coordinates"":[]}"
26489_0,0.43868947,"{""type"":""MultiPoint"",""coordinates"":[]}"
26492_0,0.097796425,"{""type"":""MultiPoint"",""coordinates"":[]}"
26494_0,0.062192984,"{""type"":""MultiPoint"",""coordinates"":[]}"
26495_0,0.24355017,"{""type"":""MultiPoint"",""coordinates"":[]}"
26497_0,0.002486578,"{""type"":""MultiPoint"",""coordinates"":[]}"
26498_0,0.23077728,"{""type"":""MultiPoint"",""coordinates"":[]}"
26500_0,0.11399257,"{""type"":""MultiPoint"",""coordinates"":[]}"
26501_0,0.07834225,"{""type"":""MultiPoint"",""coordinates"":[]}"
26504_0,0.9251598,"{""type"":""MultiPoint"",""coordinates"":[]}"
26506_0,0.0879931,"{""type"":""MultiPoint"",""coordinates"":[]}"
26509_0,0.010519682,"{""type"":""MultiPoint"",""coordinates"":[]}"
26512_0,0.2180024,"{""type"":""MultiPoint"",""coordinates"":[]}"
26514_0,8.9810666E-4,"{""type"":""MultiPoint"",""coordinates"":[]}"
26516_0,0.09428552,"{""type"":""MultiPoint"",""coordinates"":[]}"
26520_0,0.10651422,"{""type"":""MultiPoint"",""coordinates"":[]}"
26521_0,0.7357671,"{""type"":""MultiPoint"",""coordinates"":[]}"
26522_0,0.0032112952,"{""type"":""MultiPoint"",""coordinates"":[]}"
26525_0,0.33768165,"{""type"":""MultiPoint"",""coordinates"":[]}"
26527_0,0.39523908,"{""type"":""MultiPoint"",""coordinates"":[]}"
26528_0,0.0039507416,"{""type"":""MultiPoint"",""coordinates"":[]}"
26529_0,0.1687904,"{""type"":""MultiPoint"",""coordinates"":[]}"
26531_0,0.5668916,"{""type"":""MultiPoint"",""coordinates"":[]}"
26532_0,0.011475624,"{""type"":""MultiPoint"",""coordinates"":[]}"
26533_0,0.09079483,"{""type"":""MultiPoint"",""coordinates"":[]}"
26534_0,0.08341275,"{""type"":""MultiPoint"",""coordinates"":[]}"
26539_0,0.5791997,"{""type"":""MultiPoint"",""coordinates"":[]}"
26540_0,0.0787607,"{""type"":""MultiPoint"",""coordinates"":[]}"
26541_0,0.17270221,"{""type"":""MultiPoint"",""coordinates"":[]}"
26552_0,0.04386626,"{""type"":""MultiPoint"",""coordinates"":[]}"
26560_0,0.02639085,"{""type"":""MultiPoint"",""coordinates"":[]}"
26561_0,0.56033874,"{""type"":""MultiPoint"",""coordinates"":[]}"
26562_0,0.07082936,"{""type"":""MultiPoint"",""coordinates"":[]}"
26568_0,0.052037284,"{""type"":""MultiPoint"",""coordinates"":[]}"
26570_0,0.20165896,"{""type"":""MultiPoint"",""coordinates"":[]}"
26572_0,0.20243308,"{""type"":""MultiPoint"",""coordinates"":[]}"
26575_0,0.06765379,"{""type"":""MultiPoint"",""coordinates"":[]}"
26577_0,0.075081296,"{""type"":""MultiPoint"",""coordinates"":[]}"
26578_0,0.23345903,"{""type"":""MultiPoint"",""coordinates"":[]}"
26579_0,0.06407895,"{""type"":""MultiPoint"",""coordinates"":[]}"
26580_0,0.14462978,"{""type"":""MultiPoint"",""coordinates"":[]}"
26586_0,0.011334677,"{""type"":""MultiPoint"",""coordinates"":[]}"
26594_0,0.084285885,"{""type"":""MultiPoint"",""coordinates"":[]}"
26598_0,0.03010386,"{""type"":""MultiPoint"",""coordinates"":[]}"
26600_0,0.10285099,"{""type"":""MultiPoint"",""coordinates"":[]}"
26604_0,0.021088053,"{""type"":""MultiPoint"",""coordinates"":[]}"
26610_0,0.4306667,"{""type"":""MultiPoint"",""coordinates"":[]}"
26612_0,0.18456773,"{""type"":""MultiPoint"",""coordinates"":[]}"
26616_0,0.7767333,"{""type"":""MultiPoint"",""coordinates"":[]}"
26617_0,0.03582089,"{""type"":""MultiPoint"",""coordinates"":[]}"
26618_0,0.075928405,"{""type"":""MultiPoint"",""coordinates"":[]}"
26621_0,0.09343831,"{""type"":""MultiPoint"",""coordinates"":[]}"
26623_0,0.20319273,"{""type"":""MultiPoint"",""coordinates"":[]}"
26625_0,0.07513506,"{""type"":""MultiPoint"",""coordinates"":[]}"
26626_0,0.36921608,"{""type"":""MultiPoint"",""coordinates"":[]}"
26628_0,0.24009055,"{""type"":""MultiPoint"",""coordinates"":[]}"
26631_0,0.06006523,"{""type"":""MultiPoint"",""coordinates"":[]}"
26632_0,0.035410035,"{""type"":""MultiPoint"",""coordinates"":[]}"
26638_0,0.075928405,"{""type"":""MultiPoint"",""coordinates"":[]}"
26639_0,0.7500179,"{""type"":""MultiPoint"",""coordinates"":[]}"
26641_0,0.18456773,"{""type"":""MultiPoint"",""coordinates"":[]}"
26643_0,0.1978898,"{""type"":""MultiPoint"",""coordinates"":[]}"
26645_0,0.059212394,"{""type"":""MultiPoint"",""coordinates"":[]}"
26652_0,0.17604549,"{""type"":""MultiPoint"",""coordinates"":[]}"
26653_0,0.22559902,"{""type"":""MultiPoint"",""coordinates"":[]}"
26654_0,0.27605456,"{""type"":""MultiPoint"",""coordinates"":[]}"
26662_0,0.0867102,"{""type"":""MultiPoint"",""coordinates"":[]}"
26667_0,0.30498734,"{""type"":""MultiPoint"",""coordinates"":[]}"
26670_0,0.053750552,"{""type"":""MultiPoint"",""coordinates"":[]}"
26671_0,0.010467444,"{""type"":""MultiPoint"",""coordinates"":[]}"
26672_0,0.06754969,"{""type"":""MultiPoint"",""coordinates"":[]}"
26673_0,0.0756728,"{""type"":""MultiPoint"",""coordinates"":[]}"
26674_0,0.0073540793,"{""type"":""MultiPoint"",""coordinates"":[]}"
26677_0,0.99715847,"{""type"":""MultiPoint"",""coordinates"":[]}"
26680_0,0.1517834,"{""type"":""MultiPoint"",""coordinates"":[]}"
26684_0,0.013868708,"{""type"":""MultiPoint"",""coordinates"":[]}"
26688_0,0.05287206,"{""type"":""MultiPoint"",""coordinates"":[]}"
26689_0,0.38303024,"{""type"":""MultiPoint"",""coordinates"":[]}"
26690_0,0.99834627,"{""type"":""MultiPoint"",""coordinates"":[]}"
26691_0,0.063124426,"{""type"":""MultiPoint"",""coordinates"":[]}"
26692_0,0.22538655,"{""type"":""MultiPoint"",""coordinates"":[]}"
26693_0,0.18456773,"{""type"":""MultiPoint"",""coordinates"":[]}"
26697_0,0.12249981,"{""type"":""MultiPoint"",""coordinates"":[]}"
26700_0,0.11579308,"{""type"":""MultiPoint"",""coordinates"":[]}"
26704_0,0.07489844,"{""type"":""MultiPoint"",""coordinates"":[]}"
26705_0,0.20050494,"{""type"":""MultiPoint"",""coordinates"":[]}"
26707_0,0.0767264,"{""type"":""MultiPoint"",""coordinates"":[]}"
26710_0,0.1418886,"{""type"":""MultiPoint"",""coordinates"":[]}"
26716_0,0.012062704,"{""type"":""MultiPoint"",""coordinates"":[]}"
26722_0,0.14301676,"{""type"":""MultiPoint"",""coordinates"":[]}"
26723_0,0.29854935,"{""type"":""MultiPoint"",""coordinates"":[]}"
26731_0,0.20161475,"{""type"":""MultiPoint"",""coordinates"":[]}"
26741_0,0.2959227,"{""type"":""MultiPoint"",""coordinates"":[]}"
26742_0,0.3875038,"{""type"":""MultiPoint"",""coordinates"":[]}"
26745_0,0.29140612,"{""type"":""MultiPoint"",""coordinates"":[]}"
26746_0,0.18456773,"{""type"":""MultiPoint"",""coordinates"":[]}"
26747_0,0.047256086,"{""type"":""MultiPoint"",""coordinates"":[]}"
26748_0,0.9921104,"{""type"":""MultiPoint"",""coordinates"":[]}"
26750_0,0.07669952,"{""type"":""MultiPoint"",""coordinates"":[]}"
26758_0,0.33021885,"{""type"":""MultiPoint"",""coordinates"":[]}"
26760_0,0.9710411,"{""type"":""MultiPoint"",""coordinates"":[]}"
26762_0,0.11861996,"{""type"":""MultiPoint"",""coordinates"":[]}"
26764_0,0.051366586,"{""type"":""MultiPoint"",""coordinates"":[]}"
26765_0,0.11579308,"{""type"":""MultiPoint"",""coordinates"":[]}"
26766_0,0.03056096,"{""type"":""MultiPoint"",""coordinates"":[]}"
26768_0,0.13919297,"{""type"":""MultiPoint"",""coordinates"":[]}"
26770_0,0.15479085,"{""type"":""MultiPoint"",""coordinates"":[]}"
26771_0,0.10090294,"{""type"":""MultiPoint"",""coordinates"":[]}"
26780_0,0.17375225,"{""type"":""MultiPoint"",""coordinates"":[]}"
26782_0,3.5118568E-4,"{""type"":""MultiPoint"",""coordinates"":[]}"
26783_0,0.024329606,"{""type"":""MultiPoint"",""coordinates"":[]}"
26789_0,0.13784617,"{""type"":""MultiPoint"",""coordinates"":[]}"
26790_0,0.36122984,"{""type"":""MultiPoint"",""coordinates"":[]}"
26791_0,0.056308903,"{""type"":""MultiPoint"",""coordinates"":[]}"
26792_0,0.09372779,"{""type"":""MultiPoint"",""coordinates"":[]}"
26793_0,0.022349652,"{""type"":""MultiPoint"",""coordinates"":[]}"
26797_0,0.3794702,"{""type"":""MultiPoint"",""coordinates"":[]}"
26798_0,0.3413083,"{""type"":""MultiPoint"",""coordinates"":[]}"
26806_0,0.2382989,"{""type"":""MultiPoint"",""coordinates"":[]}"
26808_0,0.060817193,"{""type"":""MultiPoint"",""coordinates"":[]}"
26810_0,0.06696024,"{""type"":""MultiPoint"",""coordinates"":[]}"
26811_0,0.015520881,"{""type"":""MultiPoint"",""coordinates"":[]}"
26813_0,0.020085892,"{""type"":""MultiPoint"",""coordinates"":[]}"
26814_0,0.11457911,"{""type"":""MultiPoint"",""coordinates"":[]}"
26816_0,0.61854666,"{""type"":""MultiPoint"",""coordinates"":[]}"
26826_0,0.2661483,"{""type"":""MultiPoint"",""coordinates"":[]}"
26830_0,0.51800495,"{""type"":""MultiPoint"",""coordinates"":[]}"
26831_0,0.2623607,"{""type"":""MultiPoint"",""coordinates"":[]}"
26832_0,0.6817721,"{""type"":""MultiPoint"",""coordinates"":[]}"
26833_0,0.3544604,"{""type"":""MultiPoint"",""coordinates"":[]}"
26834_0,0.18456773,"{""type"":""MultiPoint"",""coordinates"":[]}"
26840_0,0.30083594,"{""type"":""MultiPoint"",""coordinates"":[]}"
26842_0,0.10771803,"{""type"":""MultiPoint"",""coordinates"":[]}"
26843_0,0.39183623,"{""type"":""MultiPoint"",""coordinates"":[]}"
26847_0,0.12563357,"{""type"":""MultiPoint"",""coordinates"":[]}"
26848_0,0.64449894,"{""type"":""MultiPoint"",""coordinates"":[]}"
26855_0,0.10285099,"{""type"":""MultiPoint"",""coordinates"":[]}"
26856_0,0.73324406,"{""type"":""MultiPoint"",""coordinates"":[]}"
26862_0,0.011621363,"{""type"":""MultiPoint"",""coordinates"":[]}"
26864_0,0.11229959,"{""type"":""MultiPoint"",""coordinates"":[]}"
26869_0,0.3619333,"{""type"":""MultiPoint"",""coordinates"":[]}"
26876_0,0.21329407,"{""type"":""MultiPoint"",""coordinates"":[]}"
26879_0,0.9721303,"{""type"":""MultiPoint"",""coordinates"":[]}"
26882_0,0.25650725,"{""type"":""MultiPoint"",""coordinates"":[]}"
26883_0,0.09077305,"{""type"":""MultiPoint"",""coordinates"":[]}"
26885_0,0.5364599,"{""type"":""MultiPoint"",""coordinates"":[]}"
26887_0,0.11975249,"{""type"":""MultiPoint"",""coordinates"":[]}"
26891_0,0.07354527,"{""type"":""MultiPoint"",""coordinates"":[]}"
26893_0,0.0025054368,"{""type"":""MultiPoint"",""coordinates"":[]}"
26894_0,0.08271224,"{""type"":""MultiPoint"",""coordinates"":[]}"
26896_0,0.16992156,"{""type"":""MultiPoint"",""coordinates"":[]}"
26897_0,0.1430159,"{""type"":""MultiPoint"",""coordinates"":[]}"
26902_0,0.105786815,"{""type"":""MultiPoint"",""coordinates"":[]}"
26903_0,0.7389974,"{""type"":""MultiPoint"",""coordinates"":[]}"
26904_0,0.020985296,"{""type"":""MultiPoint"",""coordinates"":[]}"
26905_0,0.29641208,"{""type"":""MultiPoint"",""coordinates"":[]}"
26906_0,0.1691552,"{""type"":""MultiPoint"",""coordinates"":[]}"
26910_0,0.18877323,"{""type"":""MultiPoint"",""coordinates"":[]}"
26912_0,0.33717155,"{""type"":""MultiPoint"",""coordinates"":[]}"
26913_0,0.20000716,"{""type"":""MultiPoint"",""coordinates"":[]}"
26917_0,0.96969193,"{""type"":""MultiPoint"",""coordinates"":[]}"
26918_0,0.011040757,"{""type"":""MultiPoint"",""coordinates"":[]}"
26925_0,0.19641499,"{""type"":""MultiPoint"",""coordinates"":[]}"
26930_0,0.36978626,"{""type"":""MultiPoint"",""coordinates"":[]}"
26931_0,0.16238205,"{""type"":""MultiPoint"",""coordinates"":[]}"
26933_0,0.9984116,"{""type"":""MultiPoint"",""coordinates"":[]}"
26936_0,0.060817193,"{""type"":""MultiPoint"",""coordinates"":[]}"
26938_0,0.7357671,"{""type"":""MultiPoint"",""coordinates"":[]}"
26941_0,0.0018891994,"{""type"":""MultiPoint"",""coordinates"":[]}"
26944_0,0.12646525,"{""type"":""MultiPoint"",""coordinates"":[]}"
26945_0,0.03046439,"{""type"":""MultiPoint"",""coordinates"":[]}"
26946_0,0.27153334,"{""type"":""MultiPoint"",""coordinates"":[]}"
26947_0,0.96000856,"{""type"":""MultiPoint"",""coordinates"":[]}"
26952_0,0.23798688,"{""type"":""MultiPoint"",""coordinates"":[]}"
26953_0,0.14292909,"{""type"":""MultiPoint"",""coordinates"":[]}"
26954_0,0.16582565,"{""type"":""MultiPoint"",""coordinates"":[]}"
26958_0,0.10952454,"{""type"":""MultiPoint"",""coordinates"":[]}"
26960_0,0.3392879,"{""type"":""MultiPoint"",""coordinates"":[]}"
26962_0,0.37504032,"{""type"":""MultiPoint"",""coordinates"":[]}"
26963_0,0.061440054,"{""type"":""MultiPoint"",""coordinates"":[]}"
26965_0,0.06765379,"{""type"":""MultiPoint"",""coordinates"":[]}"
26966_0,0.10285099,"{""type"":""MultiPoint"",""coordinates"":[]}"
26968_0,0.45246816,"{""type"":""MultiPoint"",""coordinates"":[]}"
26969_0,0.099958666,"{""type"":""MultiPoint"",""coordinates"":[]}"
26972_0,0.08179126,"{""type"":""MultiPoint"",""coordinates"":[]}"
26975_0,0.10285099,"{""type"":""MultiPoint"",""coordinates"":[]}"
26982_0,0.12343565,"{""type"":""MultiPoint"",""coordinates"":[]}"
26985_0,0.35924155,"{""type"":""MultiPoint"",""coordinates"":[]}"
26986_0,0.09264871,"{""type"":""MultiPoint"",""coordinates"":[]}"
26992_0,0.06765379,"{""type"":""MultiPoint"",""coordinates"":[]}"
26993_0,0.03704682,"{""type"":""MultiPoint"",""coordinates"":[]}"
26994_0,0.11229959,"{""type"":""MultiPoint"",""coordinates"":[]}"
26996_0,0.13767032,"{""type"":""MultiPoint"",""coordinates"":[]}"
26999_0,0.187543,"{""type"":""MultiPoint"",""coordinates"":[]}"
27000_0,0.29462412,"{""type"":""MultiPoint"",""coordinates"":[]}"
27002_0,0.05560183,"{""type"":""MultiPoint"",""coordinates"":[]}"
27004_0,0.07082936,"{""type"":""MultiPoint"",""coordinates"":[]}"
27006_0,0.07642482,"{""type"":""MultiPoint"",""coordinates"":[]}"
27007_0,0.103687,"{""type"":""MultiPoint"",""coordinates"":[]}"
27008_0,0.0027638236,"{""type"":""MultiPoint"",""coordinates"":[]}"
27011_0,0.20262726,"{""type"":""MultiPoint"",""coordinates"":[]}"
27012_0,0.3392879,"{""type"":""MultiPoint"",""coordinates"":[]}"
27014_0,0.028991824,"{""type"":""MultiPoint"",""coordinates"":[]}"
27018_0,0.2438891,"{""type"":""MultiPoint"",""coordinates"":[]}"
27020_0,0.2438891,"{""type"":""MultiPoint"",""coordinates"":[]}"
27021_0,0.23083867,"{""type"":""MultiPoint"",""coordinates"":[]}"
27024_0,0.0376472,"{""type"":""MultiPoint"",""coordinates"":[]}"
27030_0,0.021263884,"{""type"":""MultiPoint"",""coordinates"":[]}"
27033_0,0.19359218,"{""type"":""MultiPoint"",""coordinates"":[]}"
27036_0,0.18877323,"{""type"":""MultiPoint"",""coordinates"":[]}"
27037_0,0.47945124,"{""type"":""MultiPoint"",""coordinates"":[]}"
27039_0,0.03296321,"{""type"":""MultiPoint"",""coordinates"":[]}"
27043_0,0.05287206,"{""type"":""MultiPoint"",""coordinates"":[]}"
27047_0,0.48638517,"{""type"":""MultiPoint"",""coordinates"":[]}"
27066_0,0.32464442,"{""type"":""MultiPoint"",""coordinates"":[]}"
27068_0,0.32464442,"{""type"":""MultiPoint"",""coordinates"":[]}"
27072_0,0.7351673,"{""type"":""MultiPoint"",""coordinates"":[]}"
27079_0,0.38124594,"{""type"":""MultiPoint"",""coordinates"":[]}"
27085_0,0.25712207,"{""type"":""MultiPoint"",""coordinates"":[]}"
27086_0,0.47585204,"{""type"":""MultiPoint"",""coordinates"":[]}"
27089_0,0.018485477,"{""type"":""MultiPoint"",""coordinates"":[]}"
27092_0,0.3882157,"{""type"":""MultiPoint"",""coordinates"":[]}"
27093_0,0.3392879,"{""type"":""MultiPoint"",""coordinates"":[]}"
27096_0,0.14349818,"{""type"":""MultiPoint"",""coordinates"":[]}"
27100_0,0.021088053,"{""type"":""MultiPoint"",""coordinates"":[]}"
27102_0,0.39266932,"{""type"":""MultiPoint"",""coordinates"":[]}"
27104_0,0.069346204,"{""type"":""MultiPoint"",""coordinates"":[]}"
27105_0,0.4197721,"{""type"":""MultiPoint"",""coordinates"":[]}"
27110_0,0.22559902,"{""type"":""MultiPoint"",""coordinates"":[]}"
27112_0,0.04254737,"{""type"":""MultiPoint"",""coordinates"":[]}"
27117_0,0.051165476,"{""type"":""MultiPoint"",""coordinates"":[]}"
27128_0,0.17660043,"{""type"":""MultiPoint"",""coordinates"":[]}"
27132_0,0.6220532,"{""type"":""MultiPoint"",""coordinates"":[]}"
27133_0,0.9967477,"{""type"":""MultiPoint"",""coordinates"":[]}"
27140_0,0.21942921,"{""type"":""MultiPoint"",""coordinates"":[]}"
27141_0,0.0821285,"{""type"":""MultiPoint"",""coordinates"":[]}"
27145_0,0.011475624,"{""type"":""MultiPoint"",""coordinates"":[]}"
27155_0,0.07358108,"{""type"":""MultiPoint"",""coordinates"":[]}"
27157_0,0.08310655,"{""type"":""MultiPoint"",""coordinates"":[]}"
27159_0,0.11975249,"{""type"":""MultiPoint"",""coordinates"":[]}"
27160_0,0.035787992,"{""type"":""MultiPoint"",""coordinates"":[]}"
27171_0,0.20811607,"{""type"":""MultiPoint"",""coordinates"":[]}"
27177_0,0.4976047,"{""type"":""MultiPoint"",""coordinates"":[]}"
27179_0,0.11996102,"{""type"":""MultiPoint"",""coordinates"":[]}"
27180_0,0.19797829,"{""type"":""MultiPoint"",""coordinates"":[]}"
27181_0,0.100351624,"{""type"":""MultiPoint"",""coordinates"":[]}"
27187_0,0.08250383,"{""type"":""MultiPoint"",""coordinates"":[]}"
27192_0,0.3345914,"{""type"":""MultiPoint"",""coordinates"":[]}"
27196_0,0.34577134,"{""type"":""MultiPoint"",""coordinates"":[]}"
27198_0,0.10631123,"{""type"":""MultiPoint"",""coordinates"":[]}"
27200_0,0.082688875,"{""type"":""MultiPoint"",""coordinates"":[]}"
27202_0,0.038535435,"{""type"":""MultiPoint"",""coordinates"":[]}"
27207_0,0.01890808,"{""type"":""MultiPoint"",""coordinates"":[]}"
27210_0,0.027369265,"{""type"":""MultiPoint"",""coordinates"":[]}"
27216_0,0.22123347,"{""type"":""MultiPoint"",""coordinates"":[]}"
27217_0,0.42129546,"{""type"":""MultiPoint"",""coordinates"":[]}"
27221_0,0.02385106,"{""type"":""MultiPoint"",""coordinates"":[]}"
27222_0,0.47595653,"{""type"":""MultiPoint"",""coordinates"":[]}"
27225_0,0.039880738,"{""type"":""MultiPoint"",""coordinates"":[]}"
27227_0,0.115032494,"{""type"":""MultiPoint"",""coordinates"":[]}"
27228_0,0.06785011,"{""type"":""MultiPoint"",""coordinates"":[]}"
27229_0,0.2869845,"{""type"":""MultiPoint"",""coordinates"":[]}"
27230_0,0.34169877,"{""type"":""MultiPoint"",""coordinates"":[]}"
27232_0,0.10285099,"{""type"":""MultiPoint"",""coordinates"":[]}"
27233_0,0.097796425,"{""type"":""MultiPoint"",""coordinates"":[]}"
27234_0,0.11701423,"{""type"":""MultiPoint"",""coordinates"":[]}"
27241_0,0.7221763,"{""type"":""MultiPoint"",""coordinates"":[]}"
27247_0,0.11846946,"{""type"":""MultiPoint"",""coordinates"":[]}"
27252_0,0.042788167,"{""type"":""MultiPoint"",""coordinates"":[]}"
27253_0,0.080562204,"{""type"":""MultiPoint"",""coordinates"":[]}"
27256_0,0.24355017,"{""type"":""MultiPoint"",""coordinates"":[]}"
27257_0,0.13266364,"{""type"":""MultiPoint"",""coordinates"":[]}"
27258_0,0.114047475,"{""type"":""MultiPoint"",""coordinates"":[]}"
27261_0,0.099711925,"{""type"":""MultiPoint"",""coordinates"":[]}"
27262_0,0.20238787,"{""type"":""MultiPoint"",""coordinates"":[]}"
27264_0,0.23077728,"{""type"":""MultiPoint"",""coordinates"":[]}"
27265_0,0.88781714,"{""type"":""MultiPoint"",""coordinates"":[]}"
27266_0,0.7656233,"{""type"":""MultiPoint"",""coordinates"":[]}"
27274_0,0.11579308,"{""type"":""MultiPoint"",""coordinates"":[]}"
27278_0,0.061727386,"{""type"":""MultiPoint"",""coordinates"":[]}"
27279_0,0.097796425,"{""type"":""MultiPoint"",""coordinates"":[]}"
27281_0,0.10285099,"{""type"":""MultiPoint"",""coordinates"":[]}"
27282_0,0.13659714,"{""type"":""MultiPoint"",""coordinates"":[]}"
27284_0,0.041731,"{""type"":""MultiPoint"",""coordinates"":[]}"
27285_0,0.05110869,"{""type"":""MultiPoint"",""coordinates"":[]}"
27287_0,0.0139602395,"{""type"":""MultiPoint"",""coordinates"":[]}"
27289_0,0.29028636,"{""type"":""MultiPoint"",""coordinates"":[]}"
27292_0,0.38543224,"{""type"":""MultiPoint"",""coordinates"":[]}"
27293_0,0.08310655,"{""type"":""MultiPoint"",""coordinates"":[]}"
27294_0,0.067758754,"{""type"":""MultiPoint"",""coordinates"":[]}"
27295_0,0.0139602395,"{""type"":""MultiPoint"",""coordinates"":[]}"
27297_0,0.063124426,"{""type"":""MultiPoint"",""coordinates"":[]}"
27299_0,0.2889387,"{""type"":""MultiPoint"",""coordinates"":[]}"
27307_0,0.3875038,"{""type"":""MultiPoint"",""coordinates"":[]}"
27310_0,0.10285099,"{""type"":""MultiPoint"",""coordinates"":[]}"
27314_0,0.38543224,"{""type"":""MultiPoint"",""coordinates"":[]}"
27315_0,0.2604219,"{""type"":""MultiPoint"",""coordinates"":[]}"
27318_0,0.21998142,"{""type"":""MultiPoint"",""coordinates"":[]}"
27320_0,0.1047962,"{""type"":""MultiPoint"",""coordinates"":[]}"
27322_0,0.29147923,"{""type"":""MultiPoint"",""coordinates"":[]}"
27325_0,0.07513506,"{""type"":""MultiPoint"",""coordinates"":[]}"
27327_0,0.9458416,"{""type"":""MultiPoint"",""coordinates"":[]}"
27329_0,0.9974687,"{""type"":""MultiPoint"",""coordinates"":[]}"
27331_0,0.105786815,"{""type"":""MultiPoint"",""coordinates"":[]}"
27333_0,0.18456773,"{""type"":""MultiPoint"",""coordinates"":[]}"
27340_0,0.021263884,"{""type"":""MultiPoint"",""coordinates"":[]}"
27341_0,0.33383775,"{""type"":""MultiPoint"",""coordinates"":[]}"
27343_0,0.025893278,"{""type"":""MultiPoint"",""coordinates"":[]}"
27344_0,0.8637325,"{""type"":""MultiPoint"",""coordinates"":[]}"
27346_0,0.32464442,"{""type"":""MultiPoint"",""coordinates"":[]}"
27347_0,0.1364754,"{""type"":""MultiPoint"",""coordinates"":[]}"
27350_0,0.08602925,"{""type"":""MultiPoint"",""coordinates"":[]}"
27351_0,0.020848656,"{""type"":""MultiPoint"",""coordinates"":[]}"
27355_0,0.057327054,"{""type"":""MultiPoint"",""coordinates"":[]}"
27358_0,0.10162102,"{""type"":""MultiPoint"",""coordinates"":[]}"
27364_0,0.24177404,"{""type"":""MultiPoint"",""coordinates"":[]}"
27371_0,0.105786815,"{""type"":""MultiPoint"",""coordinates"":[]}"
27372_0,0.0843257,"{""type"":""MultiPoint"",""coordinates"":[]}"
27373_0,0.08867514,"{""type"":""MultiPoint"",""coordinates"":[]}"
27375_0,0.08170499,"{""type"":""MultiPoint"",""coordinates"":[]}"
27376_0,0.12646525,"{""type"":""MultiPoint"",""coordinates"":[]}"
27381_0,0.8528581,"{""type"":""MultiPoint"",""coordinates"":[]}"
27384_0,0.28157482,"{""type"":""MultiPoint"",""coordinates"":[]}"
27386_0,0.0543004,"{""type"":""MultiPoint"",""coordinates"":[]}"
27393_0,0.18877323,"{""type"":""MultiPoint"",""coordinates"":[]}"
27395_0,0.112022206,"{""type"":""MultiPoint"",""coordinates"":[]}"
27396_0,0.36977705,"{""type"":""MultiPoint"",""coordinates"":[]}"
27398_0,0.06263004,"{""type"":""MultiPoint"",""coordinates"":[]}"
27400_0,0.04157978,"{""type"":""MultiPoint"",""coordinates"":[]}"
27401_0,0.059212394,"{""type"":""MultiPoint"",""coordinates"":[]}"
27403_0,0.09558582,"{""type"":""MultiPoint"",""coordinates"":[]}"
27406_0,0.6629787,"{""type"":""MultiPoint"",""coordinates"":[]}"
27408_0,0.05804437,"{""type"":""MultiPoint"",""coordinates"":[]}"
27410_0,0.11975249,"{""type"":""MultiPoint"",""coordinates"":[]}"
27412_0,0.37736255,"{""type"":""MultiPoint"",""coordinates"":[]}"
27414_0,0.023014698,"{""type"":""MultiPoint"",""coordinates"":[]}"
27420_0,0.12609866,"{""type"":""MultiPoint"",""coordinates"":[]}"
27421_0,0.053729355,"{""type"":""MultiPoint"",""coordinates"":[]}"
27423_0,0.08960526,"{""type"":""MultiPoint"",""coordinates"":[]}"
27424_0,0.2382989,"{""type"":""MultiPoint"",""coordinates"":[]}"
27425_0,0.18460333,"{""type"":""MultiPoint"",""coordinates"":[]}"
27427_0,0.49305028,"{""type"":""MultiPoint"",""coordinates"":[]}"
27428_0,0.07354527,"{""type"":""MultiPoint"",""coordinates"":[]}"
27429_0,0.2762143,"{""type"":""MultiPoint"",""coordinates"":[]}"
27432_0,0.06285913,"{""type"":""MultiPoint"",""coordinates"":[]}"
27433_0,0.10285099,"{""type"":""MultiPoint"",""coordinates"":[]}"
27434_0,0.32878986,"{""type"":""MultiPoint"",""coordinates"":[]}"
27435_0,0.100524165,"{""type"":""MultiPoint"",""coordinates"":[]}"
27439_0,0.1093405,"{""type"":""MultiPoint"",""coordinates"":[]}"
27440_0,0.035828542,"{""type"":""MultiPoint"",""coordinates"":[]}"
27441_0,0.075928405,"{""type"":""MultiPoint"",""coordinates"":[]}"
27444_0,0.0853373,"{""type"":""MultiPoint"",""coordinates"":[]}"
27445_0,0.08381535,"{""type"":""MultiPoint"",""coordinates"":[]}"
27446_0,0.08960526,"{""type"":""MultiPoint"",""coordinates"":[]}"
27447_0,0.5464797,"{""type"":""MultiPoint"",""coordinates"":[]}"
27451_0,0.088706054,"{""type"":""MultiPoint"",""coordinates"":[]}"
27452_0,0.03387099,"{""type"":""MultiPoint"",""coordinates"":[]}"
27453_0,0.07678072,"{""type"":""MultiPoint"",""coordinates"":[]}"
27454_0,0.0039507416,"{""type"":""MultiPoint"",""coordinates"":[]}"
27456_0,0.27267253,"{""type"":""MultiPoint"",""coordinates"":[]}"
27457_0,0.29140612,"{""type"":""MultiPoint"",""coordinates"":[]}"
27463_0,0.086008824,"{""type"":""MultiPoint"",""coordinates"":[]}"
27468_0,0.08636307,"{""type"":""MultiPoint"",""coordinates"":[]}"
27470_0,0.05892828,"{""type"":""MultiPoint"",""coordinates"":[]}"
27476_0,0.18456773,"{""type"":""MultiPoint"",""coordinates"":[]}"
27477_0,0.12563848,"{""type"":""MultiPoint"",""coordinates"":[]}"
27479_0,0.9982206,"{""type"":""MultiPoint"",""coordinates"":[]}"
27480_0,0.0039507416,"{""type"":""MultiPoint"",""coordinates"":[]}"
27482_0,0.075928405,"{""type"":""MultiPoint"",""coordinates"":[]}"
27485_0,0.3794702,"{""type"":""MultiPoint"",""coordinates"":[]}"
27487_0,0.10651422,"{""type"":""MultiPoint"",""coordinates"":[]}"
27490_0,0.014906587,"{""type"":""MultiPoint"",""coordinates"":[]}"
27492_0,0.09554416,"{""type"":""MultiPoint"",""coordinates"":[]}"
27493_0,0.021119766,"{""type"":""MultiPoint"",""coordinates"":[]}"
27494_0,0.6160909,"{""type"":""MultiPoint"",""coordinates"":[]}"
27496_0,0.086008824,"{""type"":""MultiPoint"",""coordinates"":[]}"
27498_0,0.45365342,"{""type"":""MultiPoint"",""coordinates"":[]}"
27499_0,0.020072546,"{""type"":""MultiPoint"",""coordinates"":[]}"
27504_0,0.06843127,"{""type"":""MultiPoint"",""coordinates"":[]}"
27506_0,0.01980571,"{""type"":""MultiPoint"",""coordinates"":[]}"
27509_0,0.08999089,"{""type"":""MultiPoint"",""coordinates"":[]}"
27510_0,0.994313,"{""type"":""MultiPoint"",""coordinates"":[]}"
27511_0,0.19281252,"{""type"":""MultiPoint"",""coordinates"":[]}"
27512_0,0.10285099,"{""type"":""MultiPoint"",""coordinates"":[]}"
27514_0,0.38956642,"{""type"":""MultiPoint"",""coordinates"":[]}"
27516_0,0.105786815,"{""type"":""MultiPoint"",""coordinates"":[]}"
27517_0,0.105786815,"{""type"":""MultiPoint"",""coordinates"":[]}"
27518_0,0.22559902,"{""type"":""MultiPoint"",""coordinates"":[]}"
27526_0,0.84582746,"{""type"":""MultiPoint"",""coordinates"":[]}"
27528_0,0.15520328,"{""type"":""MultiPoint"",""coordinates"":[]}"
27530_0,0.114047475,"{""type"":""MultiPoint"",""coordinates"":[]}"
27531_0,0.082366966,"{""type"":""MultiPoint"",""coordinates"":[]}"
27535_0,0.16710919,"{""type"":""MultiPoint"",""coordinates"":[]}"
27538_0,0.105786815,"{""type"":""MultiPoint"",""coordinates"":[]}"
27544_0,0.34460866,"{""type"":""MultiPoint"",""coordinates"":[]}"
27550_0,0.29140612,"{""type"":""MultiPoint"",""coordinates"":[]}"
27553_0,0.04254737,"{""type"":""MultiPoint"",""coordinates"":[]}"
27554_0,0.18998411,"{""type"":""MultiPoint"",""coordinates"":[]}"
27555_0,0.002479882,"{""type"":""MultiPoint"",""coordinates"":[]}"
27556_0,0.010467444,"{""type"":""MultiPoint"",""coordinates"":[]}"
27557_0,0.082366966,"{""type"":""MultiPoint"",""coordinates"":[]}"
27558_0,0.9840045,"{""type"":""MultiPoint"",""coordinates"":[]}"
27559_0,0.33247373,"{""type"":""MultiPoint"",""coordinates"":[]}"
27565_0,0.041415125,"{""type"":""MultiPoint"",""coordinates"":[]}"
27566_0,0.18456773,"{""type"":""MultiPoint"",""coordinates"":[]}"
27568_0,0.43402666,"{""type"":""MultiPoint"",""coordinates"":[]}"
27571_0,0.3703644,"{""type"":""MultiPoint"",""coordinates"":[]}"
27572_0,0.19359218,"{""type"":""MultiPoint"",""coordinates"":[]}"
27573_0,0.09745304,"{""type"":""MultiPoint"",""coordinates"":[]}"
27574_0,0.17502892,"{""type"":""MultiPoint"",""coordinates"":[]}"
27577_0,0.08271224,"{""type"":""MultiPoint"",""coordinates"":[]}"
27578_0,0.17215721,"{""type"":""MultiPoint"",""coordinates"":[]}"
27579_0,0.24865688,"{""type"":""MultiPoint"",""coordinates"":[]}"
27582_0,0.98686725,"{""type"":""MultiPoint"",""coordinates"":[]}"
27584_0,0.075928405,"{""type"":""MultiPoint"",""coordinates"":[]}"
27585_0,0.013537878,"{""type"":""MultiPoint"",""coordinates"":[]}"
27586_0,0.9901895,"{""type"":""MultiPoint"",""coordinates"":[]}"
27590_0,0.22559902,"{""type"":""MultiPoint"",""coordinates"":[]}"
27593_0,0.11715272,"{""type"":""MultiPoint"",""coordinates"":[]}"
27594_0,0.060817193,"{""type"":""MultiPoint"",""coordinates"":[]}"
27596_0,0.07502782,"{""type"":""MultiPoint"",""coordinates"":[]}"
27597_0,0.0039507416,"{""type"":""MultiPoint"",""coordinates"":[]}"
27602_0,0.16306107,"{""type"":""MultiPoint"",""coordinates"":[]}"
27604_0,0.06765379,"{""type"":""MultiPoint"",""coordinates"":[]}"
27609_0,0.14484543,"{""type"":""MultiPoint"",""coordinates"":[]}"
27610_0,0.4976047,"{""type"":""MultiPoint"",""coordinates"":[]}"
27612_0,0.10285099,"{""type"":""MultiPoint"",""coordinates"":[]}"
27619_0,0.19746391,"{""type"":""MultiPoint"",""coordinates"":[]}"
27621_0,0.3392879,"{""type"":""MultiPoint"",""coordinates"":[]}"
27625_0,0.03296321,"{""type"":""MultiPoint"",""coordinates"":[]}"
27627_0,0.18456773,"{""type"":""MultiPoint"",""coordinates"":[]}"
27631_0,0.060420234,"{""type"":""MultiPoint"",""coordinates"":[]}"
27632_0,0.24177404,"{""type"":""MultiPoint"",""coordinates"":[]}"
27633_0,0.83247983,"{""type"":""MultiPoint"",""coordinates"":[]}"
27634_0,0.08226783,"{""type"":""MultiPoint"",""coordinates"":[]}"
27635_0,0.5027908,"{""type"":""MultiPoint"",""coordinates"":[]}"
27636_0,0.10285099,"{""type"":""MultiPoint"",""coordinates"":[]}"
27638_0,0.12263602,"{""type"":""MultiPoint"",""coordinates"":[]}"
27640_0,0.11457911,"{""type"":""MultiPoint"",""coordinates"":[]}"
27642_0,0.9907778,"{""type"":""MultiPoint"",""coordinates"":[]}"
27644_0,0.0773526,"{""type"":""MultiPoint"",""coordinates"":[]}"
27645_0,0.18877323,"{""type"":""MultiPoint"",""coordinates"":[]}"
27648_0,0.17796138,"{""type"":""MultiPoint"",""coordinates"":[]}"
27652_0,0.18456773,"{""type"":""MultiPoint"",""coordinates"":[]}"
27653_0,0.36119714,"{""type"":""MultiPoint"",""coordinates"":[]}"
27659_0,0.25589645,"{""type"":""MultiPoint"",""coordinates"":[]}"
27660_0,0.12646525,"{""type"":""MultiPoint"",""coordinates"":[]}"
27661_0,0.08250383,"{""type"":""MultiPoint"",""coordinates"":[]}"
27673_0,0.41844913,"{""type"":""MultiPoint"",""coordinates"":[]}"
27675_0,0.97914904,"{""type"":""MultiPoint"",""coordinates"":[]}"
27676_0,0.088706054,"{""type"":""MultiPoint"",""coordinates"":[]}"
27678_0,0.057553586,"{""type"":""MultiPoint"",""coordinates"":[]}"
27685_0,0.29661772,"{""type"":""MultiPoint"",""coordinates"":[]}"
27686_0,8.717822E-4,"{""type"":""MultiPoint"",""coordinates"":[]}"
27690_0,0.09450153,"{""type"":""MultiPoint"",""coordinates"":[]}"
27696_0,0.16993265,"{""type"":""MultiPoint"",""coordinates"":[]}"
27699_0,0.0011494858,"{""type"":""MultiPoint"",""coordinates"":[]}"
27701_0,0.10285099,"{""type"":""MultiPoint"",""coordinates"":[]}"
27704_0,0.24566188,"{""type"":""MultiPoint"",""coordinates"":[]}"
27705_0,0.10980927,"{""type"":""MultiPoint"",""coordinates"":[]}"
27708_0,0.09343831,"{""type"":""MultiPoint"",""coordinates"":[]}"
27709_0,0.10402016,"{""type"":""MultiPoint"",""coordinates"":[]}"
27717_0,0.9984116,"{""type"":""MultiPoint"",""coordinates"":[]}"
27718_0,0.29505783,"{""type"":""MultiPoint"",""coordinates"":[]}"
27720_0,0.18339881,"{""type"":""MultiPoint"",""coordinates"":[]}"
27727_0,0.1816489,"{""type"":""MultiPoint"",""coordinates"":[]}"
27729_0,0.10328943,"{""type"":""MultiPoint"",""coordinates"":[]}"
27732_0,0.017002057,"{""type"":""MultiPoint"",""coordinates"":[]}"
27737_0,0.6160909,"{""type"":""MultiPoint"",""coordinates"":[]}"
27738_0,0.0049010036,"{""type"":""MultiPoint"",""coordinates"":[]}"
27739_0,0.10014764,"{""type"":""MultiPoint"",""coordinates"":[]}"
27740_0,0.112022206,"{""type"":""MultiPoint"",""coordinates"":[]}"
27747_0,0.2607496,"{""type"":""MultiPoint"",""coordinates"":[]}"
27748_0,0.35081464,"{""type"":""MultiPoint"",""coordinates"":[]}"
27749_0,0.99731183,"{""type"":""MultiPoint"",""coordinates"":[]}"
27750_0,0.5422807,"{""type"":""MultiPoint"",""coordinates"":[]}"
27752_0,0.43932638,"{""type"":""MultiPoint"",""coordinates"":[]}"
27753_0,0.017280951,"{""type"":""MultiPoint"",""coordinates"":[]}"
27758_0,0.097796425,"{""type"":""MultiPoint"",""coordinates"":[]}"
27762_0,0.0025054368,"{""type"":""MultiPoint"",""coordinates"":[]}"
27764_0,0.06765379,"{""type"":""MultiPoint"",""coordinates"":[]}"
27768_0,0.062192984,"{""type"":""MultiPoint"",""coordinates"":[]}"
27769_0,0.4925936,"{""type"":""MultiPoint"",""coordinates"":[]}"
27782_0,0.47145554,"{""type"":""MultiPoint"",""coordinates"":[]}"
27783_0,0.640124,"{""type"":""MultiPoint"",""coordinates"":[]}"
27788_0,0.11579308,"{""type"":""MultiPoint"",""coordinates"":[]}"
27791_0,0.13789302,"{""type"":""MultiPoint"",""coordinates"":[]}"
27796_0,0.08183454,"{""type"":""MultiPoint"",""coordinates"":[]}"
27797_0,0.18877323,"{""type"":""MultiPoint"",""coordinates"":[]}"
27798_0,0.96232575,"{""type"":""MultiPoint"",""coordinates"":[]}"
27800_0,0.097796425,"{""type"":""MultiPoint"",""coordinates"":[]}"
27801_0,0.0032538483,"{""type"":""MultiPoint"",""coordinates"":[]}"
27805_0,0.02833749,"{""type"":""MultiPoint"",""coordinates"":[]}"
27807_0,0.011475624,"{""type"":""MultiPoint"",""coordinates"":[]}"
27809_0,0.10285099,"{""type"":""MultiPoint"",""coordinates"":[]}"
27810_0,0.12646525,"{""type"":""MultiPoint"",""coordinates"":[]}"
27811_0,0.12479684,"{""type"":""MultiPoint"",""coordinates"":[]}"
27812_0,0.497632,"{""type"":""MultiPoint"",""coordinates"":[]}"
27815_0,0.086008824,"{""type"":""MultiPoint"",""coordinates"":[]}"
27822_0,0.35658762,"{""type"":""MultiPoint"",""coordinates"":[]}"
27823_0,0.2438891,"{""type"":""MultiPoint"",""coordinates"":[]}"
27824_0,0.023014698,"{""type"":""MultiPoint"",""coordinates"":[]}"
27825_0,0.029434565,"{""type"":""MultiPoint"",""coordinates"":[]}"
27827_0,0.07669952,"{""type"":""MultiPoint"",""coordinates"":[]}"
27828_0,0.14116868,"{""type"":""MultiPoint"",""coordinates"":[]}"
27831_0,0.17845502,"{""type"":""MultiPoint"",""coordinates"":[]}"
27832_0,0.29140612,"{""type"":""MultiPoint"",""coordinates"":[]}"
27834_0,0.2382989,"{""type"":""MultiPoint"",""coordinates"":[]}"
27835_0,0.61854666,"{""type"":""MultiPoint"",""coordinates"":[]}"
27836_0,0.3851201,"{""type"":""MultiPoint"",""coordinates"":[]}"
27837_0,0.18456773,"{""type"":""MultiPoint"",""coordinates"":[]}"
27839_0,0.06442482,"{""type"":""MultiPoint"",""coordinates"":[]}"
27840_0,0.84582746,"{""type"":""MultiPoint"",""coordinates"":[]}"
27846_0,0.08540255,"{""type"":""MultiPoint"",""coordinates"":[]}"
27848_0,0.7888777,"{""type"":""MultiPoint"",""coordinates"":[]}"
27849_0,0.075928405,"{""type"":""MultiPoint"",""coordinates"":[]}"
27852_0,0.99834627,"{""type"":""MultiPoint"",""coordinates"":[]}"
27854_0,0.5027908,"{""type"":""MultiPoint"",""coordinates"":[]}"
27858_0,0.060817193,"{""type"":""MultiPoint"",""coordinates"":[]}"
27859_0,0.094689816,"{""type"":""MultiPoint"",""coordinates"":[]}"
27866_0,0.022743892,"{""type"":""MultiPoint"",""coordinates"":[]}"
27869_0,0.2998919,"{""type"":""MultiPoint"",""coordinates"":[]}"
27870_0,0.065133035,"{""type"":""MultiPoint"",""coordinates"":[]}"
27871_0,0.21252942,"{""type"":""MultiPoint"",""coordinates"":[]}"
27872_0,0.12563357,"{""type"":""MultiPoint"",""coordinates"":[]}"
27873_0,0.13189027,"{""type"":""MultiPoint"",""coordinates"":[]}"
27876_0,0.011621363,"{""type"":""MultiPoint"",""coordinates"":[]}"
27877_0,0.08960526,"{""type"":""MultiPoint"",""coordinates"":[]}"
27882_0,0.07354527,"{""type"":""MultiPoint"",""coordinates"":[]}"
27884_0,0.0388238,"{""type"":""MultiPoint"",""coordinates"":[]}"
27885_0,0.3150696,"{""type"":""MultiPoint"",""coordinates"":[]}"
27886_0,0.24355017,"{""type"":""MultiPoint"",""coordinates"":[]}"
27892_0,0.18456773,"{""type"":""MultiPoint"",""coordinates"":[]}"
27893_0,0.24050653,"{""type"":""MultiPoint"",""coordinates"":[]}"
27895_0,0.12343565,"{""type"":""MultiPoint"",""coordinates"":[]}"
27899_0,0.24355017,"{""type"":""MultiPoint"",""coordinates"":[]}"
27900_0,0.21329407,"{""type"":""MultiPoint"",""coordinates"":[]}"
27904_0,0.3703644,"{""type"":""MultiPoint"",""coordinates"":[]}"
27906_0,0.21942921,"{""type"":""MultiPoint"",""coordinates"":[]}"
27910_0,0.044460654,"{""type"":""MultiPoint"",""coordinates"":[]}"
27911_0,0.24566188,"{""type"":""MultiPoint"",""coordinates"":[]}"
27914_0,0.14032865,"{""type"":""MultiPoint"",""coordinates"":[]}"
27915_0,0.11975249,"{""type"":""MultiPoint"",""coordinates"":[]}"
27920_0,0.10285099,"{""type"":""MultiPoint"",""coordinates"":[]}"
27923_0,0.24355017,"{""type"":""MultiPoint"",""coordinates"":[]}"
27927_0,0.7464761,"{""type"":""MultiPoint"",""coordinates"":[]}"
27928_0,0.105786815,"{""type"":""MultiPoint"",""coordinates"":[]}"
27931_0,0.19281252,"{""type"":""MultiPoint"",""coordinates"":[]}"
27934_0,0.09460962,"{""type"":""MultiPoint"",""coordinates"":[]}"
27935_0,0.22559902,"{""type"":""MultiPoint"",""coordinates"":[]}"
27936_0,0.5272207,"{""type"":""MultiPoint"",""coordinates"":[]}"
27937_0,0.17420833,"{""type"":""MultiPoint"",""coordinates"":[]}"
27938_0,0.10285099,"{""type"":""MultiPoint"",""coordinates"":[]}"
27940_0,0.39523908,"{""type"":""MultiPoint"",""coordinates"":[]}"
27941_0,0.019660968,"{""type"":""MultiPoint"",""coordinates"":[]}"
27943_0,0.086008824,"{""type"":""MultiPoint"",""coordinates"":[]}"
27945_0,0.056606386,"{""type"":""MultiPoint"",""coordinates"":[]}"
27946_0,0.037091296,"{""type"":""MultiPoint"",""coordinates"":[]}"
27947_0,0.22941689,"{""type"":""MultiPoint"",""coordinates"":[]}"
27952_0,0.10285099,"{""type"":""MultiPoint"",""coordinates"":[]}"
27954_0,0.026163999,"{""type"":""MultiPoint"",""coordinates"":[]}"
27955_0,0.1416121,"{""type"":""MultiPoint"",""coordinates"":[]}"
27961_0,0.15529233,"{""type"":""MultiPoint"",""coordinates"":[]}"
27966_0,0.105786815,"{""type"":""MultiPoint"",""coordinates"":[]}"
27972_0,0.06765379,"{""type"":""MultiPoint"",""coordinates"":[]}"
27974_0,0.13692324,"{""type"":""MultiPoint"",""coordinates"":[]}"
27975_0,0.1824619,"{""type"":""MultiPoint"",""coordinates"":[]}"
27976_0,0.2623607,"{""type"":""MultiPoint"",""coordinates"":[]}"
27977_0,0.051366586,"{""type"":""MultiPoint"",""coordinates"":[]}"
27978_0,0.38543224,"{""type"":""MultiPoint"",""coordinates"":[]}"
27979_0,0.13674374,"{""type"":""MultiPoint"",""coordinates"":[]}"
27980_0,0.022384467,"{""type"":""MultiPoint"",""coordinates"":[]}"
27981_0,0.366994,"{""type"":""MultiPoint"",""coordinates"":[]}"
27982_0,0.16953503,"{""type"":""MultiPoint"",""coordinates"":[]}"
27985_0,0.002479882,"{""type"":""MultiPoint"",""coordinates"":[]}"
27986_0,0.04613221,"{""type"":""MultiPoint"",""coordinates"":[]}"
27988_0,0.31138578,"{""type"":""MultiPoint"",""coordinates"":[]}"
27989_0,0.3675075,"{""type"":""MultiPoint"",""coordinates"":[]}"
27990_0,0.059212394,"{""type"":""MultiPoint"",""coordinates"":[]}"
27991_0,0.14319065,"{""type"":""MultiPoint"",""coordinates"":[]}"
27992_0,0.4188854,"{""type"":""MultiPoint"",""coordinates"":[]}"
27994_0,0.14696792,"{""type"":""MultiPoint"",""coordinates"":[]}"
27995_0,0.040937476,"{""type"":""MultiPoint"",""coordinates"":[]}"
27999_0,0.24355017,"{""type"":""MultiPoint"",""coordinates"":[]}"
28001_0,0.10328943,"{""type"":""MultiPoint"",""coordinates"":[]}"
28002_0,0.07082936,"{""type"":""MultiPoint"",""coordinates"":[]}"
28006_0,0.55489296,"{""type"":""MultiPoint"",""coordinates"":[]}"
28010_0,0.0867102,"{""type"":""MultiPoint"",""coordinates"":[]}"
28014_0,0.9566107,"{""type"":""MultiPoint"",""coordinates"":[]}"
28016_0,0.074546695,"{""type"":""MultiPoint"",""coordinates"":[]}"
28017_0,0.22048676,"{""type"":""MultiPoint"",""coordinates"":[]}"
28018_0,0.31918198,"{""type"":""MultiPoint"",""coordinates"":[]}"
28019_0,0.12563357,"{""type"":""MultiPoint"",""coordinates"":[]}"
28020_0,0.15015037,"{""type"":""MultiPoint"",""coordinates"":[]}"
28021_0,0.1431327,"{""type"":""MultiPoint"",""coordinates"":[]}"
28022_0,0.028184518,"{""type"":""MultiPoint"",""coordinates"":[]}"
28023_0,0.36978626,"{""type"":""MultiPoint"",""coordinates"":[]}"
28029_0,0.09343831,"{""type"":""MultiPoint"",""coordinates"":[]}"
28030_0,0.09343831,"{""type"":""MultiPoint"",""coordinates"":[]}"
28031_0,0.06513302,"{""type"":""MultiPoint"",""coordinates"":[]}"
28032_0,0.074546695,"{""type"":""MultiPoint"",""coordinates"":[]}"
28036_0,0.14998704,"{""type"":""MultiPoint"",""coordinates"":[]}"
28040_0,0.14356324,"{""type"":""MultiPoint"",""coordinates"":[]}"
28041_0,0.3875038,"{""type"":""MultiPoint"",""coordinates"":[]}"
28046_0,0.42129546,"{""type"":""MultiPoint"",""coordinates"":[]}"
28047_0,0.18456773,"{""type"":""MultiPoint"",""coordinates"":[]}"
28052_0,0.18456773,"{""type"":""MultiPoint"",""coordinates"":[]}"
28054_0,0.112022206,"{""type"":""MultiPoint"",""coordinates"":[]}"
28057_0,0.097796425,"{""type"":""MultiPoint"",""coordinates"":[]}"
28061_0,0.10728097,"{""type"":""MultiPoint"",""coordinates"":[]}"
28062_0,0.17940189,"{""type"":""MultiPoint"",""coordinates"":[]}"
28065_0,0.07699686,"{""type"":""MultiPoint"",""coordinates"":[]}"
28074_0,0.13461733,"{""type"":""MultiPoint"",""coordinates"":[]}"
28077_0,0.8347813,"{""type"":""MultiPoint"",""coordinates"":[]}"
28080_0,0.013537878,"{""type"":""MultiPoint"",""coordinates"":[]}"
28083_0,0.11975249,"{""type"":""MultiPoint"",""coordinates"":[]}"
28089_0,0.09343831,"{""type"":""MultiPoint"",""coordinates"":[]}"
28090_0,0.13919297,"{""type"":""MultiPoint"",""coordinates"":[]}"
28091_0,0.14462978,"{""type"":""MultiPoint"",""coordinates"":[]}"
28093_0,0.17502892,"{""type"":""MultiPoint"",""coordinates"":[]}"
28094_0,0.33383775,"{""type"":""MultiPoint"",""coordinates"":[]}"
28095_0,0.2327494,"{""type"":""MultiPoint"",""coordinates"":[]}"
28096_0,0.54971164,"{""type"":""MultiPoint"",""coordinates"":[]}"
28097_0,0.10404642,"{""type"":""MultiPoint"",""coordinates"":[]}"
28098_0,0.97540826,"{""type"":""MultiPoint"",""coordinates"":[]}"
28099_0,0.08033993,"{""type"":""MultiPoint"",""coordinates"":[]}"
28100_0,0.024831124,"{""type"":""MultiPoint"",""coordinates"":[]}"
28104_0,0.45497727,"{""type"":""MultiPoint"",""coordinates"":[]}"
28105_0,0.36087003,"{""type"":""MultiPoint"",""coordinates"":[]}"
28106_0,0.38956642,"{""type"":""MultiPoint"",""coordinates"":[]}"
28117_0,0.08737878,"{""type"":""MultiPoint"",""coordinates"":[]}"
28122_0,0.0755203,"{""type"":""MultiPoint"",""coordinates"":[]}"
28128_0,0.29140612,"{""type"":""MultiPoint"",""coordinates"":[]}"
28130_0,0.11301686,"{""type"":""MultiPoint"",""coordinates"":[]}"
28135_0,0.3562196,"{""type"":""MultiPoint"",""coordinates"":[]}"
28136_0,0.9982206,"{""type"":""MultiPoint"",""coordinates"":[]}"
28139_0,0.1427958,"{""type"":""MultiPoint"",""coordinates"":[]}"
28143_0,0.10980927,"{""type"":""MultiPoint"",""coordinates"":[]}"
28146_0,0.11924733,"{""type"":""MultiPoint"",""coordinates"":[]}"
28147_0,0.09046068,"{""type"":""MultiPoint"",""coordinates"":[]}"
28148_0,0.0139602395,"{""type"":""MultiPoint"",""coordinates"":[]}"
28149_0,0.375209,"{""type"":""MultiPoint"",""coordinates"":[]}"
28154_0,0.0853373,"{""type"":""MultiPoint"",""coordinates"":[]}"
28155_0,0.10285099,"{""type"":""MultiPoint"",""coordinates"":[]}"
28156_0,0.14122738,"{""type"":""MultiPoint"",""coordinates"":[]}"
28158_0,0.0039507053,"{""type"":""MultiPoint"",""coordinates"":[]}"
28160_0,0.2691035,"{""type"":""MultiPoint"",""coordinates"":[]}"
28162_0,0.9984116,"{""type"":""MultiPoint"",""coordinates"":[]}"
28163_0,0.22186464,"{""type"":""MultiPoint"",""coordinates"":[]}"
28167_0,0.07354527,"{""type"":""MultiPoint"",""coordinates"":[]}"
28168_0,0.18877323,"{""type"":""MultiPoint"",""coordinates"":[]}"
28169_0,0.18998411,"{""type"":""MultiPoint"",""coordinates"":[]}"
28171_0,0.10404642,"{""type"":""MultiPoint"",""coordinates"":[]}"
28176_0,0.35633,"{""type"":""MultiPoint"",""coordinates"":[]}"
28182_0,0.029983904,"{""type"":""MultiPoint"",""coordinates"":[]}"
28183_0,0.060817193,"{""type"":""MultiPoint"",""coordinates"":[]}"
28184_0,0.46070617,"{""type"":""MultiPoint"",""coordinates"":[]}"
28189_0,0.048496738,"{""type"":""MultiPoint"",""coordinates"":[]}"
28190_0,0.28095347,"{""type"":""MultiPoint"",""coordinates"":[]}"
28194_0,0.022743892,"{""type"":""MultiPoint"",""coordinates"":[]}"
28197_0,0.14301676,"{""type"":""MultiPoint"",""coordinates"":[]}"
28198_0,0.10285099,"{""type"":""MultiPoint"",""coordinates"":[]}"
28199_0,0.05760639,"{""type"":""MultiPoint"",""coordinates"":[]}"
28207_0,0.075928405,"{""type"":""MultiPoint"",""coordinates"":[]}"
28209_0,0.35081464,"{""type"":""MultiPoint"",""coordinates"":[]}"
28210_0,0.022064786,"{""type"":""MultiPoint"",""coordinates"":[]}"
28214_0,0.1469843,"{""type"":""MultiPoint"",""coordinates"":[]}"
28215_0,0.29140612,"{""type"":""MultiPoint"",""coordinates"":[]}"
28220_0,0.49305028,"{""type"":""MultiPoint"",""coordinates"":[]}"
28224_0,0.03296321,"{""type"":""MultiPoint"",""coordinates"":[]}"
28225_0,0.059212394,"{""type"":""MultiPoint"",""coordinates"":[]}"
28227_0,0.09460962,"{""type"":""MultiPoint"",""coordinates"":[]}"
28229_0,0.37606007,"{""type"":""MultiPoint"",""coordinates"":[]}"
28233_0,0.9927683,"{""type"":""MultiPoint"",""coordinates"":[]}"
28234_0,0.13789302,"{""type"":""MultiPoint"",""coordinates"":[]}"
28235_0,0.07669952,"{""type"":""MultiPoint"",""coordinates"":[]}"
28236_0,0.22559902,"{""type"":""MultiPoint"",""coordinates"":[]}"
28239_0,0.08608359,"{""type"":""MultiPoint"",""coordinates"":[]}"
28240_0,0.10651422,"{""type"":""MultiPoint"",""coordinates"":[]}"
28242_0,0.3036207,"{""type"":""MultiPoint"",""coordinates"":[]}"
28245_0,0.038711082,"{""type"":""MultiPoint"",""coordinates"":[]}"
28251_0,0.10631123,"{""type"":""MultiPoint"",""coordinates"":[]}"
28253_0,0.5384176,"{""type"":""MultiPoint"",""coordinates"":[]}"
28254_0,0.2769399,"{""type"":""MultiPoint"",""coordinates"":[]}"
28260_0,0.28131342,"{""type"":""MultiPoint"",""coordinates"":[]}"
28264_0,0.5364599,"{""type"":""MultiPoint"",""coordinates"":[]}"
28266_0,0.10285099,"{""type"":""MultiPoint"",""coordinates"":[]}"
28267_0,0.01981849,"{""type"":""MultiPoint"",""coordinates"":[]}"
28270_0,0.3254391,"{""type"":""MultiPoint"",""coordinates"":[]}"
28271_0,0.3997327,"{""type"":""MultiPoint"",""coordinates"":[]}"
28273_0,0.29367673,"{""type"":""MultiPoint"",""coordinates"":[]}"
28275_0,0.24283113,"{""type"":""MultiPoint"",""coordinates"":[]}"
28278_0,0.7767333,"{""type"":""MultiPoint"",""coordinates"":[]}"
28280_0,0.025640285,"{""type"":""MultiPoint"",""coordinates"":[]}"
28284_0,0.10285099,"{""type"":""MultiPoint"",""coordinates"":[]}"
28288_0,0.13333978,"{""type"":""MultiPoint"",""coordinates"":[]}"
28289_0,0.19359218,"{""type"":""MultiPoint"",""coordinates"":[]}"
28292_0,0.09838459,"{""type"":""MultiPoint"",""coordinates"":[]}"
28299_0,0.08602925,"{""type"":""MultiPoint"",""coordinates"":[]}"
28302_0,0.23077728,"{""type"":""MultiPoint"",""coordinates"":[]}"
28308_0,0.11989372,"{""type"":""MultiPoint"",""coordinates"":[]}"
28309_0,0.22186464,"{""type"":""MultiPoint"",""coordinates"":[]}"
28312_0,0.12990949,"{""type"":""MultiPoint"",""coordinates"":[]}"
28317_0,0.10285099,"{""type"":""MultiPoint"",""coordinates"":[]}"
28322_0,0.08224562,"{""type"":""MultiPoint"",""coordinates"":[]}"
28323_0,0.7453429,"{""type"":""MultiPoint"",""coordinates"":[]}"
28326_0,0.08602925,"{""type"":""MultiPoint"",""coordinates"":[]}"
28328_0,0.05701707,"{""type"":""MultiPoint"",""coordinates"":[]}"
28330_0,0.11975249,"{""type"":""MultiPoint"",""coordinates"":[]}"
28331_0,0.16908874,"{""type"":""MultiPoint"",""coordinates"":[]}"
28334_0,0.38057765,"{""type"":""MultiPoint"",""coordinates"":[]}"
28335_0,0.17375225,"{""type"":""MultiPoint"",""coordinates"":[]}"
28336_0,0.06513302,"{""type"":""MultiPoint"",""coordinates"":[]}"
28349_0,0.25047827,"{""type"":""MultiPoint"",""coordinates"":[]}"
28358_0,0.009200006,"{""type"":""MultiPoint"",""coordinates"":[]}"
28359_0,0.14032865,"{""type"":""MultiPoint"",""coordinates"":[]}"
28362_0,0.06538044,"{""type"":""MultiPoint"",""coordinates"":[]}"
28364_0,0.16130134,"{""type"":""MultiPoint"",""coordinates"":[]}"
28367_0,0.11950008,"{""type"":""MultiPoint"",""coordinates"":[]}"
28369_0,0.22559902,"{""type"":""MultiPoint"",""coordinates"":[]}"
28370_0,0.08960526,"{""type"":""MultiPoint"",""coordinates"":[]}"
28371_0,0.13266364,"{""type"":""MultiPoint"",""coordinates"":[]}"
28374_0,0.9981264,"{""type"":""MultiPoint"",""coordinates"":[]}"
28375_0,0.035828542,"{""type"":""MultiPoint"",""coordinates"":[]}"
28376_0,0.0653899,"{""type"":""MultiPoint"",""coordinates"":[]}"
28377_0,0.2265144,"{""type"":""MultiPoint"",""coordinates"":[]}"
28381_0,0.112560816,"{""type"":""MultiPoint"",""coordinates"":[]}"
28384_0,0.3734241,"{""type"":""MultiPoint"",""coordinates"":[]}"
28386_0,0.009818769,"{""type"":""MultiPoint"",""coordinates"":[]}"
28388_0,0.021119766,"{""type"":""MultiPoint"",""coordinates"":[]}"
28389_0,0.18456773,"{""type"":""MultiPoint"",""coordinates"":[]}"
28391_0,0.15004832,"{""type"":""MultiPoint"",""coordinates"":[]}"
28393_0,0.29140612,"{""type"":""MultiPoint"",""coordinates"":[]}"
28400_0,0.080917545,"{""type"":""MultiPoint"",""coordinates"":[]}"
28402_0,0.11331291,"{""type"":""MultiPoint"",""coordinates"":[]}"
28408_0,0.10162102,"{""type"":""MultiPoint"",""coordinates"":[]}"
28413_0,0.022012288,"{""type"":""MultiPoint"",""coordinates"":[]}"
28414_0,0.32878986,"{""type"":""MultiPoint"",""coordinates"":[]}"
28415_0,0.28452653,"{""type"":""MultiPoint"",""coordinates"":[]}"
28423_0,0.076338224,"{""type"":""MultiPoint"",""coordinates"":[]}"
28424_0,0.12253187,"{""type"":""MultiPoint"",""coordinates"":[]}"
28426_0,0.2691035,"{""type"":""MultiPoint"",""coordinates"":[]}"
28427_0,0.101910464,"{""type"":""MultiPoint"",""coordinates"":[]}"
28428_0,0.21358223,"{""type"":""MultiPoint"",""coordinates"":[]}"
28429_0,0.22656997,"{""type"":""MultiPoint"",""coordinates"":[]}"
28432_0,0.3875038,"{""type"":""MultiPoint"",""coordinates"":[]}"
28436_0,0.22186464,"{""type"":""MultiPoint"",""coordinates"":[]}"
28437_0,0.10751094,"{""type"":""MultiPoint"",""coordinates"":[]}"
28439_0,0.18877323,"{""type"":""MultiPoint"",""coordinates"":[]}"
28440_0,0.4014829,"{""type"":""MultiPoint"",""coordinates"":[]}"
28441_0,0.19387594,"{""type"":""MultiPoint"",""coordinates"":[]}"
28444_0,0.019494193,"{""type"":""MultiPoint"",""coordinates"":[]}"
28446_0,0.107677706,"{""type"":""MultiPoint"",""coordinates"":[]}"
28447_0,0.08960526,"{""type"":""MultiPoint"",""coordinates"":[]}"
28448_0,0.23345903,"{""type"":""MultiPoint"",""coordinates"":[]}"
28449_0,0.021088053,"{""type"":""MultiPoint"",""coordinates"":[]}"
28453_0,0.021088053,"{""type"":""MultiPoint"",""coordinates"":[]}"
28455_0,0.1778677,"{""type"":""MultiPoint"",""coordinates"":[]}"
28457_0,0.45835182,"{""type"":""MultiPoint"",""coordinates"":[]}"
28461_0,0.46801555,"{""type"":""MultiPoint"",""coordinates"":[]}"
28468_0,0.41922432,"{""type"":""MultiPoint"",""coordinates"":[]}"
28470_0,0.11579308,"{""type"":""MultiPoint"",""coordinates"":[]}"
28471_0,0.10285099,"{""type"":""MultiPoint"",""coordinates"":[]}"
28472_0,0.51189846,"{""type"":""MultiPoint"",""coordinates"":[]}"
28476_0,0.13919297,"{""type"":""MultiPoint"",""coordinates"":[]}"
28481_0,0.02054017,"{""type"":""MultiPoint"",""coordinates"":[]}"
28483_0,0.057327054,"{""type"":""MultiPoint"",""coordinates"":[]}"
28484_0,0.097796425,"{""type"":""MultiPoint"",""coordinates"":[]}"
28485_0,0.1742951,"{""type"":""MultiPoint"",""coordinates"":[]}"
28486_0,0.12646525,"{""type"":""MultiPoint"",""coordinates"":[]}"
28487_0,0.057553586,"{""type"":""MultiPoint"",""coordinates"":[]}"
28488_0,0.28095347,"{""type"":""MultiPoint"",""coordinates"":[]}"
28490_0,0.11374652,"{""type"":""MultiPoint"",""coordinates"":[]}"
28491_0,0.10285099,"{""type"":""MultiPoint"",""coordinates"":[]}"
28494_0,0.08200271,"{""type"":""MultiPoint"",""coordinates"":[]}"
28495_0,0.11229959,"{""type"":""MultiPoint"",""coordinates"":[]}"
28496_0,0.09343831,"{""type"":""MultiPoint"",""coordinates"":[]}"
28498_0,0.10227254,"{""type"":""MultiPoint"",""coordinates"":[]}"
28499_0,0.013376666,"{""type"":""MultiPoint"",""coordinates"":[]}"
28502_0,0.10952454,"{""type"":""MultiPoint"",""coordinates"":[]}"
28504_0,0.11579308,"{""type"":""MultiPoint"",""coordinates"":[]}"
28505_0,0.0959975,"{""type"":""MultiPoint"",""coordinates"":[]}"
28506_0,0.15116692,"{""type"":""MultiPoint"",""coordinates"":[]}"
28511_0,0.12618193,"{""type"":""MultiPoint"",""coordinates"":[]}"
28512_0,0.08146022,"{""type"":""MultiPoint"",""coordinates"":[]}"
28513_0,0.0543004,"{""type"":""MultiPoint"",""coordinates"":[]}"
28514_0,0.081391625,"{""type"":""MultiPoint"",""coordinates"":[]}"
28516_0,0.0867102,"{""type"":""MultiPoint"",""coordinates"":[]}"
28521_0,0.0050518652,"{""type"":""MultiPoint"",""coordinates"":[]}"
28523_0,0.03000763,"{""type"":""MultiPoint"",""coordinates"":[]}"
28527_0,0.0543004,"{""type"":""MultiPoint"",""coordinates"":[]}"
28528_0,0.7176265,"{""type"":""MultiPoint"",""coordinates"":[]}"
28533_0,0.11301686,"{""type"":""MultiPoint"",""coordinates"":[]}"
28536_0,0.41026428,"{""type"":""MultiPoint"",""coordinates"":[]}"
28538_0,0.37606007,"{""type"":""MultiPoint"",""coordinates"":[]}"
28539_0,0.035828542,"{""type"":""MultiPoint"",""coordinates"":[]}"
28542_0,0.12563357,"{""type"":""MultiPoint"",""coordinates"":[]}"
28545_0,0.024831124,"{""type"":""MultiPoint"",""coordinates"":[]}"
28547_0,0.14827345,"{""type"":""MultiPoint"",""coordinates"":[]}"
28549_0,0.7736855,"{""type"":""MultiPoint"",""coordinates"":[]}"
28551_0,0.09334352,"{""type"":""MultiPoint"",""coordinates"":[]}"
28553_0,0.08985279,"{""type"":""MultiPoint"",""coordinates"":[]}"
28554_0,0.17502892,"{""type"":""MultiPoint"",""coordinates"":[]}"
28556_0,0.38093492,"{""type"":""MultiPoint"",""coordinates"":[]}"
28557_0,0.17502892,"{""type"":""MultiPoint"",""coordinates"":[]}"
28558_0,0.11975249,"{""type"":""MultiPoint"",""coordinates"":[]}"
28559_0,0.0139602395,"{""type"":""MultiPoint"",""coordinates"":[]}"
28560_0,0.014485282,"{""type"":""MultiPoint"",""coordinates"":[]}"
28562_0,0.062192984,"{""type"":""MultiPoint"",""coordinates"":[]}"
28563_0,0.33560166,"{""type"":""MultiPoint"",""coordinates"":[]}"
28565_0,0.14729375,"{""type"":""MultiPoint"",""coordinates"":[]}"
28566_0,0.3875038,"{""type"":""MultiPoint"",""coordinates"":[]}"
28567_0,0.9984116,"{""type"":""MultiPoint"",""coordinates"":[]}"
28568_0,0.06765379,"{""type"":""MultiPoint"",""coordinates"":[]}"
28570_0,0.10285099,"{""type"":""MultiPoint"",""coordinates"":[]}"
28571_0,0.05804437,"{""type"":""MultiPoint"",""coordinates"":[]}"
28577_0,0.015520881,"{""type"":""MultiPoint"",""coordinates"":[]}"
28578_0,0.010262445,"{""type"":""MultiPoint"",""coordinates"":[]}"
28579_0,0.059212394,"{""type"":""MultiPoint"",""coordinates"":[]}"
28582_0,0.06763024,"{""type"":""MultiPoint"",""coordinates"":[]}"
28583_0,0.08724317,"{""type"":""MultiPoint"",""coordinates"":[]}"
28585_0,0.063124426,"{""type"":""MultiPoint"",""coordinates"":[]}"
28588_0,0.035828542,"{""type"":""MultiPoint"",""coordinates"":[]}"
28590_0,0.19359218,"{""type"":""MultiPoint"",""coordinates"":[]}"
28593_0,0.0767264,"{""type"":""MultiPoint"",""coordinates"":[]}"
28595_0,0.062192984,"{""type"":""MultiPoint"",""coordinates"":[]}"
28602_0,0.021119766,"{""type"":""MultiPoint"",""coordinates"":[]}"
28604_0,0.03296321,"{""type"":""MultiPoint"",""coordinates"":[]}"
28606_0,0.6156915,"{""type"":""MultiPoint"",""coordinates"":[]}"
28609_0,0.0867102,"{""type"":""MultiPoint"",""coordinates"":[]}"
28612_0,0.100524165,"{""type"":""MultiPoint"",""coordinates"":[]}"
28615_0,0.10059872,"{""type"":""MultiPoint"",""coordinates"":[]}"
28619_0,0.13934451,"{""type"":""MultiPoint"",""coordinates"":[]}"
28622_0,0.9697917,"{""type"":""MultiPoint"",""coordinates"":[]}"
28623_0,0.33560166,"{""type"":""MultiPoint"",""coordinates"":[]}"
28626_0,0.35081464,"{""type"":""MultiPoint"",""coordinates"":[]}"
28627_0,0.041731,"{""type"":""MultiPoint"",""coordinates"":[]}"
28633_0,0.112022206,"{""type"":""MultiPoint"",""coordinates"":[]}"
28635_0,0.03105774,"{""type"":""MultiPoint"",""coordinates"":[]}"
28637_0,0.32327378,"{""type"":""MultiPoint"",""coordinates"":[]}"
28639_0,0.10285099,"{""type"":""MultiPoint"",""coordinates"":[]}"
28646_0,0.0922049,"{""type"":""MultiPoint"",""coordinates"":[]}"
28647_0,0.41894016,"{""type"":""MultiPoint"",""coordinates"":[]}"
28649_0,0.3023574,"{""type"":""MultiPoint"",""coordinates"":[]}"
28650_0,0.43868947,"{""type"":""MultiPoint"",""coordinates"":[]}"
28651_0,0.03296321,"{""type"":""MultiPoint"",""coordinates"":[]}"
28652_0,0.4976047,"{""type"":""MultiPoint"",""coordinates"":[]}"
28653_0,0.24334088,"{""type"":""MultiPoint"",""coordinates"":[]}"
28655_0,0.3287856,"{""type"":""MultiPoint"",""coordinates"":[]}"
28656_0,0.06460922,"{""type"":""MultiPoint"",""coordinates"":[]}"
28660_0,0.3731105,"{""type"":""MultiPoint"",""coordinates"":[]}"
28661_0,0.15116692,"{""type"":""MultiPoint"",""coordinates"":[]}"
28663_0,0.0024157963,"{""type"":""MultiPoint"",""coordinates"":[]}"
28665_0,0.14729375,"{""type"":""MultiPoint"",""coordinates"":[]}"
28668_0,0.041450344,"{""type"":""MultiPoint"",""coordinates"":[]}"
28669_0,0.04254737,"{""type"":""MultiPoint"",""coordinates"":[]}"
28674_0,0.38057765,"{""type"":""MultiPoint"",""coordinates"":[]}"
28675_0,0.105786815,"{""type"":""MultiPoint"",""coordinates"":[]}"
28678_0,0.13803168,"{""type"":""MultiPoint"",""coordinates"":[]}"
28682_0,0.14292909,"{""type"":""MultiPoint"",""coordinates"":[]}"
28683_0,0.07307701,"{""type"":""MultiPoint"",""coordinates"":[]}"
28685_0,0.38543224,"{""type"":""MultiPoint"",""coordinates"":[]}"
28689_0,0.021491943,"{""type"":""MultiPoint"",""coordinates"":[]}"
28690_0,0.22234431,"{""type"":""MultiPoint"",""coordinates"":[]}"
28691_0,0.35658762,"{""type"":""MultiPoint"",""coordinates"":[]}"
28695_0,0.08408155,"{""type"":""MultiPoint"",""coordinates"":[]}"
28697_0,0.11106086,"{""type"":""MultiPoint"",""coordinates"":[]}"
28699_0,0.3392879,"{""type"":""MultiPoint"",""coordinates"":[]}"
28701_0,0.40199426,"{""type"":""MultiPoint"",""coordinates"":[]}"
28702_0,0.10285099,"{""type"":""MultiPoint"",""coordinates"":[]}"
28703_0,0.092969,"{""type"":""MultiPoint"",""coordinates"":[]}"
28707_0,0.14729375,"{""type"":""MultiPoint"",""coordinates"":[]}"
28708_0,0.062192984,"{""type"":""MultiPoint"",""coordinates"":[]}"
28709_0,0.08271224,"{""type"":""MultiPoint"",""coordinates"":[]}"
28710_0,0.983335,"{""type"":""MultiPoint"",""coordinates"":[]}"
28711_0,0.29953003,"{""type"":""MultiPoint"",""coordinates"":[]}"
28716_0,0.09554416,"{""type"":""MultiPoint"",""coordinates"":[]}"
28717_0,0.983335,"{""type"":""MultiPoint"",""coordinates"":[]}"
28718_0,0.030385124,"{""type"":""MultiPoint"",""coordinates"":[]}"
28720_0,0.29140612,"{""type"":""MultiPoint"",""coordinates"":[]}"
28723_0,0.9746112,"{""type"":""MultiPoint"",""coordinates"":[]}"
28724_0,0.3392879,"{""type"":""MultiPoint"",""coordinates"":[]}"
28725_0,0.031921264,"{""type"":""MultiPoint"",""coordinates"":[]}"
28729_0,0.019118372,"{""type"":""MultiPoint"",""coordinates"":[]}"
28734_0,0.23077728,"{""type"":""MultiPoint"",""coordinates"":[]}"
28735_0,0.002808498,"{""type"":""MultiPoint"",""coordinates"":[]}"
28736_0,0.53552365,"{""type"":""MultiPoint"",""coordinates"":[]}"
28738_0,0.16716835,"{""type"":""MultiPoint"",""coordinates"":[]}"
28743_0,0.14983216,"{""type"":""MultiPoint"",""coordinates"":[]}"
28744_0,0.33915097,"{""type"":""MultiPoint"",""coordinates"":[]}"
28745_0,0.0725304,"{""type"":""MultiPoint"",""coordinates"":[]}"
28747_0,0.06714762,"{""type"":""MultiPoint"",""coordinates"":[]}"
28751_0,0.96710306,"{""type"":""MultiPoint"",""coordinates"":[]}"
28752_0,0.34899682,"{""type"":""MultiPoint"",""coordinates"":[]}"
28757_0,0.062192984,"{""type"":""MultiPoint"",""coordinates"":[]}"
28758_0,0.1316413,"{""type"":""MultiPoint"",""coordinates"":[]}"
28765_0,0.02520113,"{""type"":""MultiPoint"",""coordinates"":[]}"
28771_0,0.057713464,"{""type"":""MultiPoint"",""coordinates"":[]}"
28775_0,0.08170499,"{""type"":""MultiPoint"",""coordinates"":[]}"
28778_0,0.19224364,"{""type"":""MultiPoint"",""coordinates"":[]}"
28779_0,0.3544604,"{""type"":""MultiPoint"",""coordinates"":[]}"
28780_0,0.7351673,"{""type"":""MultiPoint"",""coordinates"":[]}"
28781_0,0.11573105,"{""type"":""MultiPoint"",""coordinates"":[]}"
28782_0,0.11382693,"{""type"":""MultiPoint"",""coordinates"":[]}"
28787_0,0.11084138,"{""type"":""MultiPoint"",""coordinates"":[]}"
28793_0,0.3851201,"{""type"":""MultiPoint"",""coordinates"":[]}"
28795_0,0.043471206,"{""type"":""MultiPoint"",""coordinates"":[]}"
28798_0,0.18877323,"{""type"":""MultiPoint"",""coordinates"":[]}"
28802_0,0.17502892,"{""type"":""MultiPoint"",""coordinates"":[]}"
28804_0,0.09343831,"{""type"":""MultiPoint"",""coordinates"":[]}"
28805_0,0.2177061,"{""type"":""MultiPoint"",""coordinates"":[]}"
28806_0,0.4998201,"{""type"":""MultiPoint"",""coordinates"":[]}"
28808_0,0.12403467,"{""type"":""MultiPoint"",""coordinates"":[]}"
28810_0,0.114047475,"{""type"":""MultiPoint"",""coordinates"":[]}"
28812_0,0.09838459,"{""type"":""MultiPoint"",""coordinates"":[]}"
28813_0,0.17902705,"{""type"":""MultiPoint"",""coordinates"":[]}"
28814_0,0.15916133,"{""type"":""MultiPoint"",""coordinates"":[]}"
28815_0,0.05509584,"{""type"":""MultiPoint"",""coordinates"":[]}"
28816_0,0.002479882,"{""type"":""MultiPoint"",""coordinates"":[]}"
28819_0,0.43868947,"{""type"":""MultiPoint"",""coordinates"":[]}"
28821_0,0.21358223,"{""type"":""MultiPoint"",""coordinates"":[]}"
28822_0,0.036019072,"{""type"":""MultiPoint"",""coordinates"":[]}"
28824_0,0.06994072,"{""type"":""MultiPoint"",""coordinates"":[]}"
28825_0,0.09404807,"{""type"":""MultiPoint"",""coordinates"":[]}"
28826_0,0.03296321,"{""type"":""MultiPoint"",""coordinates"":[]}"
28827_0,0.10795425,"{""type"":""MultiPoint"",""coordinates"":[]}"
28831_0,0.013868708,"{""type"":""MultiPoint"",""coordinates"":[]}"
28832_0,0.10285099,"{""type"":""MultiPoint"",""coordinates"":[]}"
28833_0,0.26941687,"{""type"":""MultiPoint"",""coordinates"":[]}"
28835_0,0.076491505,"{""type"":""MultiPoint"",""coordinates"":[]}"
28837_0,0.17902705,"{""type"":""MultiPoint"",""coordinates"":[]}"
28838_0,0.7350009,"{""type"":""MultiPoint"",""coordinates"":[]}"
28839_0,0.010674164,"{""type"":""MultiPoint"",""coordinates"":[]}"
28841_0,0.06949889,"{""type"":""MultiPoint"",""coordinates"":[]}"
28843_0,0.6246548,"{""type"":""MultiPoint"",""coordinates"":[]}"
28845_0,0.22226442,"{""type"":""MultiPoint"",""coordinates"":[]}"
28847_0,0.11629032,"{""type"":""MultiPoint"",""coordinates"":[]}"
28848_0,0.05860911,"{""type"":""MultiPoint"",""coordinates"":[]}"
28850_0,0.11975249,"{""type"":""MultiPoint"",""coordinates"":[]}"
28851_0,0.4473928,"{""type"":""MultiPoint"",""coordinates"":[]}"
28854_0,0.1996703,"{""type"":""MultiPoint"",""coordinates"":[]}"
28856_0,0.0908046,"{""type"":""MultiPoint"",""coordinates"":[]}"
28857_0,0.09334352,"{""type"":""MultiPoint"",""coordinates"":[]}"
28858_0,0.19359218,"{""type"":""MultiPoint"",""coordinates"":[]}"
28859_0,0.08016755,"{""type"":""MultiPoint"",""coordinates"":[]}"
28861_0,0.023014698,"{""type"":""MultiPoint"",""coordinates"":[]}"
28864_0,0.072410844,"{""type"":""MultiPoint"",""coordinates"":[]}"
28865_0,0.016271846,"{""type"":""MultiPoint"",""coordinates"":[]}"
28866_0,0.10829289,"{""type"":""MultiPoint"",""coordinates"":[]}"
28873_0,0.10631123,"{""type"":""MultiPoint"",""coordinates"":[]}"
28874_0,0.7960194,"{""type"":""MultiPoint"",""coordinates"":[]}"
28877_0,0.03531502,"{""type"":""MultiPoint"",""coordinates"":[]}"
28878_0,0.97921926,"{""type"":""MultiPoint"",""coordinates"":[]}"
28879_0,0.075081296,"{""type"":""MultiPoint"",""coordinates"":[]}"
28881_0,0.07699686,"{""type"":""MultiPoint"",""coordinates"":[]}"
28884_0,0.3875038,"{""type"":""MultiPoint"",""coordinates"":[]}"
28885_0,0.07772712,"{""type"":""MultiPoint"",""coordinates"":[]}"
28886_0,0.12563357,"{""type"":""MultiPoint"",""coordinates"":[]}"
28887_0,0.18456773,"{""type"":""MultiPoint"",""coordinates"":[]}"
28888_0,0.36828622,"{""type"":""MultiPoint"",""coordinates"":[]}"
28890_0,0.41358295,"{""type"":""MultiPoint"",""coordinates"":[]}"
28892_0,0.08042322,"{""type"":""MultiPoint"",""coordinates"":[]}"
28900_0,0.458444,"{""type"":""MultiPoint"",""coordinates"":[]}"
28902_0,0.073926896,"{""type"":""MultiPoint"",""coordinates"":[]}"
28905_0,0.47973806,"{""type"":""MultiPoint"",""coordinates"":[]}"
28906_0,0.39804915,"{""type"":""MultiPoint"",""coordinates"":[]}"
28907_0,0.12958813,"{""type"":""MultiPoint"",""coordinates"":[]}"
28908_0,0.032495603,"{""type"":""MultiPoint"",""coordinates"":[]}"
28910_0,0.14462978,"{""type"":""MultiPoint"",""coordinates"":[]}"
28918_0,0.023443285,"{""type"":""MultiPoint"",""coordinates"":[]}"
28924_0,0.7714504,"{""type"":""MultiPoint"",""coordinates"":[]}"
28925_0,0.0773526,"{""type"":""MultiPoint"",""coordinates"":[]}"
28926_0,0.09396305,"{""type"":""MultiPoint"",""coordinates"":[]}"
28927_0,0.256283,"{""type"":""MultiPoint"",""coordinates"":[]}"
28930_0,0.075928405,"{""type"":""MultiPoint"",""coordinates"":[]}"
28933_0,0.2636579,"{""type"":""MultiPoint"",""coordinates"":[]}"
28938_0,0.35924155,"{""type"":""MultiPoint"",""coordinates"":[]}"
28939_0,0.059212394,"{""type"":""MultiPoint"",""coordinates"":[]}"
28943_0,0.0024157963,"{""type"":""MultiPoint"",""coordinates"":[]}"
28945_0,0.39356536,"{""type"":""MultiPoint"",""coordinates"":[]}"
28946_0,0.99027526,"{""type"":""MultiPoint"",""coordinates"":[]}"
28948_0,0.10789782,"{""type"":""MultiPoint"",""coordinates"":[]}"
28950_0,0.19546548,"{""type"":""MultiPoint"",""coordinates"":[]}"
28952_0,0.055208884,"{""type"":""MultiPoint"",""coordinates"":[]}"
28953_0,0.06513302,"{""type"":""MultiPoint"",""coordinates"":[]}"
28957_0,0.020039147,"{""type"":""MultiPoint"",""coordinates"":[]}"
28962_0,0.96969193,"{""type"":""MultiPoint"",""coordinates"":[]}"
28966_0,0.98686725,"{""type"":""MultiPoint"",""coordinates"":[]}"
28969_0,0.04262182,"{""type"":""MultiPoint"",""coordinates"":[]}"
28970_0,0.042163946,"{""type"":""MultiPoint"",""coordinates"":[]}"
28976_0,0.99705863,"{""type"":""MultiPoint"",""coordinates"":[]}"
28977_0,0.18456773,"{""type"":""MultiPoint"",""coordinates"":[]}"
28978_0,0.0048861727,"{""type"":""MultiPoint"",""coordinates"":[]}"
28979_0,0.06419757,"{""type"":""MultiPoint"",""coordinates"":[]}"
28982_0,0.062192984,"{""type"":""MultiPoint"",""coordinates"":[]}"
28983_0,0.09495226,"{""type"":""MultiPoint"",""coordinates"":[]}"
28985_0,0.12057206,"{""type"":""MultiPoint"",""coordinates"":[]}"
28986_0,0.051165476,"{""type"":""MultiPoint"",""coordinates"":[]}"
28991_0,0.13498071,"{""type"":""MultiPoint"",""coordinates"":[]}"
28992_0,0.09343831,"{""type"":""MultiPoint"",""coordinates"":[]}"
28995_0,0.036524687,"{""type"":""MultiPoint"",""coordinates"":[]}"
28996_0,0.10285099,"{""type"":""MultiPoint"",""coordinates"":[]}"
28998_0,0.1167769,"{""type"":""MultiPoint"",""coordinates"":[]}"
28999_0,0.21630241,"{""type"":""MultiPoint"",""coordinates"":[]}"
29000_0,0.07958201,"{""type"":""MultiPoint"",""coordinates"":[]}"
29003_0,0.0023814659,"{""type"":""MultiPoint"",""coordinates"":[]}"
29004_0,0.07462469,"{""type"":""MultiPoint"",""coordinates"":[]}"
29005_0,0.014133324,"{""type"":""MultiPoint"",""coordinates"":[]}"
29008_0,0.4359079,"{""type"":""MultiPoint"",""coordinates"":[]}"
29010_0,0.23077728,"{""type"":""MultiPoint"",""coordinates"":[]}"
29015_0,0.14597683,"{""type"":""MultiPoint"",""coordinates"":[]}"
29017_0,0.35658762,"{""type"":""MultiPoint"",""coordinates"":[]}"
29024_0,0.053097438,"{""type"":""MultiPoint"",""coordinates"":[]}"
29025_0,0.3875038,"{""type"":""MultiPoint"",""coordinates"":[]}"
29026_0,0.99471366,"{""type"":""MultiPoint"",""coordinates"":[]}"
29029_0,0.9984116,"{""type"":""MultiPoint"",""coordinates"":[]}"
29030_0,0.10285099,"{""type"":""MultiPoint"",""coordinates"":[]}"
29032_0,0.12563848,"{""type"":""MultiPoint"",""coordinates"":[]}"
29035_0,0.0139602395,"{""type"":""MultiPoint"",""coordinates"":[]}"
29039_0,0.05677155,"{""type"":""MultiPoint"",""coordinates"":[]}"
29044_0,0.35924155,"{""type"":""MultiPoint"",""coordinates"":[]}"
29046_0,0.11715272,"{""type"":""MultiPoint"",""coordinates"":[]}"
29047_0,0.13106167,"{""type"":""MultiPoint"",""coordinates"":[]}"
29051_0,0.07669952,"{""type"":""MultiPoint"",""coordinates"":[]}"
29052_0,0.24355017,"{""type"":""MultiPoint"",""coordinates"":[]}"
29053_0,0.28046545,"{""type"":""MultiPoint"",""coordinates"":[]}"
29055_0,0.39374664,"{""type"":""MultiPoint"",""coordinates"":[]}"
29065_0,0.17502892,"{""type"":""MultiPoint"",""coordinates"":[]}"
29070_0,0.050551385,"{""type"":""MultiPoint"",""coordinates"":[]}"
29073_0,0.2769399,"{""type"":""MultiPoint"",""coordinates"":[]}"
29075_0,0.3703644,"{""type"":""MultiPoint"",""coordinates"":[]}"
29078_0,0.0024157963,"{""type"":""MultiPoint"",""coordinates"":[]}"
29083_0,0.24355017,"{""type"":""MultiPoint"",""coordinates"":[]}"
29086_0,0.9969554,"{""type"":""MultiPoint"",""coordinates"":[]}"
29087_0,0.23312505,"{""type"":""MultiPoint"",""coordinates"":[]}"
29091_0,0.11229959,"{""type"":""MultiPoint"",""coordinates"":[]}"
29093_0,0.12230826,"{""type"":""MultiPoint"",""coordinates"":[]}"
29095_0,0.11579308,"{""type"":""MultiPoint"",""coordinates"":[]}"
29096_0,0.38543224,"{""type"":""MultiPoint"",""coordinates"":[]}"
29104_0,0.099711925,"{""type"":""MultiPoint"",""coordinates"":[]}"
29109_0,0.09600898,"{""type"":""MultiPoint"",""coordinates"":[]}"
29113_0,0.022156408,"{""type"":""MultiPoint"",""coordinates"":[]}"
29114_0,0.035022877,"{""type"":""MultiPoint"",""coordinates"":[]}"
29115_0,0.08960526,"{""type"":""MultiPoint"",""coordinates"":[]}"
29116_0,0.08920848,"{""type"":""MultiPoint"",""coordinates"":[]}"
29118_0,0.10285099,"{""type"":""MultiPoint"",""coordinates"":[]}"
29120_0,0.23312505,"{""type"":""MultiPoint"",""coordinates"":[]}"
29121_0,0.27783403,"{""type"":""MultiPoint"",""coordinates"":[]}"
29122_0,0.35924155,"{""type"":""MultiPoint"",""coordinates"":[]}"
29123_0,0.17230389,"{""type"":""MultiPoint"",""coordinates"":[]}"
29124_0,5.7894044E-4,"{""type"":""MultiPoint"",""coordinates"":[]}"
29127_0,0.0959975,"{""type"":""MultiPoint"",""coordinates"":[]}"
29129_0,0.0879931,"{""type"":""MultiPoint"",""coordinates"":[]}"
29130_0,0.050773166,"{""type"":""MultiPoint"",""coordinates"":[]}"
29134_0,0.025640285,"{""type"":""MultiPoint"",""coordinates"":[]}"
29135_0,0.02278664,"{""type"":""MultiPoint"",""coordinates"":[]}"
29136_0,0.61749727,"{""type"":""MultiPoint"",""coordinates"":[]}"
29140_0,0.12646525,"{""type"":""MultiPoint"",""coordinates"":[]}"
29142_0,0.3149819,"{""type"":""MultiPoint"",""coordinates"":[]}"
29149_0,0.5077581,"{""type"":""MultiPoint"",""coordinates"":[]}"
29150_0,0.100321904,"{""type"":""MultiPoint"",""coordinates"":[]}"
29156_0,0.07497728,"{""type"":""MultiPoint"",""coordinates"":[]}"
29158_0,0.17502892,"{""type"":""MultiPoint"",""coordinates"":[]}"
29160_0,0.3544604,"{""type"":""MultiPoint"",""coordinates"":[]}"
29161_0,0.07870284,"{""type"":""MultiPoint"",""coordinates"":[]}"
29162_0,0.075928405,"{""type"":""MultiPoint"",""coordinates"":[]}"
29163_0,0.059212394,"{""type"":""MultiPoint"",""coordinates"":[]}"
29165_0,0.2071141,"{""type"":""MultiPoint"",""coordinates"":[]}"
29172_0,0.19642396,"{""type"":""MultiPoint"",""coordinates"":[]}"
29177_0,0.13273108,"{""type"":""MultiPoint"",""coordinates"":[]}"
29179_0,0.99708134,"{""type"":""MultiPoint"",""coordinates"":[]}"
29181_0,0.07497728,"{""type"":""MultiPoint"",""coordinates"":[]}"
29184_0,0.023014698,"{""type"":""MultiPoint"",""coordinates"":[]}"
29185_0,0.035828542,"{""type"":""MultiPoint"",""coordinates"":[]}"
29186_0,0.057327054,"{""type"":""MultiPoint"",""coordinates"":[]}"
29188_0,0.9927683,"{""type"":""MultiPoint"",""coordinates"":[]}"
29190_0,0.063124426,"{""type"":""MultiPoint"",""coordinates"":[]}"
29196_0,0.12776384,"{""type"":""MultiPoint"",""coordinates"":[]}"
29198_0,0.16648407,"{""type"":""MultiPoint"",""coordinates"":[]}"
29199_0,0.10100296,"{""type"":""MultiPoint"",""coordinates"":[]}"
29200_0,0.22186464,"{""type"":""MultiPoint"",""coordinates"":[]}"
29201_0,0.075928405,"{""type"":""MultiPoint"",""coordinates"":[]}"
29202_0,0.07669952,"{""type"":""MultiPoint"",""coordinates"":[]}"
29203_0,0.105786815,"{""type"":""MultiPoint"",""coordinates"":[]}"
29204_0,0.55489296,"{""type"":""MultiPoint"",""coordinates"":[]}"
29207_0,0.18456773,"{""type"":""MultiPoint"",""coordinates"":[]}"
29209_0,0.10285099,"{""type"":""MultiPoint"",""coordinates"":[]}"
29212_0,0.18906175,"{""type"":""MultiPoint"",""coordinates"":[]}"
29213_0,0.7572673,"{""type"":""MultiPoint"",""coordinates"":[]}"
29222_0,0.75674397,"{""type"":""MultiPoint"",""coordinates"":[]}"
29224_0,0.25650725,"{""type"":""MultiPoint"",""coordinates"":[]}"
29228_0,0.22559902,"{""type"":""MultiPoint"",""coordinates"":[]}"
29239_0,0.4802776,"{""type"":""MultiPoint"",""coordinates"":[]}"
29251_0,0.55724895,"{""type"":""MultiPoint"",""coordinates"":[]}"
29255_0,0.010434717,"{""type"":""MultiPoint"",""coordinates"":[]}"
29257_0,0.19359218,"{""type"":""MultiPoint"",""coordinates"":[]}"
29258_0,0.4570761,"{""type"":""MultiPoint"",""coordinates"":[]}"
29259_0,0.105786815,"{""type"":""MultiPoint"",""coordinates"":[]}"
29260_0,0.3068431,"{""type"":""MultiPoint"",""coordinates"":[]}"
29265_0,0.06765379,"{""type"":""MultiPoint"",""coordinates"":[]}"
29266_0,0.019925795,"{""type"":""MultiPoint"",""coordinates"":[]}"
29269_0,0.0010910169,"{""type"":""MultiPoint"",""coordinates"":[]}"
29271_0,0.29140612,"{""type"":""MultiPoint"",""coordinates"":[]}"
29273_0,0.059212394,"{""type"":""MultiPoint"",""coordinates"":[]}"
29274_0,0.062192984,"{""type"":""MultiPoint"",""coordinates"":[]}"
29275_0,0.2265144,"{""type"":""MultiPoint"",""coordinates"":[]}"
29278_0,0.10695041,"{""type"":""MultiPoint"",""coordinates"":[]}"
29279_0,0.0867102,"{""type"":""MultiPoint"",""coordinates"":[]}"
29281_0,0.0867102,"{""type"":""MultiPoint"",""coordinates"":[]}"
29284_0,0.063124426,"{""type"":""MultiPoint"",""coordinates"":[]}"
29287_0,0.20391671,"{""type"":""MultiPoint"",""coordinates"":[]}"
29291_0,0.29140612,"{""type"":""MultiPoint"",""coordinates"":[]}"
29292_0,0.95538694,"{""type"":""MultiPoint"",""coordinates"":[]}"
29293_0,0.18877323,"{""type"":""MultiPoint"",""coordinates"":[]}"
29299_0,0.074546695,"{""type"":""MultiPoint"",""coordinates"":[]}"
29301_0,0.022064786,"{""type"":""MultiPoint"",""coordinates"":[]}"
29307_0,0.10952454,"{""type"":""MultiPoint"",""coordinates"":[]}"
29309_0,0.161814,"{""type"":""MultiPoint"",""coordinates"":[]}"
29311_0,0.45979995,"{""type"":""MultiPoint"",""coordinates"":[]}"
29313_0,0.026273143,"{""type"":""MultiPoint"",""coordinates"":[]}"
29314_0,0.17152493,"{""type"":""MultiPoint"",""coordinates"":[]}"
29316_0,0.18456773,"{""type"":""MultiPoint"",""coordinates"":[]}"
29321_0,0.060420234,"{""type"":""MultiPoint"",""coordinates"":[]}"
29327_0,0.12755437,"{""type"":""MultiPoint"",""coordinates"":[]}"
29330_0,0.06557084,"{""type"":""MultiPoint"",""coordinates"":[]}"
29331_0,0.10285099,"{""type"":""MultiPoint"",""coordinates"":[]}"
29334_0,0.075928405,"{""type"":""MultiPoint"",""coordinates"":[]}"
29337_0,0.24009055,"{""type"":""MultiPoint"",""coordinates"":[]}"
29339_0,0.06811396,"{""type"":""MultiPoint"",""coordinates"":[]}"
29340_0,0.7736855,"{""type"":""MultiPoint"",""coordinates"":[]}"
29341_0,0.12343565,"{""type"":""MultiPoint"",""coordinates"":[]}"
29342_0,0.060420234,"{""type"":""MultiPoint"",""coordinates"":[]}"
29358_0,0.18456773,"{""type"":""MultiPoint"",""coordinates"":[]}"
29360_0,0.15376611,"{""type"":""MultiPoint"",""coordinates"":[]}"
29361_0,0.9449744,"{""type"":""MultiPoint"",""coordinates"":[]}"
29362_0,0.0014359325,"{""type"":""MultiPoint"",""coordinates"":[]}"
29364_0,0.025907684,"{""type"":""MultiPoint"",""coordinates"":[]}"
29365_0,0.39804915,"{""type"":""MultiPoint"",""coordinates"":[]}"
29366_0,0.18456773,"{""type"":""MultiPoint"",""coordinates"":[]}"
29367_0,0.13296287,"{""type"":""MultiPoint"",""coordinates"":[]}"
29370_0,0.06288137,"{""type"":""MultiPoint"",""coordinates"":[]}"
29373_0,0.1666878,"{""type"":""MultiPoint"",""coordinates"":[]}"
29374_0,0.3804393,"{""type"":""MultiPoint"",""coordinates"":[]}"
29376_0,0.023014698,"{""type"":""MultiPoint"",""coordinates"":[]}"
29377_0,0.7441822,"{""type"":""MultiPoint"",""coordinates"":[]}"
29379_0,0.09288321,"{""type"":""MultiPoint"",""coordinates"":[]}"
29380_0,0.14202748,"{""type"":""MultiPoint"",""coordinates"":[]}"
29381_0,0.4185846,"{""type"":""MultiPoint"",""coordinates"":[]}"
29384_0,0.1093405,"{""type"":""MultiPoint"",""coordinates"":[]}"
29385_0,0.1390993,"{""type"":""MultiPoint"",""coordinates"":[]}"
29387_0,0.048695814,"{""type"":""MultiPoint"",""coordinates"":[]}"
29388_0,0.0070274267,"{""type"":""MultiPoint"",""coordinates"":[]}"
29389_0,0.08033993,"{""type"":""MultiPoint"",""coordinates"":[]}"
29391_0,0.7357671,"{""type"":""MultiPoint"",""coordinates"":[]}"
29392_0,0.21194719,"{""type"":""MultiPoint"",""coordinates"":[]}"
29395_0,0.06765379,"{""type"":""MultiPoint"",""coordinates"":[]}"
29396_0,0.17375225,"{""type"":""MultiPoint"",""coordinates"":[]}"
29400_0,0.09460962,"{""type"":""MultiPoint"",""coordinates"":[]}"
29406_0,0.08810039,"{""type"":""MultiPoint"",""coordinates"":[]}"
29407_0,0.24355017,"{""type"":""MultiPoint"",""coordinates"":[]}"
29409_0,0.18877323,"{""type"":""MultiPoint"",""coordinates"":[]}"
29410_0,0.64449894,"{""type"":""MultiPoint"",""coordinates"":[]}"
29411_0,0.2701993,"{""type"":""MultiPoint"",""coordinates"":[]}"
29415_0,0.09343831,"{""type"":""MultiPoint"",""coordinates"":[]}"
29418_0,0.45163527,"{""type"":""MultiPoint"",""coordinates"":[]}"
29420_0,0.17796138,"{""type"":""MultiPoint"",""coordinates"":[]}"
29421_0,0.1075159,"{""type"":""MultiPoint"",""coordinates"":[]}"
29422_0,0.037136648,"{""type"":""MultiPoint"",""coordinates"":[]}"
29423_0,0.4364525,"{""type"":""MultiPoint"",""coordinates"":[]}"
29426_0,0.18998411,"{""type"":""MultiPoint"",""coordinates"":[]}"
29430_0,0.6896748,"{""type"":""MultiPoint"",""coordinates"":[]}"
29434_0,0.40898508,"{""type"":""MultiPoint"",""coordinates"":[]}"
29439_0,0.96922016,"{""type"":""MultiPoint"",""coordinates"":[]}"
29442_0,0.29367673,"{""type"":""MultiPoint"",""coordinates"":[]}"
29446_0,0.0756728,"{""type"":""MultiPoint"",""coordinates"":[]}"
29447_0,0.037192237,"{""type"":""MultiPoint"",""coordinates"":[]}"
29449_0,0.25491023,"{""type"":""MultiPoint"",""coordinates"":[]}"
29454_0,0.13526888,"{""type"":""MultiPoint"",""coordinates"":[]}"
29457_0,0.7090576,"{""type"":""MultiPoint"",""coordinates"":[]}"
29459_0,0.10285099,"{""type"":""MultiPoint"",""coordinates"":[]}"
29461_0,0.35409546,"{""type"":""MultiPoint"",""coordinates"":[]}"
29463_0,0.09343831,"{""type"":""MultiPoint"",""coordinates"":[]}"
29469_0,0.022064786,"{""type"":""MultiPoint"",""coordinates"":[]}"
29475_0,0.0075144735,"{""type"":""MultiPoint"",""coordinates"":[]}"
29477_0,0.09373933,"{""type"":""MultiPoint"",""coordinates"":[]}"
29479_0,0.16722623,"{""type"":""MultiPoint"",""coordinates"":[]}"
29482_0,0.11331291,"{""type"":""MultiPoint"",""coordinates"":[]}"
29485_0,0.41026428,"{""type"":""MultiPoint"",""coordinates"":[]}"
29486_0,8.9930696E-4,"{""type"":""MultiPoint"",""coordinates"":[]}"
29487_0,3.9625476E-4,"{""type"":""MultiPoint"",""coordinates"":[]}"
29488_0,0.09274447,"{""type"":""MultiPoint"",""coordinates"":[]}"
29489_0,0.48702824,"{""type"":""MultiPoint"",""coordinates"":[]}"
29491_0,0.57280606,"{""type"":""MultiPoint"",""coordinates"":[]}"
29492_0,0.0031699294,"{""type"":""MultiPoint"",""coordinates"":[]}"
29493_0,0.12411288,"{""type"":""MultiPoint"",""coordinates"":[]}"
29494_0,0.14462978,"{""type"":""MultiPoint"",""coordinates"":[]}"
29496_0,0.013680673,"{""type"":""MultiPoint"",""coordinates"":[]}"
29497_0,0.11573818,"{""type"":""MultiPoint"",""coordinates"":[]}"
29503_0,0.012327017,"{""type"":""MultiPoint"",""coordinates"":[]}"
29505_0,0.25650725,"{""type"":""MultiPoint"",""coordinates"":[]}"
29511_0,0.022156408,"{""type"":""MultiPoint"",""coordinates"":[]}"
29513_0,0.99708134,"{""type"":""MultiPoint"",""coordinates"":[]}"
29515_0,0.16330042,"{""type"":""MultiPoint"",""coordinates"":[]}"
29517_0,0.3562196,"{""type"":""MultiPoint"",""coordinates"":[]}"
29518_0,0.4051407,"{""type"":""MultiPoint"",""coordinates"":[]}"
29521_0,0.13919297,"{""type"":""MultiPoint"",""coordinates"":[]}"
29526_0,0.7709468,"{""type"":""MultiPoint"",""coordinates"":[]}"
29529_0,0.0018390493,"{""type"":""MultiPoint"",""coordinates"":[]}"
29533_0,0.7767333,"{""type"":""MultiPoint"",""coordinates"":[]}"
29536_0,0.5989505,"{""type"":""MultiPoint"",""coordinates"":[]}"
29537_0,0.10285099,"{""type"":""MultiPoint"",""coordinates"":[]}"
29538_0,0.9967477,"{""type"":""MultiPoint"",""coordinates"":[]}"
29540_0,0.10651313,"{""type"":""MultiPoint"",""coordinates"":[]}"
29542_0,0.7767333,"{""type"":""MultiPoint"",""coordinates"":[]}"
29544_0,0.028991824,"{""type"":""MultiPoint"",""coordinates"":[]}"
29545_0,0.0139602395,"{""type"":""MultiPoint"",""coordinates"":[]}"
29550_0,0.10061891,"{""type"":""MultiPoint"",""coordinates"":[]}"
29552_0,0.08009573,"{""type"":""MultiPoint"",""coordinates"":[]}"
29553_0,0.010467444,"{""type"":""MultiPoint"",""coordinates"":[]}"
29554_0,0.12123924,"{""type"":""MultiPoint"",""coordinates"":[]}"
29558_0,0.09600898,"{""type"":""MultiPoint"",""coordinates"":[]}"
29562_0,0.6035624,"{""type"":""MultiPoint"",""coordinates"":[]}"
29571_0,0.50064844,"{""type"":""MultiPoint"",""coordinates"":[]}"
29572_0,0.47382164,"{""type"":""MultiPoint"",""coordinates"":[]}"
29573_0,0.17381608,"{""type"":""MultiPoint"",""coordinates"":[]}"
29575_0,0.22559902,"{""type"":""MultiPoint"",""coordinates"":[]}"
29578_0,0.5725407,"{""type"":""MultiPoint"",""coordinates"":[]}"
29582_0,0.1824619,"{""type"":""MultiPoint"",""coordinates"":[]}"
29585_0,0.03027198,"{""type"":""MultiPoint"",""coordinates"":[]}"
29587_0,0.24566188,"{""type"":""MultiPoint"",""coordinates"":[]}"
29589_0,0.19388588,"{""type"":""MultiPoint"",""coordinates"":[]}"
29590_0,0.011475624,"{""type"":""MultiPoint"",""coordinates"":[]}"
29592_0,0.42665553,"{""type"":""MultiPoint"",""coordinates"":[]}"
29593_0,0.09864969,"{""type"":""MultiPoint"",""coordinates"":[]}"
29595_0,0.23077728,"{""type"":""MultiPoint"",""coordinates"":[]}"
29597_0,0.0139602395,"{""type"":""MultiPoint"",""coordinates"":[]}"
29599_0,0.10285099,"{""type"":""MultiPoint"",""coordinates"":[]}"
29600_0,0.12990949,"{""type"":""MultiPoint"",""coordinates"":[]}"
29601_0,0.18098575,"{""type"":""MultiPoint"",""coordinates"":[]}"
29603_0,0.3967344,"{""type"":""MultiPoint"",""coordinates"":[]}"
29607_0,0.066371836,"{""type"":""MultiPoint"",""coordinates"":[]}"
29608_0,0.06407895,"{""type"":""MultiPoint"",""coordinates"":[]}"
29611_0,0.063124426,"{""type"":""MultiPoint"",""coordinates"":[]}"
29613_0,0.36119714,"{""type"":""MultiPoint"",""coordinates"":[]}"
29614_0,0.17604549,"{""type"":""MultiPoint"",""coordinates"":[]}"
29615_0,0.2636579,"{""type"":""MultiPoint"",""coordinates"":[]}"
29616_0,0.24355017,"{""type"":""MultiPoint"",""coordinates"":[]}"
29618_0,0.059212394,"{""type"":""MultiPoint"",""coordinates"":[]}"
29620_0,0.06765379,"{""type"":""MultiPoint"",""coordinates"":[]}"
29622_0,0.057327054,"{""type"":""MultiPoint"",""coordinates"":[]}"
29625_0,0.031937007,"{""type"":""MultiPoint"",""coordinates"":[]}"
29626_0,0.3392879,"{""type"":""MultiPoint"",""coordinates"":[]}"
29628_0,0.0024157963,"{""type"":""MultiPoint"",""coordinates"":[]}"
29634_0,0.19546548,"{""type"":""MultiPoint"",""coordinates"":[]}"
29640_0,0.039591555,"{""type"":""MultiPoint"",""coordinates"":[]}"
29641_0,0.06407895,"{""type"":""MultiPoint"",""coordinates"":[]}"
29642_0,0.04359596,"{""type"":""MultiPoint"",""coordinates"":[]}"
29644_0,0.12646525,"{""type"":""MultiPoint"",""coordinates"":[]}"
29645_0,0.07513506,"{""type"":""MultiPoint"",""coordinates"":[]}"
29650_0,0.3392879,"{""type"":""MultiPoint"",""coordinates"":[]}"
29653_0,0.21194719,"{""type"":""MultiPoint"",""coordinates"":[]}"
29656_0,0.3152313,"{""type"":""MultiPoint"",""coordinates"":[]}"
29658_0,0.009818769,"{""type"":""MultiPoint"",""coordinates"":[]}"
29660_0,0.01726994,"{""type"":""MultiPoint"",""coordinates"":[]}"
29663_0,0.0025054368,"{""type"":""MultiPoint"",""coordinates"":[]}"
29666_0,0.23609287,"{""type"":""MultiPoint"",""coordinates"":[]}"
29676_0,0.20286739,"{""type"":""MultiPoint"",""coordinates"":[]}"
29681_0,0.3675075,"{""type"":""MultiPoint"",""coordinates"":[]}"
29682_0,0.3909103,"{""type"":""MultiPoint"",""coordinates"":[]}"
29683_0,0.3197141,"{""type"":""MultiPoint"",""coordinates"":[]}"
29686_0,0.10285099,"{""type"":""MultiPoint"",""coordinates"":[]}"
29691_0,0.06823656,"{""type"":""MultiPoint"",""coordinates"":[]}"
29697_0,0.02278664,"{""type"":""MultiPoint"",""coordinates"":[]}"
29699_0,0.5422807,"{""type"":""MultiPoint"",""coordinates"":[]}"
29700_0,0.56562084,"{""type"":""MultiPoint"",""coordinates"":[]}"
29701_0,0.18016276,"{""type"":""MultiPoint"",""coordinates"":[]}"
29709_0,0.46707267,"{""type"":""MultiPoint"",""coordinates"":[]}"
29710_0,0.14299005,"{""type"":""MultiPoint"",""coordinates"":[]}"
29712_0,0.3734241,"{""type"":""MultiPoint"",""coordinates"":[]}"
29717_0,0.24566188,"{""type"":""MultiPoint"",""coordinates"":[]}"
29719_0,0.10404642,"{""type"":""MultiPoint"",""coordinates"":[]}"
29720_0,0.16892731,"{""type"":""MultiPoint"",""coordinates"":[]}"
29722_0,0.3703644,"{""type"":""MultiPoint"",""coordinates"":[]}"
29724_0,0.076491505,"{""type"":""MultiPoint"",""coordinates"":[]}"
29727_0,0.097796425,"{""type"":""MultiPoint"",""coordinates"":[]}"
29728_0,0.075928405,"{""type"":""MultiPoint"",""coordinates"":[]}"
29730_0,0.60276353,"{""type"":""MultiPoint"",""coordinates"":[]}"
29731_0,0.9506111,"{""type"":""MultiPoint"",""coordinates"":[]}"
29731_1,0.97921926,"{""type"":""MultiPoint"",""coordinates"":[]}"
29734_0,0.06765379,"{""type"":""MultiPoint"",""coordinates"":[]}"
29737_0,0.3968574,"{""type"":""MultiPoint"",""coordinates"":[]}"
29744_0,0.49125612,"{""type"":""MultiPoint"",""coordinates"":[]}"
29747_0,0.384725,"{""type"":""MultiPoint"",""coordinates"":[]}"
29748_0,0.071404904,"{""type"":""MultiPoint"",""coordinates"":[]}"
29752_0,0.0556459,"{""type"":""MultiPoint"",""coordinates"":[]}"
29755_0,0.0853373,"{""type"":""MultiPoint"",""coordinates"":[]}"
29757_0,0.075928405,"{""type"":""MultiPoint"",""coordinates"":[]}"
29759_0,0.10285099,"{""type"":""MultiPoint"",""coordinates"":[]}"
29764_0,0.06765379,"{""type"":""MultiPoint"",""coordinates"":[]}"
29766_0,0.32665104,"{""type"":""MultiPoint"",""coordinates"":[]}"
29767_0,0.059212394,"{""type"":""MultiPoint"",""coordinates"":[]}"
29772_0,1.3805933E-4,"{""type"":""MultiPoint"",""coordinates"":[]}"
29776_0,0.099124804,"{""type"":""MultiPoint"",""coordinates"":[]}"
29780_0,0.2438891,"{""type"":""MultiPoint"",""coordinates"":[]}"
29782_0,0.4802776,"{""type"":""MultiPoint"",""coordinates"":[]}"
29783_0,0.7767333,"{""type"":""MultiPoint"",""coordinates"":[]}"
29784_0,0.10285099,"{""type"":""MultiPoint"",""coordinates"":[]}"
29786_0,0.08985279,"{""type"":""MultiPoint"",""coordinates"":[]}"
29789_0,0.3544604,"{""type"":""MultiPoint"",""coordinates"":[]}"
29794_0,0.1715961,"{""type"":""MultiPoint"",""coordinates"":[]}"
29797_0,0.021491943,"{""type"":""MultiPoint"",""coordinates"":[]}"
29798_0,0.11573818,"{""type"":""MultiPoint"",""coordinates"":[]}"
29802_0,0.0039507053,"{""type"":""MultiPoint"",""coordinates"":[]}"
29803_0,0.1110861,"{""type"":""MultiPoint"",""coordinates"":[]}"
29808_0,0.16992156,"{""type"":""MultiPoint"",""coordinates"":[]}"
29812_0,0.01981849,"{""type"":""MultiPoint"",""coordinates"":[]}"
29815_0,0.04254737,"{""type"":""MultiPoint"",""coordinates"":[]}"
29816_0,0.5782405,"{""type"":""MultiPoint"",""coordinates"":[]}"
29818_0,0.19410792,"{""type"":""MultiPoint"",""coordinates"":[]}"
29819_0,0.10829289,"{""type"":""MultiPoint"",""coordinates"":[]}"
29821_0,0.71563214,"{""type"":""MultiPoint"",""coordinates"":[]}"
29826_0,0.0867102,"{""type"":""MultiPoint"",""coordinates"":[]}"
29829_0,0.3703644,"{""type"":""MultiPoint"",""coordinates"":[]}"
29830_0,0.99517864,"{""type"":""MultiPoint"",""coordinates"":[]}"
29831_0,0.014133324,"{""type"":""MultiPoint"",""coordinates"":[]}"
29834_0,0.079751395,"{""type"":""MultiPoint"",""coordinates"":[]}"
29835_0,0.03046439,"{""type"":""MultiPoint"",""coordinates"":[]}"
29837_0,0.06765379,"{""type"":""MultiPoint"",""coordinates"":[]}"
29839_0,0.31220087,"{""type"":""MultiPoint"",""coordinates"":[]}"
29845_0,0.08985279,"{""type"":""MultiPoint"",""coordinates"":[]}"
29846_0,0.034818273,"{""type"":""MultiPoint"",""coordinates"":[]}"
29849_0,0.056232087,"{""type"":""MultiPoint"",""coordinates"":[]}"
29850_0,0.063124426,"{""type"":""MultiPoint"",""coordinates"":[]}"
29851_0,0.11975249,"{""type"":""MultiPoint"",""coordinates"":[]}"
29852_0,0.0419056,"{""type"":""MultiPoint"",""coordinates"":[]}"
29853_0,0.05840087,"{""type"":""MultiPoint"",""coordinates"":[]}"
29857_0,0.2438891,"{""type"":""MultiPoint"",""coordinates"":[]}"
29863_0,0.105786815,"{""type"":""MultiPoint"",""coordinates"":[]}"
29864_0,0.08540255,"{""type"":""MultiPoint"",""coordinates"":[]}"
29870_0,0.25047827,"{""type"":""MultiPoint"",""coordinates"":[]}"
29872_0,0.2077677,"{""type"":""MultiPoint"",""coordinates"":[]}"
29873_0,0.15003909,"{""type"":""MultiPoint"",""coordinates"":[]}"
29878_0,0.29031333,"{""type"":""MultiPoint"",""coordinates"":[]}"
29881_0,0.351092,"{""type"":""MultiPoint"",""coordinates"":[]}"
29884_0,0.09460962,"{""type"":""MultiPoint"",""coordinates"":[]}"
29886_0,0.19546548,"{""type"":""MultiPoint"",""coordinates"":[]}"
29887_0,0.9868235,"{""type"":""MultiPoint"",""coordinates"":[]}"
29889_0,0.47945124,"{""type"":""MultiPoint"",""coordinates"":[]}"
29891_0,0.097796425,"{""type"":""MultiPoint"",""coordinates"":[]}"
29896_0,0.2595038,"{""type"":""MultiPoint"",""coordinates"":[]}"
29898_0,0.13919297,"{""type"":""MultiPoint"",""coordinates"":[]}"
29901_0,0.08756465,"{""type"":""MultiPoint"",""coordinates"":[]}"
29905_0,0.070046775,"{""type"":""MultiPoint"",""coordinates"":[]}"
29908_0,0.059212394,"{""type"":""MultiPoint"",""coordinates"":[]}"
29911_0,0.29140612,"{""type"":""MultiPoint"",""coordinates"":[]}"
29917_0,0.29140612,"{""type"":""MultiPoint"",""coordinates"":[]}"
29918_0,0.10285099,"{""type"":""MultiPoint"",""coordinates"":[]}"
29920_0,0.42129546,"{""type"":""MultiPoint"",""coordinates"":[]}"
29921_0,0.03387099,"{""type"":""MultiPoint"",""coordinates"":[]}"
29924_0,0.20474204,"{""type"":""MultiPoint"",""coordinates"":[]}"
29926_0,0.02639085,"{""type"":""MultiPoint"",""coordinates"":[]}"
29927_0,0.21419935,"{""type"":""MultiPoint"",""coordinates"":[]}"
29930_0,0.2176055,"{""type"":""MultiPoint"",""coordinates"":[]}"
29932_0,0.17519535,"{""type"":""MultiPoint"",""coordinates"":[]}"
29937_0,0.3392879,"{""type"":""MultiPoint"",""coordinates"":[]}"
29939_0,0.0728517,"{""type"":""MultiPoint"",""coordinates"":[]}"
29941_0,0.0019992588,"{""type"":""MultiPoint"",""coordinates"":[]}"
29944_0,0.09600898,"{""type"":""MultiPoint"",""coordinates"":[]}"
29947_0,0.038098253,"{""type"":""MultiPoint"",""coordinates"":[]}"
29948_0,0.09460962,"{""type"":""MultiPoint"",""coordinates"":[]}"
29949_0,0.050947458,"{""type"":""MultiPoint"",""coordinates"":[]}"
29952_0,0.099711925,"{""type"":""MultiPoint"",""coordinates"":[]}"
29965_0,0.22559902,"{""type"":""MultiPoint"",""coordinates"":[]}"
29966_0,0.9705818,"{""type"":""MultiPoint"",""coordinates"":[]}"
29967_0,0.17636842,"{""type"":""MultiPoint"",""coordinates"":[]}"
29972_0,0.983335,"{""type"":""MultiPoint"",""coordinates"":[]}"
29974_0,0.10162102,"{""type"":""MultiPoint"",""coordinates"":[]}"
29977_0,0.062192984,"{""type"":""MultiPoint"",""coordinates"":[]}"
29983_0,0.10285099,"{""type"":""MultiPoint"",""coordinates"":[]}"
29984_0,0.0039507053,"{""type"":""MultiPoint"",""coordinates"":[]}"
29986_0,0.9407636,"{""type"":""MultiPoint"",""coordinates"":[]}"
29991_0,0.08413358,"{""type"":""MultiPoint"",""coordinates"":[]}"
